composer,filename,source_filename,shift,is_augmented
mozart,Symphony_n39_K543_4mov.mid,Symphony_n39_K543_4mov.mid,0,False
bach,037500b_.mid,037500b_.mid,0,False
bach,032100b_.mid,032100b_.mid,0,False
bach,Bwv0998_Prelude_Fugue_Allegro_for_Lute_2mov.mid,Bwv0998_Prelude_Fugue_Allegro_for_Lute_2mov.mid,0,False
chopin,19_Polish_Songs_for_Solo_Voice_and_Piano_accomplements_No6.mid,19_Polish_Songs_for_Solo_Voice_and_Piano_accomplements_No6.mid,0,False
bach,Bwv0796_Sinfonia_n10.mid,Bwv0796_Sinfonia_n10.mid,0,False
chopin,Waltz_in_Ab_Opposth_Brown21.mid,Waltz_in_Ab_Opposth_Brown21.mid,0,False
chopin,Etude_op10_n02.mid,Etude_op10_n02.mid,0,False
bach,15_Et_Incarnatus__Cricifixus.mid,15_Et_Incarnatus__Cricifixus.mid,0,False
beethoven,Sieben_Bagatellen_in_F_Major_Opus33_No3.mid,Sieben_Bagatellen_in_F_Major_Opus33_No3.mid,0,False
bach,Triple_Fugue_n1.mid,Triple_Fugue_n1.mid,0,False
bach,060800qt.mid,060800qt.mid,0,False
bach,Bwv0561_Fantasie_and_Fuga.mid,Bwv0561_Fantasie_and_Fuga.mid,0,False
bach,008906b_.mid,008906b_.mid,0,False
bach,017206vn.mid,017206vn.mid,0,False
beethoven,Sonatina_Fa_maj_woo.mid,Sonatina_Fa_maj_woo.mid,0,False
chopin,Waltz_op64_n1.mid,Waltz_op64_n1.mid,0,False
beethoven,Minuetto.mid,Minuetto.mid,0,False
bach,Wtcii05b.mid,Wtcii05b.mid,0,False
bach,Bwv1068_Orchestral_suite_n3_Gigue.mid,Bwv1068_Orchestral_suite_n3_Gigue.mid,0,False
mozart,K617_Adagio.mid,K617_Adagio.mid,0,False
bach,024853b5.mid,024853b5.mid,0,False
bach,028400b_.mid,028400b_.mid,0,False
mozart,Symphony_n31_K297_1mov_Paris.mid,Symphony_n31_K297_1mov_Paris.mid,0,False
chopin,Prelude_n02_op28_Presentiment_of_Death.mid,Prelude_n02_op28_Presentiment_of_Death.mid,0,False
beethoven,String_Quartet_n2_op18_n2_2mov.mid,String_Quartet_n2_op18_n2_2mov.mid,0,False
bach,006707b_.mid,006707b_.mid,0,False
beethoven,op089_Polonaise.mid,op089_Polonaise.mid,0,False
bach,Bwv0197.mid,Bwv0197.mid,0,False
mozart,K117_Offertorio_Jubilate_Deo.mid,K117_Offertorio_Jubilate_Deo.mid,0,False
bach,Bwv1068_Orchestral_suite_n3_Bourree.mid,Bwv1068_Orchestral_suite_n3_Bourree.mid,0,False
bach,WT1_6B.mid,WT1_6B.mid,0,False
bach,013906b_.mid,013906b_.mid,0,False
beethoven,Sechs_Variationen.mid,Sechs_Variationen.mid,0,False
bach,036700b_.mid,036700b_.mid,0,False
bach,010107b_.mid,010107b_.mid,0,False
mozart,K626_Requiem_10_Sanctus.mid,K626_Requiem_10_Sanctus.mid,0,False
mozart,K626_Requiem_03_tuba_mirum.mid,K626_Requiem_03_tuba_mirum.mid,0,False
bach,Bwv0116.mid,Bwv0116.mid,0,False
mozart,K280_Piano_sonata_n02_2mov.mid,K280_Piano_sonata_n02_2mov.mid,0,False
bach,Piano_version_of_Bachs_two_part_inventions_No6.mid,Piano_version_of_Bachs_two_part_inventions_No6.mid,0,False
bach,08_Chor_Qui_Tollis.mid,08_Chor_Qui_Tollis.mid,0,False
bach,036400b_.mid,036400b_.mid,0,False
bach,Bwv785_Invention_n14.mid,Bwv785_Invention_n14.mid,0,False
bach,060600b_.mid,060600b_.mid,0,False
bach,030300b_.mid,030300b_.mid,0,False
mozart,K317_Coronation_Mass_3mov.mid,K317_Coronation_Mass_3mov.mid,0,False
bach,031600b_.mid,031600b_.mid,0,False
beethoven,Bagatella_op33_n2.mid,Bagatella_op33_n2.mid,0,False
beethoven,String_Quartet_n1_op18_3mov.mid,String_Quartet_n1_op18_3mov.mid,0,False
mozart,K393_Solfeggi_n3.mid,K393_Solfeggi_n3.mid,0,False
beethoven,Sonata_No14_Op_27_Sonata_Quasi_Una_Fantasia.mid,Sonata_No14_Op_27_Sonata_Quasi_Una_Fantasia.mid,0,False
mozart,Piano_Concerto_n7_for_3_Pianos_K242_1mov_Lodron.mid,Piano_Concerto_n7_for_3_Pianos_K242_1mov_Lodron.mid,0,False
bach,Bwv774_Invention_n03.mid,Bwv774_Invention_n03.mid,0,False
bach,065700b_.mid,065700b_.mid,0,False
beethoven,Piano_Sonata_n14_op27_3mov_Moonlight.mid,Piano_Sonata_n14_op27_3mov_Moonlight.mid,0,False
bach,043200b_.mid,043200b_.mid,0,False
bach,Bwv0207.mid,Bwv0207.mid,0,False
bach,Bwv778_Invention_n07.mid,Bwv778_Invention_n07.mid,0,False
bach,Bwv1005_Violin_Sonata_n3_2mov_Fugue.mid,Bwv1005_Violin_Sonata_n3_2mov_Fugue.mid,0,False
bach,007514b_.mid,007514b_.mid,0,False
bach,040300b_.mid,040300b_.mid,0,False
beethoven,Sonata_No_17_in_D_minor_op_31_No_2__Tempest.mid,Sonata_No_17_in_D_minor_op_31_No_2__Tempest.mid,0,False
beethoven,Piano_Sonata_n21_2mov_Waldstein.mid,Piano_Sonata_n21_2mov_Waldstein.mid,0,False
bach,6Herzliebster_Jesu_Chorus.mid,6Herzliebster_Jesu_Chorus.mid,0,False
bach,Bwv0565_Toccata_and_Fugue_In_Dm_C.mid,Bwv0565_Toccata_and_Fugue_In_Dm_C.mid,0,False
bach,014406b_.mid,014406b_.mid,0,False
beethoven,Sonata_Opus111_C_minor_No2.mid,Sonata_Opus111_C_minor_No2.mid,0,False
bach,Bwv1052_Harpsichord_Concerto_n1_1mov.mid,Bwv1052_Harpsichord_Concerto_n1_1mov.mid,0,False
bach,Bwv0063.mid,Bwv0063.mid,0,False
bach,Piano_version_of_Bachs_two_part_inventions_No3.mid,Piano_version_of_Bachs_two_part_inventions_No3.mid,0,False
bach,034100b_.mid,034100b_.mid,0,False
beethoven,Symphony_op68_n6_Pastorale.mid,Symphony_op68_n6_Pastorale.mid,0,False
bach,015408b_.mid,015408b_.mid,0,False
bach,WT1_XX3B.mid,WT1_XX3B.mid,0,False
mozart,Fantasia_in_C_K475.mid,Fantasia_in_C_K475.mid,0,False
bach,invent12.mid,invent12.mid,0,False
bach,027200b_.mid,027200b_.mid,0,False
beethoven,Piano_Concerto_n3_op37_3mov.mid,Piano_Concerto_n3_op37_3mov.mid,0,False
mozart,K136_Divertimento_3mov.mid,K136_Divertimento_3mov.mid,0,False
bach,015905b_.mid,015905b_.mid,0,False
beethoven,Symphony_n4_4mov.mid,Symphony_n4_4mov.mid,0,False
mozart,K457_Piano_Sonata_n14.mid,K457_Piano_Sonata_n14.mid,0,False
chopin,Prelude_n16_op28_Hades.mid,Prelude_n16_op28_Hades.mid,0,False
bach,04_Chor_Gloria_In_Exelcis.mid,04_Chor_Gloria_In_Exelcis.mid,0,False
bach,018405b_.mid,018405b_.mid,0,False
beethoven,Romance_piano.mid,Romance_piano.mid,0,False
bach,010207b_.mid,010207b_.mid,0,False
bach,006408b_.mid,006408b_.mid,0,False
bach,Bwv0554_Short_Prelude_and_Fugue_n2_Spurious.mid,Bwv0554_Short_Prelude_and_Fugue_n2_Spurious.mid,0,False
bach,042400b_.mid,042400b_.mid,0,False
bach,006704b_.mid,006704b_.mid,0,False
bach,004006b_.mid,004006b_.mid,0,False
bach,Bwv0936_Little_Prelude_n4.mid,Bwv0936_Little_Prelude_n4.mid,0,False
beethoven,String_Quartet_n1_op18_4mov.mid,String_Quartet_n1_op18_4mov.mid,0,False
bach,Bwv0811_English_Suite_n6_7mov.mid,Bwv0811_English_Suite_n6_7mov.mid,0,False
bach,invent3.mid,invent3.mid,0,False
beethoven,Piano_Sonata_n10_1mov.mid,Piano_Sonata_n10_1mov.mid,0,False
bach,WT1_7A.mid,WT1_7A.mid,0,False
bach,039500b_.mid,039500b_.mid,0,False
bach,024454b_.mid,024454b_.mid,0,False
mozart,K618_Ave_Verum_Corpus.mid,K618_Ave_Verum_Corpus.mid,0,False
mozart,Viennese_Sonatinas_K439b_n2_4mov.mid,Viennese_Sonatinas_K439b_n2_4mov.mid,0,False
beethoven,String_Quartet_n16_op135_4mov.mid,String_Quartet_n16_op135_4mov.mid,0,False
chopin,Mazurka_op67_n3_Drchew.mid,Mazurka_op67_n3_Drchew.mid,0,False
bach,Bwv784_Invention_n13.mid,Bwv784_Invention_n13.mid,0,False
bach,Bwv1069_Orchestral_suite_n4_Rejouissance.mid,Bwv1069_Orchestral_suite_n4_Rejouissance.mid,0,False
beethoven,Lieder_op48_n2_Die_Liebe_Des_Nachsten.mid,Lieder_op48_n2_Die_Liebe_Des_Nachsten.mid,0,False
beethoven,Piano_Sonata_n15_3mov_Pastoral.mid,Piano_Sonata_n15_3mov_Pastoral.mid,0,False
bach,invent15.mid,invent15.mid,0,False
mozart,Viennese_Sonatinas_K439b_n2_2mov.mid,Viennese_Sonatinas_K439b_n2_2mov.mid,0,False
bach,007305b_.mid,007305b_.mid,0,False
beethoven,Sonata_Opus81a_-Les_Adieux-_E_flat_No2__3.mid,Sonata_Opus81a_-Les_Adieux-_E_flat_No2__3.mid,0,False
chopin,Nocturne_op33_n4.mid,Nocturne_op33_n4.mid,0,False
chopin,Mazurka_op33_n2_Drchew.mid,Mazurka_op33_n2_Drchew.mid,0,False
beethoven,Piano_Sonata_n15_2mov_Pastoral.mid,Piano_Sonata_n15_2mov_Pastoral.mid,0,False
bach,041700b_.mid,041700b_.mid,0,False
bach,Bwv0794_Sinfonia_n8.mid,Bwv0794_Sinfonia_n8.mid,0,False
bach,Variation_01.mid,Variation_01.mid,0,False
mozart,Symphony_n30_K202_3mov.mid,Symphony_n30_K202_3mov.mid,0,False
chopin,19_Polish_Songs_for_Solo_Voice_and_Piano_accomplements_No8.mid,19_Polish_Songs_for_Solo_Voice_and_Piano_accomplements_No8.mid,0,False
beethoven,Piano_Sonata_n21_3mov_Waldstein.mid,Piano_Sonata_n21_3mov_Waldstein.mid,0,False
bach,041600b_.mid,041600b_.mid,0,False
chopin,Etude_op25_n09.mid,Etude_op25_n09.mid,0,False
beethoven,Symphony_op125_n9_2mov_Choral.mid,Symphony_op125_n9_2mov_Choral.mid,0,False
bach,037900b_.mid,037900b_.mid,0,False
bach,Bwv0048.mid,Bwv0048.mid,0,False
bach,024540b_.mid,024540b_.mid,0,False
mozart,K626_Requiem_06_confutatis.mid,K626_Requiem_06_confutatis.mid,0,False
bach,027300b_.mid,027300b_.mid,0,False
bach,Bwv1068_Orchestral_Suite_n3_2mov.mid,Bwv1068_Orchestral_Suite_n3_2mov.mid,0,False
bach,Bwv0540_Toccata_and_Fugue.mid,Bwv0540_Toccata_and_Fugue.mid,0,False
bach,Variation_16.mid,Variation_16.mid,0,False
bach,038700b_.mid,038700b_.mid,0,False
bach,WT1_X4B.mid,WT1_X4B.mid,0,False
bach,WT1_X8B.mid,WT1_X8B.mid,0,False
mozart,Sonatina_n21_3mov.mid,Sonatina_n21_3mov.mid,0,False
bach,WT1_3B.mid,WT1_3B.mid,0,False
mozart,K191_Bassoon_Concerto_1mov.mid,K191_Bassoon_Concerto_1mov.mid,0,False
bach,Bwv0913_Toccata.mid,Bwv0913_Toccata.mid,0,False
bach,032300b_.mid,032300b_.mid,0,False
bach,Bwv1064_Three_Harpsichords_Concerto_n2_1mov.mid,Bwv1064_Three_Harpsichords_Concerto_n2_1mov.mid,0,False
bach,Bwv0298.mid,Bwv0298.mid,0,False
bach,Bwv0547_Prelude_and_Fugue.mid,Bwv0547_Prelude_and_Fugue.mid,0,False
mozart,Piano_Concerto_n21_K467_2mov_Elvira_Madigan.mid,Piano_Concerto_n21_K467_2mov_Elvira_Madigan.mid,0,False
bach,WT1_8A.mid,WT1_8A.mid,0,False
bach,042600b_.mid,042600b_.mid,0,False
bach,012606b_.mid,012606b_.mid,0,False
mozart,Piano_Sonata_n16_K545.mid,Piano_Sonata_n16_K545.mid,0,False
bach,Bwv0933_Little_Prelude_n1.mid,Bwv0933_Little_Prelude_n1.mid,0,False
bach,Bwv0806_English_Suite_n1_01mov.mid,Bwv0806_English_Suite_n1_01mov.mid,0,False
bach,Bwv1066_Orchestral_suite_n1_Forlane.mid,Bwv1066_Orchestral_suite_n1_Forlane.mid,0,False
bach,bsgjg_h.mid,bsgjg_h.mid,0,False
bach,009906b_.mid,009906b_.mid,0,False
beethoven,Sonata_op78_1st_mov.mid,Sonata_op78_1st_mov.mid,0,False
bach,008606b_.mid,008606b_.mid,0,False
mozart,K19d_Piano_Sonata_Duet.mid,K19d_Piano_Sonata_Duet.mid,0,False
chopin,Prelude_n13_op28_Loss.mid,Prelude_n13_op28_Loss.mid,0,False
beethoven,Piano_Sonata_n23_op57_1mov_Apassionata.mid,Piano_Sonata_n23_op57_1mov_Apassionata.mid,0,False
mozart,K317_Coronation_Mass_1mov.mid,K317_Coronation_Mass_1mov.mid,0,False
mozart,Symphony_n28_K200_4mov.mid,Symphony_n28_K200_4mov.mid,0,False
bach,014907ch.mid,014907ch.mid,0,False
bach,043500b_.mid,043500b_.mid,0,False
bach,064600b_.mid,064600b_.mid,0,False
beethoven,String_Quartet_n16_op135_2mov.mid,String_Quartet_n16_op135_2mov.mid,0,False
bach,011308b_.mid,011308b_.mid,0,False
bach,016606b_.mid,016606b_.mid,0,False
bach,024417bv.mid,024417bv.mid,0,False
bach,025400b_.mid,025400b_.mid,0,False
mozart,Piano_Concerto_n26_K537_2mov_Coronation.mid,Piano_Concerto_n26_K537_2mov_Coronation.mid,0,False
bach,Bwv1014_Harpsicord_and_Violin_Sonata_2mov.mid,Bwv1014_Harpsicord_and_Violin_Sonata_2mov.mid,0,False
mozart,Sonatina_n3_3mov.mid,Sonatina_n3_3mov.mid,0,False
bach,5Erbarme_dicht_mein_Gott_Alto_Aria.mid,5Erbarme_dicht_mein_Gott_Alto_Aria.mid,0,False
mozart,Piano_Sonata_n02_K280.mid,Piano_Sonata_n02_K280.mid,0,False
bach,21_Benedictus.mid,21_Benedictus.mid,0,False
bach,Bwv0797_Sinfonia_n11.mid,Bwv0797_Sinfonia_n11.mid,0,False
bach,036200b_.mid,036200b_.mid,0,False
mozart,K281_Piano_Sonata_n03_1mov.mid,K281_Piano_Sonata_n03_1mov.mid,0,False
bach,Wtcii20b.mid,Wtcii20b.mid,0,False
mozart,K393_Solfeggi_n4.mid,K393_Solfeggi_n4.mid,0,False
bach,Bwv0197ch.mid,Bwv0197ch.mid,0,False
mozart,Piano_Sonata_n10_K330.mid,Piano_Sonata_n10_K330.mid,0,False
mozart,Symphony_n25_K183_2mov.mid,Symphony_n25_K183_2mov.mid,0,False
beethoven,Lieder_op48_n1_Bitten.mid,Lieder_op48_n1_Bitten.mid,0,False
bach,Prelude_and_Fugue_in_A_BWV_888.mid,Prelude_and_Fugue_in_A_BWV_888.mid,0,False
bach,005708b_.mid,005708b_.mid,0,False
mozart,K393_Solfeggi_n5.mid,K393_Solfeggi_n5.mid,0,False
bach,WTCII06A.mid,WTCII06A.mid,0,False
beethoven,Symphony_n3_4mov_Eroica.mid,Symphony_n3_4mov_Eroica.mid,0,False
bach,Bwv1049_Brandenburg_Concert_n4_2mov.mid,Bwv1049_Brandenburg_Concert_n4_2mov.mid,0,False
bach,Bwv776_Invention_n05.mid,Bwv776_Invention_n05.mid,0,False
mozart,K335_Laudate_Dominus.mid,K335_Laudate_Dominus.mid,0,False
bach,006106b_.mid,006106b_.mid,0,False
mozart,Symphony_n35_K385_4mov_Haffner.mid,Symphony_n35_K385_4mov_Haffner.mid,0,False
bach,WT1_1B.mid,WT1_1B.mid,0,False
bach,035300b_.mid,035300b_.mid,0,False
bach,Bwv0555_Short_Prelude_and_Fugue_n3_Spurious.mid,Bwv0555_Short_Prelude_and_Fugue_n3_Spurious.mid,0,False
mozart,K594_Adagio__Allegro_for_Mechanical_Organ.mid,K594_Adagio__Allegro_for_Mechanical_Organ.mid,0,False
bach,041300b_.mid,041300b_.mid,0,False
bach,076904b_.mid,076904b_.mid,0,False
beethoven,Op33_No4.mid,Op33_No4.mid,0,False
bach,Counter_Fugue_n2.mid,Counter_Fugue_n2.mid,0,False
bach,018506b_.mid,018506b_.mid,0,False
bach,011506bv.mid,011506bv.mid,0,False
chopin,Etude_op10_n05_Black_Key.mid,Etude_op10_n05_Black_Key.mid,0,False
beethoven,Overture_Leonore_n3_op72.mid,Overture_Leonore_n3_op72.mid,0,False
mozart,K280_Piano_sonata_n02_3mov.mid,K280_Piano_sonata_n02_3mov.mid,0,False
bach,010806b_.mid,010806b_.mid,0,False
bach,065100b_.mid,065100b_.mid,0,False
bach,10_Aria_Quoniam.mid,10_Aria_Quoniam.mid,0,False
chopin,Etude_op25_n02.mid,Etude_op25_n02.mid,0,False
bach,Bwv0997_Partita_for_Lute_1mov.mid,Bwv0997_Partita_for_Lute_1mov.mid,0,False
mozart,Symphony_n30_K202_4mov.mid,Symphony_n30_K202_4mov.mid,0,False
bach,018707b_.mid,018707b_.mid,0,False
bach,038500b_.mid,038500b_.mid,0,False
beethoven,Piano_Sonata_n01.mid,Piano_Sonata_n01.mid,0,False
bach,004407b_.mid,004407b_.mid,0,False
bach,Bwv0552_Prelude_and_Fugue_St_Anne.mid,Bwv0552_Prelude_and_Fugue_St_Anne.mid,0,False
bach,024462bv.mid,024462bv.mid,0,False
bach,066100b_.mid,066100b_.mid,0,False
chopin,Etude_op10_n03.mid,Etude_op10_n03.mid,0,False
chopin,Etude_op10_n11.mid,Etude_op10_n11.mid,0,False
mozart,Piano_Concerto_n25_K503_2mov.mid,Piano_Concerto_n25_K503_2mov.mid,0,False
bach,Bwv1043_Two_Violins_Concerto_n3_1mov.mid,Bwv1043_Two_Violins_Concerto_n3_1mov.mid,0,False
mozart,Symphony_n38_K504_1mov_Prague.mid,Symphony_n38_K504_1mov_Prague.mid,0,False
bach,024505b_.mid,024505b_.mid,0,False
beethoven,Piano_Sonata_n08_op13_3mov_Pathetique.mid,Piano_Sonata_n08_op13_3mov_Pathetique.mid,0,False
bach,022602bv.mid,022602bv.mid,0,False
bach,Wtcii02b.mid,Wtcii02b.mid,0,False
bach,042700b_.mid,042700b_.mid,0,False
bach,Musical_Offering_n16_Trio-Allegro.mid,Musical_Offering_n16_Trio-Allegro.mid,0,False
chopin,Prelude_n05_op28_Uncertainty.mid,Prelude_n05_op28_Uncertainty.mid,0,False
bach,011007b_.mid,011007b_.mid,0,False
bach,Bwv780_Invention_n09.mid,Bwv780_Invention_n09.mid,0,False
mozart,K04_Minuet_in_F.mid,K04_Minuet_in_F.mid,0,False
bach,Bwv0568_Prelude.mid,Bwv0568_Prelude.mid,0,False
mozart,Early_Pieces_n20_Presto.mid,Early_Pieces_n20_Presto.mid,0,False
bach,006206b_.mid,006206b_.mid,0,False
bach,030000b_.mid,030000b_.mid,0,False
bach,11_Marche.mid,11_Marche.mid,0,False
beethoven,Piano_Sonata_No2_Assai_vivace.mid,Piano_Sonata_No2_Assai_vivace.mid,0,False
bach,Wtcii12b.mid,Wtcii12b.mid,0,False
bach,Variation_22.mid,Variation_22.mid,0,False
beethoven,Piano_Sonata_n20.mid,Piano_Sonata_n20.mid,0,False
chopin,19_Polish_Songs_for_Solo_Voice_and_Piano_accomplements_No14.mid,19_Polish_Songs_for_Solo_Voice_and_Piano_accomplements_No14.mid,0,False
bach,017906b_.mid,017906b_.mid,0,False
bach,Bwv1052_Harpsichord_Concerto_n1b.mid,Bwv1052_Harpsichord_Concerto_n1b.mid,0,False
bach,Bwv0036v.mid,Bwv0036v.mid,0,False
beethoven,Piano_Concerto_n2_op19_1mov.mid,Piano_Concerto_n2_op19_1mov.mid,0,False
bach,Wtcii01a.mid,Wtcii01a.mid,0,False
bach,003706b_.mid,003706b_.mid,0,False
bach,038000b_.mid,038000b_.mid,0,False
beethoven,Hess061_Anglaise.mid,Hess061_Anglaise.mid,0,False
mozart,Symphony_n34_K338_2mov.mid,Symphony_n34_K338_2mov.mid,0,False
bach,065400b_.mid,065400b_.mid,0,False
bach,Bwv1014_Harpsicord_and_Violin_Sonata_3mov.mid,Bwv1014_Harpsicord_and_Violin_Sonata_3mov.mid,0,False
bach,Bwv0915_Toccata.mid,Bwv0915_Toccata.mid,0,False
bach,Piano_version_of_Bachs_two_part_inventions_No12.mid,Piano_version_of_Bachs_two_part_inventions_No12.mid,0,False
bach,invent13.mid,invent13.mid,0,False
bach,022707b_.mid,022707b_.mid,0,False
bach,Bwv0817_French_Suite_n6.mid,Bwv0817_French_Suite_n6.mid,0,False
bach,Wtcii21b.mid,Wtcii21b.mid,0,False
mozart,Symphony_n36_K425_3mov_Linz.mid,Symphony_n36_K425_3mov_Linz.mid,0,False
bach,043300b_.mid,043300b_.mid,0,False
beethoven,Piano_Sonata_n03.mid,Piano_Sonata_n03.mid,0,False
mozart,K309_Piano_Sonata_n10_3mov.mid,K309_Piano_Sonata_n10_3mov.mid,0,False
chopin,Prelude_n21_op28_Sunday.mid,Prelude_n21_op28_Sunday.mid,0,False
chopin,Prelude_n11_op28_Dragonfly.mid,Prelude_n11_op28_Dragonfly.mid,0,False
mozart,Piano_Concerto_n7_for_3_Pianos_K242_2mov_Lodron.mid,Piano_Concerto_n7_for_3_Pianos_K242_2mov_Lodron.mid,0,False
bach,011909b_.mid,011909b_.mid,0,False
bach,007903bs.mid,007903bs.mid,0,False
mozart,Early_Pieces_n14_Rondo.mid,Early_Pieces_n14_Rondo.mid,0,False
bach,014500ba.mid,014500ba.mid,0,False
bach,066800com.mid,066800com.mid,0,False
bach,024823bs.mid,024823bs.mid,0,False
bach,Bwv0541_Prelude_and_Fugue.mid,Bwv0541_Prelude_and_Fugue.mid,0,False
beethoven,136.mid,136.mid,0,False
bach,Variation_11.mid,Variation_11.mid,0,False
bach,02_Menuet.mid,02_Menuet.mid,0,False
mozart,K570_Piano_Sonata_2mov.mid,K570_Piano_Sonata_2mov.mid,0,False
bach,Piano_version_of_Bachs_two_part_inventions_No2.mid,Piano_version_of_Bachs_two_part_inventions_No2.mid,0,False
beethoven,Overture_Creatures_Of_Prometeus_op43.mid,Overture_Creatures_Of_Prometeus_op43.mid,0,False
mozart,K332_Piano_Sonata_n12_1mov.mid,K332_Piano_Sonata_n12_1mov.mid,0,False
beethoven,Symphony_n2_op36_3mov.mid,Symphony_n2_op36_3mov.mid,0,False
bach,Bwv0266.mid,Bwv0266.mid,0,False
mozart,Piano_Concerto_n6_K238_1mov.mid,Piano_Concerto_n6_K238_1mov.mid,0,False
mozart,Symphony_n30_K202_2mov.mid,Symphony_n30_K202_2mov.mid,0,False
bach,Wtcii15b.mid,Wtcii15b.mid,0,False
bach,WT1_X_A.mid,WT1_X_A.mid,0,False
bach,Bwv1063_Three_Harpsichords_Concerto_n1.mid,Bwv1063_Three_Harpsichords_Concerto_n1.mid,0,False
chopin,Etude_op25_n03.mid,Etude_op25_n03.mid,0,False
bach,Musical_Offering_n19.mid,Musical_Offering_n19.mid,0,False
bach,012106b_.mid,012106b_.mid,0,False
bach,043400b_.mid,043400b_.mid,0,False
bach,036300b_.mid,036300b_.mid,0,False
bach,009106b_.mid,009106b_.mid,0,False
bach,038800b_.mid,038800b_.mid,0,False
beethoven,Overture_King_Stephen.mid,Overture_King_Stephen.mid,0,False
bach,bsgjg_i.mid,bsgjg_i.mid,0,False
bach,025300b_.mid,025300b_.mid,0,False
bach,029200b_.mid,029200b_.mid,0,False
bach,03_Kyrie_Eleison.mid,03_Kyrie_Eleison.mid,0,False
beethoven,Sonatina_In_C.mid,Sonatina_In_C.mid,0,False
bach,024805b1.mid,024805b1.mid,0,False
mozart,Piano_Concerto_n20_K466_1mov.mid,Piano_Concerto_n20_K466_1mov.mid,0,False
bach,Musical_Offering_n11.mid,Musical_Offering_n11.mid,0,False
mozart,K525_Serenade_2mov_Eine_Kleine_Natchmusik.mid,K525_Serenade_2mov_Eine_Kleine_Natchmusik.mid,0,False
bach,Bwv1067_Orchestral_suite_n2_Menuet.mid,Bwv1067_Orchestral_suite_n2_Menuet.mid,0,False
bach,Bwv1005_Violin_Sonata_n3_4mov_Allegro.mid,Bwv1005_Violin_Sonata_n3_4mov_Allegro.mid,0,False
bach,022701b_.mid,022701b_.mid,0,False
bach,040400bv.mid,040400bv.mid,0,False
bach,Bwv0276.mid,Bwv0276.mid,0,False
bach,066600b_.mid,066600b_.mid,0,False
bach,Bwv1044_Flute_Violin_and_Harpsichord_Concerto_3mov.mid,Bwv1044_Flute_Violin_and_Harpsichord_Concerto_3mov.mid,0,False
bach,066300b_.mid,066300b_.mid,0,False
bach,Bwv1058_Harpsichord_Concerto_n7_3mov.mid,Bwv1058_Harpsichord_Concerto_n7_3mov.mid,0,False
mozart,K525_Serenade_3mov_Eine_Kleine_Natchmusik.mid,K525_Serenade_3mov_Eine_Kleine_Natchmusik.mid,0,False
chopin,Etude_No2_in_A_Minor.mid,Etude_No2_in_A_Minor.mid,0,False
bach,Bwv0097.mid,Bwv0097.mid,0,False
beethoven,Symphony_op68_n6_1mov_Pastorale.mid,Symphony_op68_n6_1mov_Pastorale.mid,0,False
bach,Bwv1067_Orchestral_suite_n2_Sarabande.mid,Bwv1067_Orchestral_suite_n2_Sarabande.mid,0,False
beethoven,Symphony_n3_2mov_Eroica.mid,Symphony_n3_2mov_Eroica.mid,0,False
beethoven,Piano_Sonata_n31_op110.mid,Piano_Sonata_n31_op110.mid,0,False
bach,Bwv0811_English_Suite_n6_6mov.mid,Bwv0811_English_Suite_n6_6mov.mid,0,False
beethoven,Piano_Sonata_n16.mid,Piano_Sonata_n16.mid,0,False
bach,008107b_.mid,008107b_.mid,0,False
bach,Musical_Offering_n5.mid,Musical_Offering_n5.mid,0,False
mozart,Symphony_n40_K550_2mov.mid,Symphony_n40_K550_2mov.mid,0,False
mozart,Piano_Concerto_n6_K238_3mov.mid,Piano_Concerto_n6_K238_3mov.mid,0,False
bach,039300b_.mid,039300b_.mid,0,False
chopin,Etude_op25_n11_Winter_Wind.mid,Etude_op25_n11_Winter_Wind.mid,0,False
bach,WT1_X6B.mid,WT1_X6B.mid,0,False
beethoven,WoO048_Rondo.mid,WoO048_Rondo.mid,0,False
bach,003806b_.mid,003806b_.mid,0,False
bach,Piano_version_of_Bachs_two_part_inventions_No5.mid,Piano_version_of_Bachs_two_part_inventions_No5.mid,0,False
mozart,Sonatina_n22_4mov.mid,Sonatina_n22_4mov.mid,0,False
bach,004008b_.mid,004008b_.mid,0,False
bach,22_Agnus_Dei.mid,22_Agnus_Dei.mid,0,False
mozart,Symphony_n5_K022.mid,Symphony_n5_K022.mid,0,False
mozart,Symphony_n38_K504_2mov_Prague.mid,Symphony_n38_K504_2mov_Prague.mid,0,False
bach,AveMaria.mid,AveMaria.mid,0,False
mozart,K332_Piano_Sonata_n12_3mov.mid,K332_Piano_Sonata_n12_3mov.mid,0,False
bach,Bwv1058_Harpsichord_Concerto_n7_1mov.mid,Bwv1058_Harpsichord_Concerto_n7_1mov.mid,0,False
beethoven,Bagatella_Fur_Elise.mid,Bagatella_Fur_Elise.mid,0,False
bach,028200b_.mid,028200b_.mid,0,False
bach,024842bs.mid,024842bs.mid,0,False
mozart,Symphony_n25_K183_1mov.mid,Symphony_n25_K183_1mov.mid,0,False
chopin,19_Polish_Songs_for_Solo_Voice_and_Piano_accomplements_No12.mid,19_Polish_Songs_for_Solo_Voice_and_Piano_accomplements_No12.mid,0,False
bach,004807b_.mid,004807b_.mid,0,False
bach,069000b_.mid,069000b_.mid,0,False
bach,013705ch.mid,013705ch.mid,0,False
bach,WTCII08A.mid,WTCII08A.mid,0,False
bach,Bwv0806_English_Suite_n1_04mov.mid,Bwv0806_English_Suite_n1_04mov.mid,0,False
bach,Bwv777_Invention_n06.mid,Bwv777_Invention_n06.mid,0,False
mozart,K330_Piano_Sonata_n10_3mov.mid,K330_Piano_Sonata_n10_3mov.mid,0,False
bach,036600b_.mid,036600b_.mid,0,False
bach,076901b_.mid,076901b_.mid,0,False
bach,013606b_.mid,013606b_.mid,0,False
bach,Bwv0145.mid,Bwv0145.mid,0,False
bach,WTCII18A.mid,WTCII18A.mid,0,False
bach,Piano_version_of_Bachs_two_part_inventions_No1.mid,Piano_version_of_Bachs_two_part_inventions_No1.mid,0,False
bach,037400b_.mid,037400b_.mid,0,False
chopin,Fantasie_Impromptu_op66.mid,Fantasie_Impromptu_op66.mid,0,False
bach,Variation_09.mid,Variation_09.mid,0,False
bach,Bwv1047_Brandenburg_Concert_n2_3mov.mid,Bwv1047_Brandenburg_Concert_n2_3mov.mid,0,False
mozart,Piano_Concerto_n14_K449_2mov.mid,Piano_Concerto_n14_K449_2mov.mid,0,False
bach,WTCII16A.mid,WTCII16A.mid,0,False
bach,011606b_.mid,011606b_.mid,0,False
bach,Bwv1053_Harpsichord_Concerto_n2_1mov.mid,Bwv1053_Harpsichord_Concerto_n2_1mov.mid,0,False
bach,Bwv1005_Violin_Sonata_n3_1mov_Adagio.mid,Bwv1005_Violin_Sonata_n3_1mov_Adagio.mid,0,False
mozart,Symphony_n33_K319_3mov.mid,Symphony_n33_K319_3mov.mid,0,False
chopin,Etude_op10_n10.mid,Etude_op10_n10.mid,0,False
beethoven,Piano_Sonata_n29_Op106_Hammerklavier.mid,Piano_Sonata_n29_Op106_Hammerklavier.mid,0,False
chopin,Nocturne_op37_01.mid,Nocturne_op37_01.mid,0,False
mozart,Symphony_n35_K385_2mov_Haffner.mid,Symphony_n35_K385_2mov_Haffner.mid,0,False
chopin,Prelude_n06_op28_Tolling_Bells.mid,Prelude_n06_op28_Tolling_Bells.mid,0,False
bach,invent2.mid,invent2.mid,0,False
bach,034700b_.mid,034700b_.mid,0,False
beethoven,Symphony_n1_2mov.mid,Symphony_n1_2mov.mid,0,False
beethoven,Piano_Sonata_n23_op57_2mov_Apassionata.mid,Piano_Sonata_n23_op57_2mov_Apassionata.mid,0,False
bach,Bwv0538_Toccata_and_Fugue_Dorian.mid,Bwv0538_Toccata_and_Fugue_Dorian.mid,0,False
bach,031500b_.mid,031500b_.mid,0,False
mozart,K495_Horn_Concerto_n4_1mov.mid,K495_Horn_Concerto_n4_1mov.mid,0,False
bach,WTCII17A.mid,WTCII17A.mid,0,False
bach,Bwv0792_Sinfonia_n6.mid,Bwv0792_Sinfonia_n6.mid,0,False
bach,bsgjg_e.mid,bsgjg_e.mid,0,False
bach,WT1_X5A.mid,WT1_X5A.mid,0,False
bach,WT1_2B.mid,WT1_2B.mid,0,False
bach,WT1_2A.mid,WT1_2A.mid,0,False
mozart,K626_Requiem_kyrie.mid,K626_Requiem_kyrie.mid,0,False
beethoven,Rage_over_a_lost_pennny.mid,Rage_over_a_lost_pennny.mid,0,False
mozart,K284_Piano_Sonata_n06.mid,K284_Piano_Sonata_n06.mid,0,False
bach,030200b_.mid,030200b_.mid,0,False
chopin,Nocturne_op62_n2.mid,Nocturne_op62_n2.mid,0,False
bach,Bwv782_Invention_n11.mid,Bwv782_Invention_n11.mid,0,False
chopin,Etude_Op10_No11.mid,Etude_Op10_No11.mid,0,False
mozart,K331_Piano_Sonata_n11.mid,K331_Piano_Sonata_n11.mid,0,False
bach,014706b_.mid,014706b_.mid,0,False
bach,012606bv.mid,012606bv.mid,0,False
bach,Bwv0531_Prelude_and_Fugue.mid,Bwv0531_Prelude_and_Fugue.mid,0,False
mozart,Symphony_n28_K200_1mov.mid,Symphony_n28_K200_1mov.mid,0,False
bach,013807b_.mid,013807b_.mid,0,False
bach,Bwv1069_Orchestral_suite_n4_Gavotte.mid,Bwv1069_Orchestral_suite_n4_Gavotte.mid,0,False
mozart,K576_Piano_Sonata_n19.mid,K576_Piano_Sonata_n19.mid,0,False
bach,026700ba.mid,026700ba.mid,0,False
bach,Bwv1067_Orchestral_Suite_n2_2mov.mid,Bwv1067_Orchestral_Suite_n2_2mov.mid,0,False
bach,065900b_.mid,065900b_.mid,0,False
mozart,Another_piece_for_PianoK176.mid,Another_piece_for_PianoK176.mid,0,False
bach,011506b_.mid,011506b_.mid,0,False
bach,4Blute_nur_du_liebes_Herz_Soprano_Aria.mid,4Blute_nur_du_liebes_Herz_Soprano_Aria.mid,0,False
bach,033900b_.mid,033900b_.mid,0,False
bach,065500b_.mid,065500b_.mid,0,False
bach,009005b_.mid,009005b_.mid,0,False
beethoven,Overture_Egmont.mid,Overture_Egmont.mid,0,False
chopin,Piano_Concerto_n1_op11_1mov.mid,Piano_Concerto_n1_op11_1mov.mid,0,False
chopin,Piano_Concerto_n2_1mov.mid,Piano_Concerto_n2_1mov.mid,0,False
bach,Wtcii22b.mid,Wtcii22b.mid,0,False
bach,035100b_.mid,035100b_.mid,0,False
beethoven,WoO051_Sonatina_1-2_movs.mid,WoO051_Sonatina_1-2_movs.mid,0,False
bach,007807b_.mid,007807b_.mid,0,False
bach,015606b_.mid,015606b_.mid,0,False
bach,034800b_.mid,034800b_.mid,0,False
beethoven,Lieder_op48_n5_Gottes_Macht_Und_Vorsehung.mid,Lieder_op48_n5_Gottes_Macht_Und_Vorsehung.mid,0,False
chopin,19_Polish_Songs_for_Solo_Voice_and_Piano_accomplements_No5.mid,19_Polish_Songs_for_Solo_Voice_and_Piano_accomplements_No5.mid,0,False
bach,024403b_.mid,024403b_.mid,0,False
bach,024511b_.mid,024511b_.mid,0,False
bach,Musical_Offering_n14.mid,Musical_Offering_n14.mid,0,False
mozart,Early_Pieces_n3_Little_march.mid,Early_Pieces_n3_Little_march.mid,0,False
beethoven,Sieben_Bagatellen_in_E_flat_Major_Opus33_No1.mid,Sieben_Bagatellen_in_E_flat_Major_Opus33_No1.mid,0,False
bach,007607b_.mid,007607b_.mid,0,False
beethoven,Sketch_for_Piano_Alla_Marcia.mid,Sketch_for_Piano_Alla_Marcia.mid,0,False
bach,WT1_XX1B.mid,WT1_XX1B.mid,0,False
mozart,K527_Overture_Don_Giovanni.mid,K527_Overture_Don_Giovanni.mid,0,False
mozart,Symphony_n38_K504_3mov_Prague.mid,Symphony_n38_K504_3mov_Prague.mid,0,False
bach,Bwv0992_Capriccio.mid,Bwv0992_Capriccio.mid,0,False
beethoven,Piano_Sonata_n14_op27_1mov_Moonlight.mid,Piano_Sonata_n14_op27_1mov_Moonlight.mid,0,False
bach,022711b_.mid,022711b_.mid,0,False
bach,Bwv0806_English_Suite_n1_02mov.mid,Bwv0806_English_Suite_n1_02mov.mid,0,False
bach,027600b_.mid,027600b_.mid,0,False
bach,Bwv0551_Prelude_and_Fugue.mid,Bwv0551_Prelude_and_Fugue.mid,0,False
bach,Bwv0798_Sinfonia_n12.mid,Bwv0798_Sinfonia_n12.mid,0,False
bach,Piano_version_of_Bachs_two_part_inventions_No15.mid,Piano_version_of_Bachs_two_part_inventions_No15.mid,0,False
mozart,Symphony_n25_K183_4mov.mid,Symphony_n25_K183_4mov.mid,0,False
beethoven,Fur_Elise.mid,Fur_Elise.mid,0,False
chopin,Nocturne_op15_n3.mid,Nocturne_op15_n3.mid,0,False
bach,Bwv0306v.mid,Bwv0306v.mid,0,False
bach,030800b_.mid,030800b_.mid,0,False
beethoven,Seven_Inversions_of_God_Save_the_King.mid,Seven_Inversions_of_God_Save_the_King.mid,0,False
bach,WT1_5B.mid,WT1_5B.mid,0,False
beethoven,Symphony_n7_4mov.mid,Symphony_n7_4mov.mid,0,False
mozart,K314_Flute_Concerto_n2_1mov.mid,K314_Flute_Concerto_n2_1mov.mid,0,False
bach,005505b_.mid,005505b_.mid,0,False
bach,Bwv1049_Brandenburg_Concert_n4_1mov.mid,Bwv1049_Brandenburg_Concert_n4_1mov.mid,0,False
bach,009408b_.mid,009408b_.mid,0,False
bach,019412b_.mid,019412b_.mid,0,False
beethoven,Lieder_op46_Adelaide.mid,Lieder_op46_Adelaide.mid,0,False
bach,Bwv0997_Partita_for_Lute_3mov.mid,Bwv0997_Partita_for_Lute_3mov.mid,0,False
bach,024437b_.mid,024437b_.mid,0,False
bach,Variation_29.mid,Variation_29.mid,0,False
chopin,Mazurka_op7_n1.mid,Mazurka_op7_n1.mid,0,False
bach,012705b_.mid,012705b_.mid,0,False
beethoven,Piano_Sonata_n05.mid,Piano_Sonata_n05.mid,0,False
beethoven,Sieben_Bagatellen_C_Major_Opus33_No2.mid,Sieben_Bagatellen_C_Major_Opus33_No2.mid,0,False
bach,018806b_.mid,018806b_.mid,0,False
beethoven,Lieder_op99_Der_Mann_Von_Wort.mid,Lieder_op99_Der_Mann_Von_Wort.mid,0,False
bach,004106bs.mid,004106bs.mid,0,False
bach,026100b_.mid,026100b_.mid,0,False
beethoven,Symphony_n7_3mov.mid,Symphony_n7_3mov.mid,0,False
bach,037100b_.mid,037100b_.mid,0,False
mozart,K357_Piano_Sonata_4_Hands.mid,K357_Piano_Sonata_4_Hands.mid,0,False
bach,043600b_.mid,043600b_.mid,0,False
beethoven,Lieder_op82_n1_Dimmi_Den_Mio_Che_Mi_Ami.mid,Lieder_op82_n1_Dimmi_Den_Mio_Che_Mi_Ami.mid,0,False
bach,029700b_.mid,029700b_.mid,0,False
beethoven,Piano_Concerto_n3_op37_2mov.mid,Piano_Concerto_n3_op37_2mov.mid,0,False
bach,032500b_.mid,032500b_.mid,0,False
bach,015804b_.mid,015804b_.mid,0,False
bach,040700b_.mid,040700b_.mid,0,False
bach,Bwv0530_Sonate_en_trio_n6.mid,Bwv0530_Sonate_en_trio_n6.mid,0,False
beethoven,Bagatella_op33_n4.mid,Bagatella_op33_n4.mid,0,False
bach,Wtcii07b.mid,Wtcii07b.mid,0,False
bach,20_Osanna.mid,20_Osanna.mid,0,False
bach,Bwv1046_Brandenburg_Concert_n1_1mov.mid,Bwv1046_Brandenburg_Concert_n1_1mov.mid,0,False
bach,031700b_.mid,031700b_.mid,0,False
bach,3Gebt_mir_meinen_Jesum_weider_Bass_Aria.mid,3Gebt_mir_meinen_Jesum_weider_Bass_Aria.mid,0,False
bach,12_Polonaise.mid,12_Polonaise.mid,0,False
mozart,Symphony_n29_K201_1mov.mid,Symphony_n29_K201_1mov.mid,0,False
bach,Bwv0733_Fuga_Sopra_Magnificat.mid,Bwv0733_Fuga_Sopra_Magnificat.mid,0,False
bach,009106ch.mid,009106ch.mid,0,False
mozart,K354_Piano_Variations_Je_Suis_Lindor.mid,K354_Piano_Variations_Je_Suis_Lindor.mid,0,False
bach,Bwv0806_English_Suite_n1_08mov.mid,Bwv0806_English_Suite_n1_08mov.mid,0,False
bach,034200b_.mid,034200b_.mid,0,False
bach,Bwv1005_Violin_Sonata_n3_3mov_Largo.mid,Bwv1005_Violin_Sonata_n3_3mov_Largo.mid,0,False
bach,Bwv1067_Orchestral_Suite_n2_3mov.mid,Bwv1067_Orchestral_Suite_n2_3mov.mid,0,False
beethoven,Piano_Concerto_n4_op58_2mov.mid,Piano_Concerto_n4_op58_2mov.mid,0,False
bach,Wtcii11a.mid,Wtcii11a.mid,0,False
bach,Bwv786_Invention_n15.mid,Bwv786_Invention_n15.mid,0,False
bach,010306b_.mid,010306b_.mid,0,False
bach,WT1_X7A.mid,WT1_X7A.mid,0,False
bach,042300b_.mid,042300b_.mid,0,False
bach,Prelude_and_Fugue_in_C_Sharp_BWV_872.mid,Prelude_and_Fugue_in_C_Sharp_BWV_872.mid,0,False
beethoven,Bagatella_op33_n3.mid,Bagatella_op33_n3.mid,0,False
beethoven,Piano_Sonata_n14_op27_2mov_Moonlight.mid,Piano_Sonata_n14_op27_2mov_Moonlight.mid,0,False
mozart,Symphony_n30_K202_1mov.mid,Symphony_n30_K202_1mov.mid,0,False
bach,Bwv0791_Sinfonia_n5.mid,Bwv0791_Sinfonia_n5.mid,0,False
bach,030600b_.mid,030600b_.mid,0,False
mozart,Symphony_n31_K297_2mov_Paris.mid,Symphony_n31_K297_2mov_Paris.mid,0,False
bach,010406b_.mid,010406b_.mid,0,False
bach,007011b_.mid,007011b_.mid,0,False
bach,024537b_.mid,024537b_.mid,0,False
chopin,19_Polish_Songs_for_Solo_Voice_and_Piano_accomplements_No13.mid,19_Polish_Songs_for_Solo_Voice_and_Piano_accomplements_No13.mid,0,False
bach,Bwv0788_Sinfonia_n2.mid,Bwv0788_Sinfonia_n2.mid,0,False
bach,035900b_.mid,035900b_.mid,0,False
mozart,Piano_Sonata_n18_K570.mid,Piano_Sonata_n18_K570.mid,0,False
bach,Piano_version_of_Bachs_two_part_inventions_No.mid,Piano_version_of_Bachs_two_part_inventions_No.mid,0,False
bach,Bwv1046_aSinfonia_h.mid,Bwv1046_aSinfonia_h.mid,0,False
bach,034500b_.mid,034500b_.mid,0,False
bach,bsgjg_f.mid,bsgjg_f.mid,0,False
chopin,Etude_op10_n07.mid,Etude_op10_n07.mid,0,False
chopin,Nocturne_op32_n1.mid,Nocturne_op32_n1.mid,0,False
bach,011407b_.mid,011407b_.mid,0,False
bach,Bwv1066_Orchestral_suite_n1_Gavotte.mid,Bwv1066_Orchestral_suite_n1_Gavotte.mid,0,False
bach,Bwv1087_14_Canons.mid,Bwv1087_14_Canons.mid,0,False
bach,017507b_.mid,017507b_.mid,0,False
beethoven,Symphony_op125_n9_1mov_Choral.mid,Symphony_op125_n9_1mov_Choral.mid,0,False
bach,Bwv0532_Toccata_and_Fugue.mid,Bwv0532_Toccata_and_Fugue.mid,0,False
bach,025000b_.mid,025000b_.mid,0,False
bach,066000b_.mid,066000b_.mid,0,False
bach,008305b_.mid,008305b_.mid,0,False
bach,022602b_.mid,022602b_.mid,0,False
bach,Bwv1055_Harpsichord_Concerto_n4_3mov.mid,Bwv1055_Harpsichord_Concerto_n4_3mov.mid,0,False
bach,Bwv1067_Orchestral_Suite_n2_7mov.mid,Bwv1067_Orchestral_Suite_n2_7mov.mid,0,False
bach,Bwv775_Invention_n04.mid,Bwv775_Invention_n04.mid,0,False
beethoven,Symphony_op125_n9_4mov_Choral.mid,Symphony_op125_n9_4mov_Choral.mid,0,False
beethoven,Hess057_Bagatella.mid,Hess057_Bagatella.mid,0,False
mozart,Symphony_n25_K183_3mov.mid,Symphony_n25_K183_3mov.mid,0,False
bach,WT1_8B.mid,WT1_8B.mid,0,False
bach,Bwv0558_Short_Prelude_and_Fugue_n6_Spurious.mid,Bwv0558_Short_Prelude_and_Fugue_n6_Spurious.mid,0,False
chopin,Prelude_n19_op28.mid,Prelude_n19_op28.mid,0,False
chopin,Scherzo_No2_Opus31.mid,Scherzo_No2_Opus31.mid,0,False
bach,Bwv1051_Brandenburg_Concert_n6_3mov.mid,Bwv1051_Brandenburg_Concert_n6_3mov.mid,0,False
chopin,Barcarolle_in_F_sharp_Major.mid,Barcarolle_in_F_sharp_Major.mid,0,False
chopin,Etude_op10_n06.mid,Etude_op10_n06.mid,0,False
bach,025100b_.mid,025100b_.mid,0,False
bach,Bwv1047_Brandenburg_Concert_n2_1mov.mid,Bwv1047_Brandenburg_Concert_n2_1mov.mid,0,False
mozart,K401_Fuga_in_G_minor.mid,K401_Fuga_in_G_minor.mid,0,False
bach,WTCII02A.mid,WTCII02A.mid,0,False
bach,040900b_.mid,040900b_.mid,0,False
bach,09_Aria_Qui_Sedes.mid,09_Aria_Qui_Sedes.mid,0,False
mozart,K333_Piano_Sonata_n13_2mov.mid,K333_Piano_Sonata_n13_2mov.mid,0,False
bach,WT1_X4A.mid,WT1_X4A.mid,0,False
bach,025700b_.mid,025700b_.mid,0,False
mozart,K521_Piano_Sonata_4_Hands.mid,K521_Piano_Sonata_4_Hands.mid,0,False
bach,043700b_.mid,043700b_.mid,0,False
bach,039200b_.mid,039200b_.mid,0,False
bach,WT1_XX_B.mid,WT1_XX_B.mid,0,False
bach,Wtcii10b.mid,Wtcii10b.mid,0,False
bach,029800b_.mid,029800b_.mid,0,False
bach,033000b_.mid,033000b_.mid,0,False
bach,Musical_Offering_n13.mid,Musical_Offering_n13.mid,0,False
bach,bsgjg_c.mid,bsgjg_c.mid,0,False
bach,Musical_Offering_n9_Ricercare_a_6.mid,Musical_Offering_n9_Ricercare_a_6.mid,0,False
bach,bsgjg_l.mid,bsgjg_l.mid,0,False
beethoven,Piano_Concerto_n2_op19_2mov.mid,Piano_Concerto_n2_op19_2mov.mid,0,False
bach,010406bv.mid,010406bv.mid,0,False
bach,027900b_.mid,027900b_.mid,0,False
chopin,19_Polish_Songs_for_Solo_Voice_and_Piano_accomplements_No2.mid,19_Polish_Songs_for_Solo_Voice_and_Piano_accomplements_No2.mid,0,False
bach,Musical_Offering_n15_Trio-Largo.mid,Musical_Offering_n15_Trio-Largo.mid,0,False
bach,Bwv1068_Orchestral_suite_n3_Gavotte.mid,Bwv1068_Orchestral_suite_n3_Gavotte.mid,0,False
bach,WT1_X_B.mid,WT1_X_B.mid,0,False
bach,008707b_.mid,008707b_.mid,0,False
bach,014001b_.mid,014001b_.mid,0,False
bach,030100b_.mid,030100b_.mid,0,False
bach,069400b_.mid,069400b_.mid,0,False
bach,041400b_.mid,041400b_.mid,0,False
beethoven,op077_Fantaisie.mid,op077_Fantaisie.mid,0,False
bach,Variation_21.mid,Variation_21.mid,0,False
beethoven,Symphony_n2_op36_4mov.mid,Symphony_n2_op36_4mov.mid,0,False
mozart,Early_Pieces_n10_Air.mid,Early_Pieces_n10_Air.mid,0,False
beethoven,Piano_Concerto_No5Mov1.mid,Piano_Concerto_No5Mov1.mid,0,False
mozart,Symphony_n36_K425_1mov_Linz.mid,Symphony_n36_K425_1mov_Linz.mid,0,False
bach,016806b_.mid,016806b_.mid,0,False
bach,Bwv1055_Harpsichord_Concerto_n4_1mov.mid,Bwv1055_Harpsichord_Concerto_n4_1mov.mid,0,False
bach,034300b_.mid,034300b_.mid,0,False
bach,033100b_.mid,033100b_.mid,0,False
bach,003907b_.mid,003907b_.mid,0,False
bach,Bwv03624.mid,Bwv03624.mid,0,False
bach,032900b_.mid,032900b_.mid,0,False
bach,Bwv1042_Violin_Concerto_n2_2mov.mid,Bwv1042_Violin_Concerto_n2_2mov.mid,0,False
bach,Variation_17.mid,Variation_17.mid,0,False
bach,016506b_.mid,016506b_.mid,0,False
bach,Bwv772_Invention_n01.mid,Bwv772_Invention_n01.mid,0,False
mozart,K309_Piano_Sonata_n10_1mov.mid,K309_Piano_Sonata_n10_1mov.mid,0,False
bach,041000b_.mid,041000b_.mid,0,False
mozart,Contradance_n2.mid,Contradance_n2.mid,0,False
chopin,Sonata_op35_n3.mid,Sonata_op35_n3.mid,0,False
bach,Musical_Offering_n7.mid,Musical_Offering_n7.mid,0,False
chopin,Prelude_n15_op28_Raindrop.mid,Prelude_n15_op28_Raindrop.mid,0,False
bach,031200b_.mid,031200b_.mid,0,False
bach,040600b_.mid,040600b_.mid,0,False
mozart,K279_Piano_sonata_n01_2mov.mid,K279_Piano_sonata_n01_2mov.mid,0,False
mozart,K545_Piano_Sonata.mid,K545_Piano_Sonata.mid,0,False
bach,009507b_.mid,009507b_.mid,0,False
bach,024812b2.mid,024812b2.mid,0,False
bach,024429bb.mid,024429bb.mid,0,False
chopin,Prelude_n17_op28_Scene_On_the_Place_of_Notre_Dame.mid,Prelude_n17_op28_Scene_On_the_Place_of_Notre_Dame.mid,0,False
bach,WT1_9A.mid,WT1_9A.mid,0,False
bach,025900b_.mid,025900b_.mid,0,False
chopin,Piano_Concerto_n1_op11_2mov.mid,Piano_Concerto_n1_op11_2mov.mid,0,False
chopin,19_Polish_Songs_for_Solo_Voice_and_Piano_accomplements_No16.mid,19_Polish_Songs_for_Solo_Voice_and_Piano_accomplements_No16.mid,0,False
beethoven,Sonatina_op33_4mov.mid,Sonatina_op33_4mov.mid,0,False
beethoven,WoO060_Mouvement_Pour_Piano.mid,WoO060_Mouvement_Pour_Piano.mid,0,False
chopin,Etude_op10_n12_Revolutionary.mid,Etude_op10_n12_Revolutionary.mid,0,False
bach,027400b_.mid,027400b_.mid,0,False
bach,WT1_XX1A.mid,WT1_XX1A.mid,0,False
beethoven,Piano_Sonata_No27__3rd_mov.mid,Piano_Sonata_No27__3rd_mov.mid,0,False
bach,Variation_13.mid,Variation_13.mid,0,False
mozart,K05_Minuet_for_Harpsichord.mid,K05_Minuet_for_Harpsichord.mid,0,False
bach,024415bv.mid,024415bv.mid,0,False
bach,007007b_.mid,007007b_.mid,0,False
beethoven,Bagatella_op33_n1.mid,Bagatella_op33_n1.mid,0,False
bach,Bwv0298ch.mid,Bwv0298ch.mid,0,False
bach,Bwv802_Four_Inventions_Duettos_Clavier-U_bung_III_n1.mid,Bwv802_Four_Inventions_Duettos_Clavier-U_bung_III_n1.mid,0,False
bach,010107bv.mid,010107bv.mid,0,False
bach,040500b_.mid,040500b_.mid,0,False
bach,031800b_.mid,031800b_.mid,0,False
bach,Variation_08.mid,Variation_08.mid,0,False
beethoven,WoO086_Scotish.mid,WoO086_Scotish.mid,0,False
mozart,K393_Solfeggi_n2.mid,K393_Solfeggi_n2.mid,0,False
bach,Bwv1069_Orchestral_Suite_n4_4mov.mid,Bwv1069_Orchestral_Suite_n4_4mov.mid,0,False
bach,Bwv1042_Violin_Concerto_n2_3mov.mid,Bwv1042_Violin_Concerto_n2_3mov.mid,0,False
beethoven,Symphony_n1_4mov.mid,Symphony_n1_4mov.mid,0,False
bach,031900b_.mid,031900b_.mid,0,False
beethoven,Piano_Sonata_n27.mid,Piano_Sonata_n27.mid,0,False
bach,Bwv1051_Brandenburg_Concert_n6_1mov.mid,Bwv1051_Brandenburg_Concert_n6_1mov.mid,0,False
bach,Bwv1048_Brandenburg_Concert_n3_1mov_B.mid,Bwv1048_Brandenburg_Concert_n3_1mov_B.mid,0,False
bach,032600b_.mid,032600b_.mid,0,False
bach,024842b4.mid,024842b4.mid,0,False
bach,034900b_.mid,034900b_.mid,0,False
mozart,Early_Pieces_n5_Country_Dance.mid,Early_Pieces_n5_Country_Dance.mid,0,False
bach,Bwv0582_Passacaglia_and_Fugue_Orchestral.mid,Bwv0582_Passacaglia_and_Fugue_Orchestral.mid,0,False
beethoven,Symphony_op93_n8_4mov.mid,Symphony_op93_n8_4mov.mid,0,False
beethoven,Piano_Sonata_n30.mid,Piano_Sonata_n30.mid,0,False
bach,040800b_.mid,040800b_.mid,0,False
bach,WT1_X9B.mid,WT1_X9B.mid,0,False
bach,Wtcii13b.mid,Wtcii13b.mid,0,False
bach,037200b_.mid,037200b_.mid,0,False
bach,Bwv0806_English_Suite_n1_05mov.mid,Bwv0806_English_Suite_n1_05mov.mid,0,False
bach,Wtcii23b.mid,Wtcii23b.mid,0,False
bach,Wtcii24b.mid,Wtcii24b.mid,0,False
bach,043100b_.mid,043100b_.mid,0,False
bach,invent8.mid,invent8.mid,0,False
bach,Bwv0998_Prelude_Fugue_Allegro_for_Lute_3mov.mid,Bwv0998_Prelude_Fugue_Allegro_for_Lute_3mov.mid,0,False
bach,026800b_.mid,026800b_.mid,0,False
bach,025500b_.mid,025500b_.mid,0,False
beethoven,Sonata_Opus111_C_minor_No1.mid,Sonata_Opus111_C_minor_No1.mid,0,False
beethoven,String_Quartet_n16_op135_3mov.mid,String_Quartet_n16_op135_3mov.mid,0,False
bach,033200b_.mid,033200b_.mid,0,False
bach,Bwv1041_Violin_Concerto_n1_3mov.mid,Bwv1041_Violin_Concerto_n1_3mov.mid,0,False
beethoven,Symphony_n5_op67_1mov.mid,Symphony_n5_op67_1mov.mid,0,False
chopin,Nocturne_op15_n2.mid,Nocturne_op15_n2.mid,0,False
bach,Bwv1050_Brandenburg_Concert_n5_1-2-3movs.mid,Bwv1050_Brandenburg_Concert_n5_1-2-3movs.mid,0,False
bach,015301b_.mid,015301b_.mid,0,False
bach,026500b_.mid,026500b_.mid,0,False
bach,017206b_.mid,017206b_.mid,0,False
mozart,Adagio_in_B_flat.mid,Adagio_in_B_flat.mid,0,False
mozart,K314_Flute_Concerto_n2_3mov.mid,K314_Flute_Concerto_n2_3mov.mid,0,False
bach,039800b_.mid,039800b_.mid,0,False
bach,039600b_.mid,039600b_.mid,0,False
mozart,Symphony_n35_K385_1mov_Haffner.mid,Symphony_n35_K385_1mov_Haffner.mid,0,False
bach,Bwv0563_Fantasie_con_imitation.mid,Bwv0563_Fantasie_con_imitation.mid,0,False
mozart,K333_Piano_Sonata_n13_3mov.mid,K333_Piano_Sonata_n13_3mov.mid,0,False
chopin,Impromptu_n3_op51.mid,Impromptu_n3_op51.mid,0,False
bach,7Ko_nnen_Tra_nen_meiner_Wangen_nichts_erlangen_Alto_Aria.mid,7Ko_nnen_Tra_nen_meiner_Wangen_nichts_erlangen_Alto_Aria.mid,0,False
bach,Variation_07.mid,Variation_07.mid,0,False
bach,Unfinished_Fugue.mid,Unfinished_Fugue.mid,0,False
bach,030500b_.mid,030500b_.mid,0,False
bach,invent5.mid,invent5.mid,0,False
bach,026300b_.mid,026300b_.mid,0,False
mozart,Piano_Sonata_n19_K576.mid,Piano_Sonata_n19_K576.mid,0,False
chopin,Etude_op10_n01.mid,Etude_op10_n01.mid,0,False
bach,Bwv0306.mid,Bwv0306.mid,0,False
bach,006206bv.mid,006206bv.mid,0,False
bach,017206ch.mid,017206ch.mid,0,False
beethoven,Sketch_for_Piano_Allegretto.mid,Sketch_for_Piano_Allegretto.mid,0,False
chopin,Nocturne_op33_n2.mid,Nocturne_op33_n2.mid,0,False
chopin,19_Polish_Songs_for_Solo_Voice_and_Piano_accomplements_No9.mid,19_Polish_Songs_for_Solo_Voice_and_Piano_accomplements_No9.mid,0,False
bach,Bwv1067_Orchestral_Suite_n2_1mov.mid,Bwv1067_Orchestral_Suite_n2_1mov.mid,0,False
bach,008405b_.mid,008405b_.mid,0,False
beethoven,Hess074_Bagatella.mid,Hess074_Bagatella.mid,0,False
bach,Bwv1066_Orchestral_suite_n1_Bouree.mid,Bwv1066_Orchestral_suite_n1_Bouree.mid,0,False
bach,030700b_.mid,030700b_.mid,0,False
bach,036000b_.mid,036000b_.mid,0,False
bach,Piano_version_of_Bachs_two_part_inventions_No7.mid,Piano_version_of_Bachs_two_part_inventions_No7.mid,0,False
beethoven,Piano_Concerto_n5_op73_1mov_Emperor.mid,Piano_Concerto_n5_op73_1mov_Emperor.mid,0,False
bach,038200b_.mid,038200b_.mid,0,False
bach,Bwv1049_Brandenburg_Concert_n4_3mov.mid,Bwv1049_Brandenburg_Concert_n4_3mov.mid,0,False
bach,012406b_.mid,012406b_.mid,0,False
bach,Bwv1054_Harpsichord_Concerto_n3_1mov.mid,Bwv1054_Harpsichord_Concerto_n3_1mov.mid,0,False
mozart,Symphony_n22_K162_1mov.mid,Symphony_n22_K162_1mov.mid,0,False
chopin,Etude_op25_n07.mid,Etude_op25_n07.mid,0,False
beethoven,Piano_Sonata_n17_Tempestat.mid,Piano_Sonata_n17_Tempestat.mid,0,False
bach,032400b_.mid,032400b_.mid,0,False
mozart,Symphony_n39_K543_1mov.mid,Symphony_n39_K543_1mov.mid,0,False
beethoven,WoO061_Mouvement_Pour_Piano.mid,WoO061_Mouvement_Pour_Piano.mid,0,False
bach,Bwv1052_Harpsichord_Concerto_n1_3mov.mid,Bwv1052_Harpsichord_Concerto_n1_3mov.mid,0,False
bach,05_Aria_For_Soprano.mid,05_Aria_For_Soprano.mid,0,False
chopin,Prelude_n04_op28_Suffocation.mid,Prelude_n04_op28_Suffocation.mid,0,False
bach,Bwv0136.mid,Bwv0136.mid,0,False
mozart,Piano_Concerto_n23_K488_3mov.mid,Piano_Concerto_n23_K488_3mov.mid,0,False
mozart,Piano_Sonata_n06_K284.mid,Piano_Sonata_n06_K284.mid,0,False
bach,WT1_X1A.mid,WT1_X1A.mid,0,False
beethoven,WoO049_Rondo.mid,WoO049_Rondo.mid,0,False
bach,1Bass_Aria.mid,1Bass_Aria.mid,0,False
bach,012506b_.mid,012506b_.mid,0,False
bach,12_Chor_Credo_In_Unum_Deum.mid,12_Chor_Credo_In_Unum_Deum.mid,0,False
mozart,Symphony_n36_K425_2mov_Linz.mid,Symphony_n36_K425_2mov_Linz.mid,0,False
beethoven,Lieder_op48_n6_Busslied.mid,Lieder_op48_n6_Busslied.mid,0,False
bach,WTCII12A.mid,WTCII12A.mid,0,False
bach,035000b_.mid,035000b_.mid,0,False
mozart,K398_Piano_Variations_Salve_Tu_Domine.mid,K398_Piano_Variations_Salve_Tu_Domine.mid,0,False
bach,066700b_.mid,066700b_.mid,0,False
bach,040000b_.mid,040000b_.mid,0,False
bach,Bwv1066_Orchestral_Suite_n1_1mov.mid,Bwv1066_Orchestral_Suite_n1_1mov.mid,0,False
bach,Bwv0811_English_Suite_n6_2mov.mid,Bwv0811_English_Suite_n6_2mov.mid,0,False
beethoven,String_Quartet_n2_op18_n2_1mov.mid,String_Quartet_n2_op18_n2_1mov.mid,0,False
mozart,K280_Piano_sonata_n02_1mov.mid,K280_Piano_sonata_n02_1mov.mid,0,False
bach,007614b_.mid,007614b_.mid,0,False
bach,Wtcii19b.mid,Wtcii19b.mid,0,False
bach,Musical_Offering_n2_Canon_Perpetuus.mid,Musical_Offering_n2_Canon_Perpetuus.mid,0,False
bach,Bwv1048_Brandenburg_Concert_n3_2-3movs.mid,Bwv1048_Brandenburg_Concert_n3_2-3movs.mid,0,False
bach,006402b_.mid,006402b_.mid,0,False
mozart,Symphony_n40_K550_3mov.mid,Symphony_n40_K550_3mov.mid,0,False
bach,Bwv0793_Sinfonia_n7.mid,Bwv0793_Sinfonia_n7.mid,0,False
bach,026200b_.mid,026200b_.mid,0,False
mozart,Piano_Sonata_n11_K331.mid,Piano_Sonata_n11_K331.mid,0,False
bach,030900b_.mid,030900b_.mid,0,False
chopin,Prelude_n22_op28_Impatience.mid,Prelude_n22_op28_Impatience.mid,0,False
mozart,K361_Serenade_n10_3mov.mid,K361_Serenade_n10_3mov.mid,0,False
bach,Bwv0806_English_Suite_n1_03mov.mid,Bwv0806_English_Suite_n1_03mov.mid,0,False
mozart,K622_Clarinet_Concerto_3mov.mid,K622_Clarinet_Concerto_3mov.mid,0,False
bach,022902b_.mid,022902b_.mid,0,False
bach,WT1_X6A.mid,WT1_X6A.mid,0,False
beethoven,Piano_Concerto_n2_op19_3mov.mid,Piano_Concerto_n2_op19_3mov.mid,0,False
mozart,Early_Pieces_n6_Llittle_minuet.mid,Early_Pieces_n6_Llittle_minuet.mid,0,False
mozart,Piano_Concerto_n16_K451_3mov.mid,Piano_Concerto_n16_K451_3mov.mid,0,False
mozart,K279_Piano_sonata_n01_3mov.mid,K279_Piano_sonata_n01_3mov.mid,0,False
beethoven,Piano_Sonata_n21_1mov_Waldstein.mid,Piano_Sonata_n21_1mov_Waldstein.mid,0,False
bach,Bwv0916_Toccata.mid,Bwv0916_Toccata.mid,0,False
mozart,K546_Adagio__Fugue_for_Strings.mid,K546_Adagio__Fugue_for_Strings.mid,0,False
mozart,K626_Requiem_12_agnus_dei.mid,K626_Requiem_12_agnus_dei.mid,0,False
mozart,Piano_Concerto_n18_K456_3mov_Paradis.mid,Piano_Concerto_n18_K456_3mov_Paradis.mid,0,False
bach,Musical_Offering_n3.mid,Musical_Offering_n3.mid,0,False
chopin,Revolutionary.mid,Revolutionary.mid,0,False
bach,Variation_05.mid,Variation_05.mid,0,False
bach,11_Chor_Cum_Sancto.mid,11_Chor_Cum_Sancto.mid,0,False
chopin,Nocturne_No1_Opus62.mid,Nocturne_No1_Opus62.mid,0,False
bach,Wtcii04b.mid,Wtcii04b.mid,0,False
bach,WTCII14A.mid,WTCII14A.mid,0,False
bach,073300b_.mid,073300b_.mid,0,False
bach,WT1_X1B.mid,WT1_X1B.mid,0,False
beethoven,32_Variations_on_a_theme.mid,32_Variations_on_a_theme.mid,0,False
bach,14_Polonaise.mid,14_Polonaise.mid,0,False
bach,Variation_30.mid,Variation_30.mid,0,False
beethoven,Piano_sonata_n26_Les_Adieux.mid,Piano_sonata_n26_Les_Adieux.mid,0,False
chopin,Etude_No7_in_C_Major_Opus10_No7.mid,Etude_No7_in_C_Major_Opus10_No7.mid,0,False
bach,Bwv1066_Orchestral_Suite_n1_7mov.mid,Bwv1066_Orchestral_Suite_n1_7mov.mid,0,False
beethoven,Piano_Sonata_n07.mid,Piano_Sonata_n07.mid,0,False
bach,Bwv0544_Prelude_and_Fugue.mid,Bwv0544_Prelude_and_Fugue.mid,0,False
bach,012008ba.mid,012008ba.mid,0,False
bach,065800b_.mid,065800b_.mid,0,False
bach,024859b6.mid,024859b6.mid,0,False
bach,Variation_20.mid,Variation_20.mid,0,False
mozart,K381_Piano_Sonata_4_Hands.mid,K381_Piano_Sonata_4_Hands.mid,0,False
bach,Bwv1058_Harpsichord_Concerto_n7_2mov.mid,Bwv1058_Harpsichord_Concerto_n7_2mov.mid,0,False
bach,035500b_.mid,035500b_.mid,0,False
mozart,K497_Piano_Sonata_4_Hands.mid,K497_Piano_Sonata_4_Hands.mid,0,False
bach,Wtcii10a.mid,Wtcii10a.mid,0,False
bach,Variation_28.mid,Variation_28.mid,0,False
bach,Bwv0560_Short_Prelude_and_Fugue_n8_Spurious.mid,Bwv0560_Short_Prelude_and_Fugue_n8_Spurious.mid,0,False
bach,Bwv0806_English_Suite_n1_09mov.mid,Bwv0806_English_Suite_n1_09mov.mid,0,False
bach,Bwv0539_Prelude_and_Fugue.mid,Bwv0539_Prelude_and_Fugue.mid,0,False
bach,Prelude_from_Sonata_n6.mid,Prelude_from_Sonata_n6.mid,0,False
bach,011205b_.mid,011205b_.mid,0,False
beethoven,Lieder_op48_n4_Die_Ehre_Gottes_Aus_Der_Natur.mid,Lieder_op48_n4_Die_Ehre_Gottes_Aus_Der_Natur.mid,0,False
bach,Bwv0938_Little_Prelude_n6.mid,Bwv0938_Little_Prelude_n6.mid,0,False
mozart,K622_Clarinet_Concerto_1mov.mid,K622_Clarinet_Concerto_1mov.mid,0,False
bach,Bwv1066_Orchestral_suite_n1_Overture.mid,Bwv1066_Orchestral_suite_n1_Overture.mid,0,False
bach,042200b_.mid,042200b_.mid,0,False
beethoven,Symphony_n2_op36_2mov.mid,Symphony_n2_op36_2mov.mid,0,False
bach,033400b_.mid,033400b_.mid,0,False
mozart,K495_Horn_Concerto_n4_3mov.mid,K495_Horn_Concerto_n4_3mov.mid,0,False
bach,Bwv0036.mid,Bwv0036.mid,0,False
bach,064700b_.mid,064700b_.mid,0,False
bach,009307b_.mid,009307b_.mid,0,False
bach,17_Bass_Aria_Et_In_Spritum.mid,17_Bass_Aria_Et_In_Spritum.mid,0,False
mozart,K620_Overture_The_Magic_Flute.mid,K620_Overture_The_Magic_Flute.mid,0,False
bach,Variation_24.mid,Variation_24.mid,0,False
mozart,K393_Solfeggi_n1.mid,K393_Solfeggi_n1.mid,0,False
chopin,Prelude_n01_op28_Reunion.mid,Prelude_n01_op28_Reunion.mid,0,False
bach,Wtcii11b.mid,Wtcii11b.mid,0,False
mozart,Piano_Concerto_n23_K488_1mov.mid,Piano_Concerto_n23_K488_1mov.mid,0,False
bach,Toccata_and_Fugue_in_D_minor_BWV_565_Busoni_Piano_Arr.mid,Toccata_and_Fugue_in_D_minor_BWV_565_Busoni_Piano_Arr.mid,0,False
bach,Bwv0549_Prelude_and_Fugue.mid,Bwv0549_Prelude_and_Fugue.mid,0,False
bach,Musical_Offering_n8.mid,Musical_Offering_n8.mid,0,False
bach,Variation_15.mid,Variation_15.mid,0,False
bach,Variation_27.mid,Variation_27.mid,0,False
bach,Variation_26.mid,Variation_26.mid,0,False
bach,10_Menuet.mid,10_Menuet.mid,0,False
bach,012306b_.mid,012306b_.mid,0,False
beethoven,Piano_Sonata_n10_2mov.mid,Piano_Sonata_n10_2mov.mid,0,False
bach,039700b_.mid,039700b_.mid,0,False
chopin,19_Polish_Songs_for_Solo_Voice_and_Piano_accomplements_No19.mid,19_Polish_Songs_for_Solo_Voice_and_Piano_accomplements_No19.mid,0,False
bach,Bwv018a5.mid,Bwv018a5.mid,0,False
bach,015105b_.mid,015105b_.mid,0,False
chopin,Winter_wind_etude.mid,Winter_wind_etude.mid,0,False
bach,069100orn.mid,069100orn.mid,0,False
mozart,K332_Piano_Sonata_n12_2mov.mid,K332_Piano_Sonata_n12_2mov.mid,0,False
bach,009207b_.mid,009207b_.mid,0,False
chopin,Waltz_op70_n2.mid,Waltz_op70_n2.mid,0,False
mozart,Piano_Concerto_n26_K537_1mov_Coronation.mid,Piano_Concerto_n26_K537_1mov_Coronation.mid,0,False
bach,Variation_00_Aria.mid,Variation_00_Aria.mid,0,False
bach,Simple_Fugue_Inverted_Subject_n1.mid,Simple_Fugue_Inverted_Subject_n1.mid,0,False
mozart,Viennese_Sonatinas_K439b_n2_1mov.mid,Viennese_Sonatinas_K439b_n2_1mov.mid,0,False
bach,WTCII23A.mid,WTCII23A.mid,0,False
bach,Bwv1041_Violin_Concerto_n1_2mov.mid,Bwv1041_Violin_Concerto_n1_2mov.mid,0,False
bach,036500b_.mid,036500b_.mid,0,False
bach,Bwv0806_English_Suite_n1_07mov.mid,Bwv0806_English_Suite_n1_07mov.mid,0,False
bach,024828b3.mid,024828b3.mid,0,False
beethoven,134.mid,134.mid,0,False
bach,13_Marche.mid,13_Marche.mid,0,False
mozart,Viennese_Sonatinas_K439b_n2_3mov.mid,Viennese_Sonatinas_K439b_n2_3mov.mid,0,False
beethoven,Piano_Concerto_No5Mov3.mid,Piano_Concerto_No5Mov3.mid,0,False
beethoven,Piano_Concerto_n3_op37_1mov.mid,Piano_Concerto_n3_op37_1mov.mid,0,False
mozart,Early_Pieces_n18_Little_Song.mid,Early_Pieces_n18_Little_Song.mid,0,False
bach,109100b_.mid,109100b_.mid,0,False
bach,027800b_.mid,027800b_.mid,0,False
bach,Bwv1014_Harpsicord_and_Violin_Sonata_1mov.mid,Bwv1014_Harpsicord_and_Violin_Sonata_1mov.mid,0,False
chopin,Sonata_No3_2nd_Mov_Scherzo.mid,Sonata_No3_2nd_Mov_Scherzo.mid,0,False
bach,014806b_.mid,014806b_.mid,0,False
bach,Bwv0057.mid,Bwv0057.mid,0,False
bach,bsgjg_b.mid,bsgjg_b.mid,0,False
bach,Bwv1053_Harpsichord_Concerto_n2_3mov.mid,Bwv1053_Harpsichord_Concerto_n2_3mov.mid,0,False
bach,065200b_.mid,065200b_.mid,0,False
chopin,Etude_op25_n05.mid,Etude_op25_n05.mid,0,False
mozart,K622_Clarinet_Concerto_2mov.mid,K622_Clarinet_Concerto_2mov.mid,0,False
chopin,Sonata_op35_n2.mid,Sonata_op35_n2.mid,0,False
bach,073800b_.mid,073800b_.mid,0,False
mozart,Piano_Concerto_n12_K414_1mov.mid,Piano_Concerto_n12_K414_1mov.mid,0,False
bach,02_Christe_Eleison.mid,02_Christe_Eleison.mid,0,False
beethoven,Sonata_for_Piano__Cello_n2_op05.mid,Sonata_for_Piano__Cello_n2_op05.mid,0,False
bach,005605b_.mid,005605b_.mid,0,False
mozart,Piano_Concerto_n17_K453_3mov.mid,Piano_Concerto_n17_K453_3mov.mid,0,False
bach,015403b_.mid,015403b_.mid,0,False
bach,024515B_.mid,024515B_.mid,0,False
bach,031400b_.mid,031400b_.mid,0,False
bach,WT1_X8A.mid,WT1_X8A.mid,0,False
bach,Bwv0535_Prelude_and_Fugue.mid,Bwv0535_Prelude_and_Fugue.mid,0,False
bach,Bwv1057_Harpsichord_Concerto_n6_3mov.mid,Bwv1057_Harpsichord_Concerto_n6_3mov.mid,0,False
bach,Piano_version_of_Bachs_two_part_inventions_No4.mid,Piano_version_of_Bachs_two_part_inventions_No4.mid,0,False
bach,Bwv1062_Two_Harpsichords_Concerto_n3.mid,Bwv1062_Two_Harpsichords_Concerto_n3.mid,0,False
bach,040100b_.mid,040100b_.mid,0,False
bach,Bwv1067_Orchestral_suite_n2_Rondeau.mid,Bwv1067_Orchestral_suite_n2_Rondeau.mid,0,False
beethoven,Opus045_Three_Grandes_Marches.mid,Opus045_Three_Grandes_Marches.mid,0,False
mozart,Piano_Concerto_n20_K466_2mov.mid,Piano_Concerto_n20_K466_2mov.mid,0,False
beethoven,Piano_Sonata_n19.mid,Piano_Sonata_n19.mid,0,False
bach,bsgjg_a.mid,bsgjg_a.mid,0,False
bach,024864qt.mid,024864qt.mid,0,False
bach,033800b_.mid,033800b_.mid,0,False
beethoven,String_Quartet_n2_op18_n2_3mov.mid,String_Quartet_n2_op18_n2_3mov.mid,0,False
beethoven,13.mid,13.mid,0,False
beethoven,Piano_Sonata_n06.mid,Piano_Sonata_n06.mid,0,False
bach,10Wir_setzen_uns_mit_Tra_nen_nieder_Chorus.mid,10Wir_setzen_uns_mit_Tra_nen_nieder_Chorus.mid,0,False
mozart,Piano_Concerto_n7_for_3_Pianos_K242_3mov_Lodron.mid,Piano_Concerto_n7_for_3_Pianos_K242_3mov_Lodron.mid,0,False
bach,Bwv1066_Orchestral_suite_n1_Passpied.mid,Bwv1066_Orchestral_suite_n1_Passpied.mid,0,False
bach,Bwv02011.mid,Bwv02011.mid,0,False
bach,06_Chor_Gratias_Animus_Tibi.mid,06_Chor_Gratias_Animus_Tibi.mid,0,False
bach,042000b_.mid,042000b_.mid,0,False
beethoven,Piano_Sonata_n09.mid,Piano_Sonata_n09.mid,0,False
mozart,Piano_Concerto_n8_K246_1mov.mid,Piano_Concerto_n8_K246_1mov.mid,0,False
bach,014505b_.mid,014505b_.mid,0,False
bach,Variation_19.mid,Variation_19.mid,0,False
chopin,Prelude_n18_op28_Suicide.mid,Prelude_n18_op28_Suicide.mid,0,False
bach,042500b_.mid,042500b_.mid,0,False
bach,Bwv1053_Harpsichord_Concerto_n2_2mov.mid,Bwv1053_Harpsichord_Concerto_n2_2mov.mid,0,False
bach,Bwv0795_Sinfonia_n9.mid,Bwv0795_Sinfonia_n9.mid,0,False
bach,Bwv1057_Harpsichord_Concerto_n6_2mov.mid,Bwv1057_Harpsichord_Concerto_n6_2mov.mid,0,False
beethoven,WoO083_Six_Escotish_Dances_for_Piano.mid,WoO083_Six_Escotish_Dances_for_Piano.mid,0,False
bach,17_Polonaise.mid,17_Polonaise.mid,0,False
beethoven,Piano_Sonata_n15_Pastoral.mid,Piano_Sonata_n15_Pastoral.mid,0,False
bach,Bwv0127.mid,Bwv0127.mid,0,False
bach,Bwv1069_Orchestral_suite_n4_Overture.mid,Bwv1069_Orchestral_suite_n4_Overture.mid,0,False
bach,Bwv1066_Orchestral_Suite_n1_6mov.mid,Bwv1066_Orchestral_Suite_n1_6mov.mid,0,False
bach,Bwv1069_Orchestral_suite_n4_Menuet.mid,Bwv1069_Orchestral_suite_n4_Menuet.mid,0,False
bach,Bwv0594_Vivaldi_Concerto_Arrangement_RV208.mid,Bwv0594_Vivaldi_Concerto_Arrangement_RV208.mid,0,False
beethoven,Rondo_Opus51_No1.mid,Rondo_Opus51_No1.mid,0,False
bach,031000b_.mid,031000b_.mid,0,False
mozart,Piano_Concerto_n20_K466_3mov.mid,Piano_Concerto_n20_K466_3mov.mid,0,False
beethoven,Piano_Romance__No50.mid,Piano_Romance__No50.mid,0,False
bach,024415b_.mid,024415b_.mid,0,False
bach,012905b_.mid,012905b_.mid,0,False
chopin,Etude_op25_n01_Harp_Etude.mid,Etude_op25_n01_Harp_Etude.mid,0,False
bach,009801b_.mid,009801b_.mid,0,False
mozart,K427_Great_Mass_1mov.mid,K427_Great_Mass_1mov.mid,0,False
bach,Canon_Fugue_n3.mid,Canon_Fugue_n3.mid,0,False
mozart,Symphony_n39_K543_3mov.mid,Symphony_n39_K543_3mov.mid,0,False
bach,006906bav.mid,006906bav.mid,0,False
bach,Bwv0527_Sonate_en_trio_n3.mid,Bwv0527_Sonate_en_trio_n3.mid,0,False
bach,Musical_Offering_n12.mid,Musical_Offering_n12.mid,0,False
chopin,Tarantella.mid,Tarantella.mid,0,False
mozart,Fantasia_in_D_K397.mid,Fantasia_in_D_K397.mid,0,False
beethoven,Piano_Sonatina_in_G_Op79.mid,Piano_Sonatina_in_G_Op79.mid,0,False
bach,Bwv1066_Orchestral_suite_n1_Menuet.mid,Bwv1066_Orchestral_suite_n1_Menuet.mid,0,False
bach,066500b_.mid,066500b_.mid,0,False
chopin,Prelude_n07_op28_The_Polish_Dance.mid,Prelude_n07_op28_The_Polish_Dance.mid,0,False
bach,Bwv0336.mid,Bwv0336.mid,0,False
mozart,K317_Coronation_Mass_5mov.mid,K317_Coronation_Mass_5mov.mid,0,False
bach,9O_Haupt_voll_Blut_und_Wunden_Chorus.mid,9O_Haupt_voll_Blut_und_Wunden_Chorus.mid,0,False
bach,064900b_.mid,064900b_.mid,0,False
chopin,Etude_op_10-5_Black_keys.mid,Etude_op_10-5_Black_keys.mid,0,False
mozart,K191_Bassoon_Concerto_3mov.mid,K191_Bassoon_Concerto_3mov.mid,0,False
mozart,K330_Piano_Sonata_n10_1mov.mid,K330_Piano_Sonata_n10_1mov.mid,0,False
mozart,K626_Requiem_05_Recordare.mid,K626_Requiem_05_Recordare.mid,0,False
mozart,Piano_Sonata_n07_K309.mid,Piano_Sonata_n07_K309.mid,0,False
bach,Counter_Fugue_n1.mid,Counter_Fugue_n1.mid,0,False
bach,bsgjg_j.mid,bsgjg_j.mid,0,False
bach,026400b_.mid,026400b_.mid,0,False
chopin,19_Polish_Songs_for_Solo_Voice_and_Piano_accomplements_No3.mid,19_Polish_Songs_for_Solo_Voice_and_Piano_accomplements_No3.mid,0,False
mozart,Piano_Concerto_n18_K456_1mov_Paradis.mid,Piano_Concerto_n18_K456_1mov_Paradis.mid,0,False
bach,Bwv0801_Sinfonia_n15.mid,Bwv0801_Sinfonia_n15.mid,0,False
beethoven,Symphony_op93_n8_2mov.mid,Symphony_op93_n8_2mov.mid,0,False
bach,Bwv1046_Brandenburg_Concert_n1_3mov.mid,Bwv1046_Brandenburg_Concert_n1_3mov.mid,0,False
beethoven,Symphony_op125_n9_3mov_Choral.mid,Symphony_op125_n9_3mov_Choral.mid,0,False
bach,Wtcii24a.mid,Wtcii24a.mid,0,False
mozart,K492_Overture_Le_Nozze_di_Figaro.mid,K492_Overture_Le_Nozze_di_Figaro.mid,0,False
bach,Musical_Offering_n4.mid,Musical_Offering_n4.mid,0,False
mozart,Piano_Sonata_n01_K279.mid,Piano_Sonata_n01_K279.mid,0,False
bach,035200b_.mid,035200b_.mid,0,False
bach,014505bv.mid,014505bv.mid,0,False
bach,029500b_.mid,029500b_.mid,0,False
bach,Bwv1067_Orchestral_suite_n2_Polonais.mid,Bwv1067_Orchestral_suite_n2_Polonais.mid,0,False
beethoven,Rondo_in_B_flat.mid,Rondo_in_B_flat.mid,0,False
bach,Jesu_Joy_of_Man_Desiring.mid,Jesu_Joy_of_Man_Desiring.mid,0,False
chopin,Etude_No1.mid,Etude_No1.mid,0,False
bach,024817b2.mid,024817b2.mid,0,False
bach,Bwv779_Invention_n08.mid,Bwv779_Invention_n08.mid,0,False
chopin,Nocturne_No15_in_F_Minor_Opus55_-1.mid,Nocturne_No15_in_F_Minor_Opus55_-1.mid,0,False
bach,Simple_Fugue_Inverted_Subject_n2.mid,Simple_Fugue_Inverted_Subject_n2.mid,0,False
bach,006906ba.mid,006906ba.mid,0,False
mozart,Contradance_n3.mid,Contradance_n3.mid,0,False
bach,035700b_.mid,035700b_.mid,0,False
bach,014403b_.mid,014403b_.mid,0,False
bach,bsgjg_g.mid,bsgjg_g.mid,0,False
bach,007206b_.mid,007206b_.mid,0,False
bach,WT1_1A.mid,WT1_1A.mid,0,False
chopin,Piano_Concerto_n2_2mov.mid,Piano_Concerto_n2_2mov.mid,0,False
mozart,Contradance_n1.mid,Contradance_n1.mid,0,False
bach,Piano_version_of_Bachs_two_part_inventions_No8.mid,Piano_version_of_Bachs_two_part_inventions_No8.mid,0,False
bach,WT1_X7B.mid,WT1_X7B.mid,0,False
mozart,K331_Piano_sonata_n11_3mov.mid,K331_Piano_sonata_n11_3mov.mid,0,False
bach,Variation_04.mid,Variation_04.mid,0,False
bach,013006b_.mid,013006b_.mid,0,False
mozart,Symphony_n40_K550_1mov.mid,Symphony_n40_K550_1mov.mid,0,False
chopin,Etude_op25_n04.mid,Etude_op25_n04.mid,0,False
chopin,Etude_op25_n08.mid,Etude_op25_n08.mid,0,False
beethoven,March_No3.mid,March_No3.mid,0,False
mozart,K570_Piano_Sonata_3mov.mid,K570_Piano_Sonata_3mov.mid,0,False
bach,026600b_.mid,026600b_.mid,0,False
bach,Bwv0016.mid,Bwv0016.mid,0,False
beethoven,Piano_Sonata_n28.mid,Piano_Sonata_n28.mid,0,False
bach,Bwv0556_Short_Prelude_and_Fugue_n4_Spurious.mid,Bwv0556_Short_Prelude_and_Fugue_n4_Spurious.mid,0,False
chopin,Grande_Waltz_op18.mid,Grande_Waltz_op18.mid,0,False
chopin,Nocturne_op09_n2.mid,Nocturne_op09_n2.mid,0,False
bach,Bwv0026.mid,Bwv0026.mid,0,False
bach,Bwv0811_English_Suite_n6_3mov.mid,Bwv0811_English_Suite_n6_3mov.mid,0,False
bach,029000b_.mid,029000b_.mid,0,False
mozart,A_piece_for_PianoK176.mid,A_piece_for_PianoK176.mid,0,False
bach,037300bv.mid,037300bv.mid,0,False
bach,013506b_.mid,013506b_.mid,0,False
bach,Triple_Fugue_n2.mid,Triple_Fugue_n2.mid,0,False
bach,004311b_.mid,004311b_.mid,0,False
mozart,Symphony_n28_K200_2mov.mid,Symphony_n28_K200_2mov.mid,0,False
bach,Bwv1042_Violin_Concerto_n2_1mov.mid,Bwv1042_Violin_Concerto_n2_1mov.mid,0,False
chopin,Nocturne_op27_n1.mid,Nocturne_op27_n1.mid,0,False
bach,Tocatto_No1_in_F_Sharp_Minor_BWV_910.mid,Tocatto_No1_in_F_Sharp_Minor_BWV_910.mid,0,False
mozart,K525_Serenade_4mov_Eine_Kleine_Natchmusik.mid,K525_Serenade_4mov_Eine_Kleine_Natchmusik.mid,0,False
bach,Simple_Fugue_Regular_Subject_n2.mid,Simple_Fugue_Regular_Subject_n2.mid,0,False
bach,15_Musette.mid,15_Musette.mid,0,False
bach,Bwv0533_Prelude_and_Fugue.mid,Bwv0533_Prelude_and_Fugue.mid,0,False
bach,13_Chor_Patrem_Omnipotentem.mid,13_Chor_Patrem_Omnipotentem.mid,0,False
beethoven,WoO055_Prelude.mid,WoO055_Prelude.mid,0,False
bach,WT1_XX_A.mid,WT1_XX_A.mid,0,False
bach,invent14.mid,invent14.mid,0,False
bach,004803b_.mid,004803b_.mid,0,False
beethoven,Piano_Sonata_n22.mid,Piano_Sonata_n22.mid,0,False
beethoven,Piano_Sonata_No27.mid,Piano_Sonata_No27.mid,0,False
bach,011704v1.mid,011704v1.mid,0,False
bach,008008b_.mid,008008b_.mid,0,False
bach,16_Et_Ressurexit.mid,16_Et_Ressurexit.mid,0,False
bach,Bwv1068_Orchestral_Suite_n3_5mov.mid,Bwv1068_Orchestral_Suite_n3_5mov.mid,0,False
bach,039000b_.mid,039000b_.mid,0,False
bach,016406b_.mid,016406b_.mid,0,False
bach,033600b_.mid,033600b_.mid,0,False
bach,008506b_.mid,008506b_.mid,0,False
bach,Bwv0997_Partita_for_Lute_5mov.mid,Bwv0997_Partita_for_Lute_5mov.mid,0,False
mozart,K626_Requiem_02_rextremendae.mid,K626_Requiem_02_rextremendae.mid,0,False
bach,Bwv001.mid,Bwv001.mid,0,False
beethoven,Piano_Sonata_n08_op13_2mov_Pathetique.mid,Piano_Sonata_n08_op13_2mov_Pathetique.mid,0,False
bach,076902b_.mid,076902b_.mid,0,False
beethoven,String_Quartet_n1_op18_1mov.mid,String_Quartet_n1_op18_1mov.mid,0,False
bach,Bwv1066_Orchestral_Suite_n1_2mov.mid,Bwv1066_Orchestral_Suite_n1_2mov.mid,0,False
bach,031300b_.mid,031300b_.mid,0,False
bach,Bwv0529_Sonate_en_trio_n5.mid,Bwv0529_Sonate_en_trio_n5.mid,0,False
bach,WTCII05A.mid,WTCII05A.mid,0,False
bach,024835b3.mid,024835b3.mid,0,False
bach,Bwv1067_Orchestral_Suite_n2_6mov.mid,Bwv1067_Orchestral_Suite_n2_6mov.mid,0,False
bach,011106b_.mid,011106b_.mid,0,False
bach,Wtcii18b.mid,Wtcii18b.mid,0,False
mozart,Piano_Concerto_n25_K503_3mov.mid,Piano_Concerto_n25_K503_3mov.mid,0,False
beethoven,Sieben_Bagatellen_in_D_Major_Opus33_No6.mid,Sieben_Bagatellen_in_D_Major_Opus33_No6.mid,0,False
beethoven,String_Quartet_n16_op135_1mov.mid,String_Quartet_n16_op135_1mov.mid,0,False
chopin,Nocturne_No18_in_E_Major_Op62.mid,Nocturne_No18_in_E_Major_Op62.mid,0,False
mozart,Piano_Sonata_n05_K283.mid,Piano_Sonata_n05_K283.mid,0,False
chopin,Ballad_op53.mid,Ballad_op53.mid,0,False
bach,Bwv0789_Sinfonia_n3.mid,Bwv0789_Sinfonia_n3.mid,0,False
bach,Bwv0911_Toccata.mid,Bwv0911_Toccata.mid,0,False
bach,WTCII04A.mid,WTCII04A.mid,0,False
bach,028900b_.mid,028900b_.mid,0,False
beethoven,Symphony_n4_3mov.mid,Symphony_n4_3mov.mid,0,False
bach,024462b_.mid,024462b_.mid,0,False
mozart,K339_Vesperae_solemnes_de_confessore_Vespers_1mov_Dixit_Dominus.mid,K339_Vesperae_solemnes_de_confessore_Vespers_1mov_Dixit_Dominus.mid,0,False
chopin,19_Polish_Songs_for_Solo_Voice_and_Piano_accomplements_No15.mid,19_Polish_Songs_for_Solo_Voice_and_Piano_accomplements_No15.mid,0,False
bach,Prelude_and_Fugue_in_D.mid,Prelude_and_Fugue_in_D.mid,0,False
bach,031100b_.mid,031100b_.mid,0,False
chopin,2542Prelude_opus28_No16_in_B_flat_minor.mid,2542Prelude_opus28_No16_in_B_flat_minor.mid,0,False
bach,028300b_.mid,028300b_.mid,0,False
bach,Musical_Offering_n10.mid,Musical_Offering_n10.mid,0,False
bach,Canon_Fugue_n1.mid,Canon_Fugue_n1.mid,0,False
bach,006507b_.mid,006507b_.mid,0,False
bach,Variation_03.mid,Variation_03.mid,0,False
mozart,K03_Allegro_in_Bb.mid,K03_Allegro_in_Bb.mid,0,False
bach,034400b_.mid,034400b_.mid,0,False
bach,041900b_.mid,041900b_.mid,0,False
bach,Wtcii01b.mid,Wtcii01b.mid,0,False
beethoven,Symphony_n5_op67_3-4mov.mid,Symphony_n5_op67_3-4mov.mid,0,False
beethoven,Sonatina_n1_op05.mid,Sonatina_n1_op05.mid,0,False
mozart,K525_Serenade_1mov_Eine_Kleine_Natchmusik.mid,K525_Serenade_1mov_Eine_Kleine_Natchmusik.mid,0,False
chopin,Finale_to_B_Minor_Paino_Sonata.mid,Finale_to_B_Minor_Paino_Sonata.mid,0,False
mozart,Piano_Sonata_n09_K310.mid,Piano_Sonata_n09_K310.mid,0,False
bach,019710b_.mid,019710b_.mid,0,False
beethoven,Rondo_Opus51_No2.mid,Rondo_Opus51_No2.mid,0,False
bach,Variation_18.mid,Variation_18.mid,0,False
bach,Bwv0077.mid,Bwv0077.mid,0,False
mozart,Symphony_n33_K319_1mov.mid,Symphony_n33_K319_1mov.mid,0,False
beethoven,Piano_Sonata_No_28_in_B_flat_-Hammerklavier-_Op106_2nd_Mov_Scherzo.mid,Piano_Sonata_No_28_in_B_flat_-Hammerklavier-_Op106_2nd_Mov_Scherzo.mid,0,False
beethoven,op051_3_Rondos.mid,op051_3_Rondos.mid,0,False
mozart,K608_Fantasia_for_Mechanical_Organ.mid,K608_Fantasia_for_Mechanical_Organ.mid,0,False
mozart,Early_Pieces_n17_Siciliano.mid,Early_Pieces_n17_Siciliano.mid,0,False
chopin,Etude_op25_n06.mid,Etude_op25_n06.mid,0,False
bach,029900b_.mid,029900b_.mid,0,False
beethoven,Violin_Concerto_op61_1mov.mid,Violin_Concerto_op61_1mov.mid,0,False
chopin,Nocturne_op37_n2.mid,Nocturne_op37_n2.mid,0,False
bach,Bwv1043_Two_Violins_Concerto_n3_2mov.mid,Bwv1043_Two_Violins_Concerto_n3_2mov.mid,0,False
bach,Bwv0566_Prelude_and_Fugue.mid,Bwv0566_Prelude_and_Fugue.mid,0,False
bach,033300b_.mid,033300b_.mid,0,False
beethoven,83.mid,83.mid,0,False
bach,035800b_.mid,035800b_.mid,0,False
bach,Wtcii17b.mid,Wtcii17b.mid,0,False
chopin,Prelude_n20_op28_Funeral_March.mid,Prelude_n20_op28_Funeral_March.mid,0,False
bach,040900bv.mid,040900bv.mid,0,False
chopin,Prelude_n14_op28_Fear.mid,Prelude_n14_op28_Fear.mid,0,False
mozart,Symphony_n22_K162_3mov.mid,Symphony_n22_K162_3mov.mid,0,False
chopin,Ecossaise_No2_in_G.mid,Ecossaise_No2_in_G.mid,0,False
bach,Wtcii16b.mid,Wtcii16b.mid,0,False
mozart,K626_Requiem_08_offertorio_domine_jesu.mid,K626_Requiem_08_offertorio_domine_jesu.mid,0,False
bach,018007b_.mid,018007b_.mid,0,False
bach,Bwv0906_Fantasia_and_Fugue.mid,Bwv0906_Fantasia_and_Fugue.mid,0,False
chopin,19_Polish_Songs_for_Solo_Voice_and_Piano_accomplements_No17.mid,19_Polish_Songs_for_Solo_Voice_and_Piano_accomplements_No17.mid,0,False
beethoven,Andante_in_F_Major.mid,Andante_in_F_Major.mid,0,False
bach,013702b_.mid,013702b_.mid,0,False
bach,Bwv1067_Orchestral_Suite_n2_4mov.mid,Bwv1067_Orchestral_Suite_n2_4mov.mid,0,False
bach,Bwv0185.mid,Bwv0185.mid,0,False
bach,024864b6.mid,024864b6.mid,0,False
bach,WT1_X2A.mid,WT1_X2A.mid,0,False
bach,Piano_version_of_Bachs_two_part_inventions_No9.mid,Piano_version_of_Bachs_two_part_inventions_No9.mid,0,False
bach,024528b_.mid,024528b_.mid,0,False
bach,024514b_.mid,024514b_.mid,0,False
bach,19_Sanctus.mid,19_Sanctus.mid,0,False
chopin,Ballade_No2_in_F_Major.mid,Ballade_No2_in_F_Major.mid,0,False
bach,028100b_.mid,028100b_.mid,0,False
chopin,Nocturne_op09_n3.mid,Nocturne_op09_n3.mid,0,False
bach,WT1_X5B.mid,WT1_X5B.mid,0,False
mozart,Early_Pieces_n19_Giga.mid,Early_Pieces_n19_Giga.mid,0,False
bach,Bwv0914_Toccata.mid,Bwv0914_Toccata.mid,0,False
beethoven,Symphony_op68_n6_2mov_Pastorale.mid,Symphony_op68_n6_2mov_Pastorale.mid,0,False
bach,Variation_02.mid,Variation_02.mid,0,False
chopin,Sonata_No3_1st_Mov_Allegro.mid,Sonata_No3_1st_Mov_Allegro.mid,0,False
bach,038300b_.mid,038300b_.mid,0,False
mozart,Early_Pieces_n1_Andante.mid,Early_Pieces_n1_Andante.mid,0,False
bach,Bwv0177.mid,Bwv0177.mid,0,False
bach,024432b_.mid,024432b_.mid,0,False
bach,01_Menuet.mid,01_Menuet.mid,0,False
mozart,Symphony_n34_K338_1mov.mid,Symphony_n34_K338_1mov.mid,0,False
bach,028800b_.mid,028800b_.mid,0,False
bach,016106b_.mid,016106b_.mid,0,False
bach,011704v2.mid,011704v2.mid,0,False
mozart,K573_9_Variations_for_Piano_Uber_Duport.mid,K573_9_Variations_for_Piano_Uber_Duport.mid,0,False
bach,Bwv0565_Toccata_and_Fugue_In_Dm_A.mid,Bwv0565_Toccata_and_Fugue_In_Dm_A.mid,0,False
bach,029300b_.mid,029300b_.mid,0,False
beethoven,Piano_Concerto_n5_op73_2-3mov_Emperor.mid,Piano_Concerto_n5_op73_2-3mov_Emperor.mid,0,False
bach,Bwv1068_Orchestral_Suite_n3_4mov.mid,Bwv1068_Orchestral_Suite_n3_4mov.mid,0,False
mozart,K626_Requiem_04_Dies_Irae.mid,K626_Requiem_04_Dies_Irae.mid,0,False
beethoven,Overture_Leonore_n2_op72.mid,Overture_Leonore_n2_op72.mid,0,False
bach,029400b_.mid,029400b_.mid,0,False
bach,030400b_.mid,030400b_.mid,0,False
mozart,K317_Coronation_Mass_6mov.mid,K317_Coronation_Mass_6mov.mid,0,False
bach,041200b_.mid,041200b_.mid,0,False
bach,Bwv1068_Orchestral_Suite_n3_3mov.mid,Bwv1068_Orchestral_Suite_n3_3mov.mid,0,False
mozart,K136_Divertimento_2mov.mid,K136_Divertimento_2mov.mid,0,False
bach,Variation_06.mid,Variation_06.mid,0,False
mozart,Piano_Sonata_n03_K281.mid,Piano_Sonata_n03_K281.mid,0,False
bach,Variation_10.mid,Variation_10.mid,0,False
bach,038900b_.mid,038900b_.mid,0,False
bach,007011ch.mid,007011ch.mid,0,False
mozart,Early_Pieces_n7_Country_dance.mid,Early_Pieces_n7_Country_dance.mid,0,False
beethoven,Anh08Nb1_Gavotte_4_hands.mid,Anh08Nb1_Gavotte_4_hands.mid,0,False
beethoven,Bagatella_op33_n6.mid,Bagatella_op33_n6.mid,0,False
mozart,K317_Coronation_Mass_4mov.mid,K317_Coronation_Mass_4mov.mid,0,False
bach,Bwv0912_Toccata.mid,Bwv0912_Toccata.mid,0,False
bach,010602b_.mid,010602b_.mid,0,False
bach,Bwv1051_Brandenburg_Concert_n6_2mov.mid,Bwv1051_Brandenburg_Concert_n6_2mov.mid,0,False
bach,017705b_.mid,017705b_.mid,0,False
bach,23_Donna_Nobis_Pacem.mid,23_Donna_Nobis_Pacem.mid,0,False
bach,Bwv1054_Harpsichord_Concerto_n3_3mov.mid,Bwv1054_Harpsichord_Concerto_n3_3mov.mid,0,False
bach,051000b_.mid,051000b_.mid,0,False
bach,005206b_.mid,005206b_.mid,0,False
beethoven,Piano_Sonata_n25.mid,Piano_Sonata_n25.mid,0,False
beethoven,Violin_Concerto_op61_2-3movs.mid,Violin_Concerto_op61_2-3movs.mid,0,False
bach,037800b_.mid,037800b_.mid,0,False
bach,Musical_Offering_n1_Ricercare_a_3.mid,Musical_Offering_n1_Ricercare_a_3.mid,0,False
bach,Bwv1052_Harpsichord_Concerto_n1_2mov.mid,Bwv1052_Harpsichord_Concerto_n1_2mov.mid,0,False
bach,028000b_.mid,028000b_.mid,0,False
bach,024503b_.mid,024503b_.mid,0,False
bach,036100b_.mid,036100b_.mid,0,False
mozart,Piano_Concerto_n26_K537_3mov_Coronation.mid,Piano_Concerto_n26_K537_3mov_Coronation.mid,0,False
mozart,Symphony_n39_K543_4mov_shiftm1.mid,Symphony_n39_K543_4mov.mid,-1,True
mozart,Symphony_n39_K543_4mov_shiftp1.mid,Symphony_n39_K543_4mov.mid,1,True
chopin,19_Polish_Songs_for_Solo_Voice_and_Piano_accomplements_No6_shiftm2.mid,19_Polish_Songs_for_Solo_Voice_and_Piano_accomplements_No6.mid,-2,True
chopin,19_Polish_Songs_for_Solo_Voice_and_Piano_accomplements_No6_shiftm1.mid,19_Polish_Songs_for_Solo_Voice_and_Piano_accomplements_No6.mid,-1,True
chopin,19_Polish_Songs_for_Solo_Voice_and_Piano_accomplements_No6_shiftp1.mid,19_Polish_Songs_for_Solo_Voice_and_Piano_accomplements_No6.mid,1,True
chopin,19_Polish_Songs_for_Solo_Voice_and_Piano_accomplements_No6_shiftp2.mid,19_Polish_Songs_for_Solo_Voice_and_Piano_accomplements_No6.mid,2,True
chopin,Waltz_in_Ab_Opposth_Brown21_shiftm2.mid,Waltz_in_Ab_Opposth_Brown21.mid,-2,True
chopin,Waltz_in_Ab_Opposth_Brown21_shiftm1.mid,Waltz_in_Ab_Opposth_Brown21.mid,-1,True
chopin,Waltz_in_Ab_Opposth_Brown21_shiftp1.mid,Waltz_in_Ab_Opposth_Brown21.mid,1,True
chopin,Waltz_in_Ab_Opposth_Brown21_shiftp2.mid,Waltz_in_Ab_Opposth_Brown21.mid,2,True
chopin,Etude_op10_n02_shiftm2.mid,Etude_op10_n02.mid,-2,True
chopin,Etude_op10_n02_shiftm1.mid,Etude_op10_n02.mid,-1,True
chopin,Etude_op10_n02_shiftp1.mid,Etude_op10_n02.mid,1,True
chopin,Etude_op10_n02_shiftp2.mid,Etude_op10_n02.mid,2,True
beethoven,Sieben_Bagatellen_in_F_Major_Opus33_No3_shiftm1.mid,Sieben_Bagatellen_in_F_Major_Opus33_No3.mid,-1,True
beethoven,Sieben_Bagatellen_in_F_Major_Opus33_No3_shiftp1.mid,Sieben_Bagatellen_in_F_Major_Opus33_No3.mid,1,True
beethoven,Sonatina_Fa_maj_woo_shiftm1.mid,Sonatina_Fa_maj_woo.mid,-1,True
beethoven,Sonatina_Fa_maj_woo_shiftp1.mid,Sonatina_Fa_maj_woo.mid,1,True
chopin,Waltz_op64_n1_shiftm2.mid,Waltz_op64_n1.mid,-2,True
chopin,Waltz_op64_n1_shiftm1.mid,Waltz_op64_n1.mid,-1,True
chopin,Waltz_op64_n1_shiftp1.mid,Waltz_op64_n1.mid,1,True
chopin,Waltz_op64_n1_shiftp2.mid,Waltz_op64_n1.mid,2,True
beethoven,Minuetto_shiftm1.mid,Minuetto.mid,-1,True
beethoven,Minuetto_shiftp1.mid,Minuetto.mid,1,True
mozart,K617_Adagio_shiftm1.mid,K617_Adagio.mid,-1,True
mozart,K617_Adagio_shiftp1.mid,K617_Adagio.mid,1,True
mozart,Symphony_n31_K297_1mov_Paris_shiftm1.mid,Symphony_n31_K297_1mov_Paris.mid,-1,True
mozart,Symphony_n31_K297_1mov_Paris_shiftp1.mid,Symphony_n31_K297_1mov_Paris.mid,1,True
chopin,Prelude_n02_op28_Presentiment_of_Death_shiftm2.mid,Prelude_n02_op28_Presentiment_of_Death.mid,-2,True
chopin,Prelude_n02_op28_Presentiment_of_Death_shiftm1.mid,Prelude_n02_op28_Presentiment_of_Death.mid,-1,True
chopin,Prelude_n02_op28_Presentiment_of_Death_shiftp1.mid,Prelude_n02_op28_Presentiment_of_Death.mid,1,True
chopin,Prelude_n02_op28_Presentiment_of_Death_shiftp2.mid,Prelude_n02_op28_Presentiment_of_Death.mid,2,True
beethoven,String_Quartet_n2_op18_n2_2mov_shiftm1.mid,String_Quartet_n2_op18_n2_2mov.mid,-1,True
beethoven,String_Quartet_n2_op18_n2_2mov_shiftp1.mid,String_Quartet_n2_op18_n2_2mov.mid,1,True
beethoven,op089_Polonaise_shiftm1.mid,op089_Polonaise.mid,-1,True
beethoven,op089_Polonaise_shiftp1.mid,op089_Polonaise.mid,1,True
mozart,K117_Offertorio_Jubilate_Deo_shiftm1.mid,K117_Offertorio_Jubilate_Deo.mid,-1,True
mozart,K117_Offertorio_Jubilate_Deo_shiftp1.mid,K117_Offertorio_Jubilate_Deo.mid,1,True
beethoven,Sechs_Variationen_shiftm1.mid,Sechs_Variationen.mid,-1,True
beethoven,Sechs_Variationen_shiftp1.mid,Sechs_Variationen.mid,1,True
mozart,K626_Requiem_10_Sanctus_shiftm1.mid,K626_Requiem_10_Sanctus.mid,-1,True
mozart,K626_Requiem_10_Sanctus_shiftp1.mid,K626_Requiem_10_Sanctus.mid,1,True
mozart,K626_Requiem_03_tuba_mirum_shiftm1.mid,K626_Requiem_03_tuba_mirum.mid,-1,True
mozart,K626_Requiem_03_tuba_mirum_shiftp1.mid,K626_Requiem_03_tuba_mirum.mid,1,True
mozart,K280_Piano_sonata_n02_2mov_shiftm1.mid,K280_Piano_sonata_n02_2mov.mid,-1,True
mozart,K280_Piano_sonata_n02_2mov_shiftp1.mid,K280_Piano_sonata_n02_2mov.mid,1,True
mozart,K317_Coronation_Mass_3mov_shiftm1.mid,K317_Coronation_Mass_3mov.mid,-1,True
mozart,K317_Coronation_Mass_3mov_shiftp1.mid,K317_Coronation_Mass_3mov.mid,1,True
beethoven,Bagatella_op33_n2_shiftm1.mid,Bagatella_op33_n2.mid,-1,True
beethoven,Bagatella_op33_n2_shiftp1.mid,Bagatella_op33_n2.mid,1,True
beethoven,String_Quartet_n1_op18_3mov_shiftm1.mid,String_Quartet_n1_op18_3mov.mid,-1,True
beethoven,String_Quartet_n1_op18_3mov_shiftp1.mid,String_Quartet_n1_op18_3mov.mid,1,True
mozart,K393_Solfeggi_n3_shiftm1.mid,K393_Solfeggi_n3.mid,-1,True
mozart,K393_Solfeggi_n3_shiftp1.mid,K393_Solfeggi_n3.mid,1,True
beethoven,Sonata_No14_Op_27_Sonata_Quasi_Una_Fantasia_shiftm1.mid,Sonata_No14_Op_27_Sonata_Quasi_Una_Fantasia.mid,-1,True
beethoven,Sonata_No14_Op_27_Sonata_Quasi_Una_Fantasia_shiftp1.mid,Sonata_No14_Op_27_Sonata_Quasi_Una_Fantasia.mid,1,True
mozart,Piano_Concerto_n7_for_3_Pianos_K242_1mov_Lodron_shiftm1.mid,Piano_Concerto_n7_for_3_Pianos_K242_1mov_Lodron.mid,-1,True
mozart,Piano_Concerto_n7_for_3_Pianos_K242_1mov_Lodron_shiftp1.mid,Piano_Concerto_n7_for_3_Pianos_K242_1mov_Lodron.mid,1,True
beethoven,Piano_Sonata_n14_op27_3mov_Moonlight_shiftm1.mid,Piano_Sonata_n14_op27_3mov_Moonlight.mid,-1,True
beethoven,Piano_Sonata_n14_op27_3mov_Moonlight_shiftp1.mid,Piano_Sonata_n14_op27_3mov_Moonlight.mid,1,True
beethoven,Sonata_No_17_in_D_minor_op_31_No_2__Tempest_shiftm1.mid,Sonata_No_17_in_D_minor_op_31_No_2__Tempest.mid,-1,True
beethoven,Sonata_No_17_in_D_minor_op_31_No_2__Tempest_shiftp1.mid,Sonata_No_17_in_D_minor_op_31_No_2__Tempest.mid,1,True
beethoven,Piano_Sonata_n21_2mov_Waldstein_shiftm1.mid,Piano_Sonata_n21_2mov_Waldstein.mid,-1,True
beethoven,Piano_Sonata_n21_2mov_Waldstein_shiftp1.mid,Piano_Sonata_n21_2mov_Waldstein.mid,1,True
beethoven,Sonata_Opus111_C_minor_No2_shiftm1.mid,Sonata_Opus111_C_minor_No2.mid,-1,True
beethoven,Sonata_Opus111_C_minor_No2_shiftp1.mid,Sonata_Opus111_C_minor_No2.mid,1,True
beethoven,Symphony_op68_n6_Pastorale_shiftm1.mid,Symphony_op68_n6_Pastorale.mid,-1,True
beethoven,Symphony_op68_n6_Pastorale_shiftp1.mid,Symphony_op68_n6_Pastorale.mid,1,True
mozart,Fantasia_in_C_K475_shiftm1.mid,Fantasia_in_C_K475.mid,-1,True
mozart,Fantasia_in_C_K475_shiftp1.mid,Fantasia_in_C_K475.mid,1,True
beethoven,Piano_Concerto_n3_op37_3mov_shiftm1.mid,Piano_Concerto_n3_op37_3mov.mid,-1,True
beethoven,Piano_Concerto_n3_op37_3mov_shiftp1.mid,Piano_Concerto_n3_op37_3mov.mid,1,True
mozart,K136_Divertimento_3mov_shiftm1.mid,K136_Divertimento_3mov.mid,-1,True
mozart,K136_Divertimento_3mov_shiftp1.mid,K136_Divertimento_3mov.mid,1,True
beethoven,Symphony_n4_4mov_shiftm1.mid,Symphony_n4_4mov.mid,-1,True
beethoven,Symphony_n4_4mov_shiftp1.mid,Symphony_n4_4mov.mid,1,True
mozart,K457_Piano_Sonata_n14_shiftm1.mid,K457_Piano_Sonata_n14.mid,-1,True
mozart,K457_Piano_Sonata_n14_shiftp1.mid,K457_Piano_Sonata_n14.mid,1,True
chopin,Prelude_n16_op28_Hades_shiftm2.mid,Prelude_n16_op28_Hades.mid,-2,True
chopin,Prelude_n16_op28_Hades_shiftm1.mid,Prelude_n16_op28_Hades.mid,-1,True
chopin,Prelude_n16_op28_Hades_shiftp1.mid,Prelude_n16_op28_Hades.mid,1,True
chopin,Prelude_n16_op28_Hades_shiftp2.mid,Prelude_n16_op28_Hades.mid,2,True
beethoven,Romance_piano_shiftm1.mid,Romance_piano.mid,-1,True
beethoven,Romance_piano_shiftp1.mid,Romance_piano.mid,1,True
beethoven,String_Quartet_n1_op18_4mov_shiftm1.mid,String_Quartet_n1_op18_4mov.mid,-1,True
beethoven,String_Quartet_n1_op18_4mov_shiftp1.mid,String_Quartet_n1_op18_4mov.mid,1,True
beethoven,Piano_Sonata_n10_1mov_shiftm1.mid,Piano_Sonata_n10_1mov.mid,-1,True
beethoven,Piano_Sonata_n10_1mov_shiftp1.mid,Piano_Sonata_n10_1mov.mid,1,True
mozart,K618_Ave_Verum_Corpus_shiftm1.mid,K618_Ave_Verum_Corpus.mid,-1,True
mozart,K618_Ave_Verum_Corpus_shiftp1.mid,K618_Ave_Verum_Corpus.mid,1,True
mozart,Viennese_Sonatinas_K439b_n2_4mov_shiftm1.mid,Viennese_Sonatinas_K439b_n2_4mov.mid,-1,True
mozart,Viennese_Sonatinas_K439b_n2_4mov_shiftp1.mid,Viennese_Sonatinas_K439b_n2_4mov.mid,1,True
beethoven,String_Quartet_n16_op135_4mov_shiftm1.mid,String_Quartet_n16_op135_4mov.mid,-1,True
beethoven,String_Quartet_n16_op135_4mov_shiftp1.mid,String_Quartet_n16_op135_4mov.mid,1,True
chopin,Mazurka_op67_n3_Drchew_shiftm2.mid,Mazurka_op67_n3_Drchew.mid,-2,True
chopin,Mazurka_op67_n3_Drchew_shiftm1.mid,Mazurka_op67_n3_Drchew.mid,-1,True
chopin,Mazurka_op67_n3_Drchew_shiftp1.mid,Mazurka_op67_n3_Drchew.mid,1,True
chopin,Mazurka_op67_n3_Drchew_shiftp2.mid,Mazurka_op67_n3_Drchew.mid,2,True
beethoven,Lieder_op48_n2_Die_Liebe_Des_Nachsten_shiftm1.mid,Lieder_op48_n2_Die_Liebe_Des_Nachsten.mid,-1,True
beethoven,Lieder_op48_n2_Die_Liebe_Des_Nachsten_shiftp1.mid,Lieder_op48_n2_Die_Liebe_Des_Nachsten.mid,1,True
beethoven,Piano_Sonata_n15_3mov_Pastoral_shiftm1.mid,Piano_Sonata_n15_3mov_Pastoral.mid,-1,True
beethoven,Piano_Sonata_n15_3mov_Pastoral_shiftp1.mid,Piano_Sonata_n15_3mov_Pastoral.mid,1,True
mozart,Viennese_Sonatinas_K439b_n2_2mov_shiftm1.mid,Viennese_Sonatinas_K439b_n2_2mov.mid,-1,True
mozart,Viennese_Sonatinas_K439b_n2_2mov_shiftp1.mid,Viennese_Sonatinas_K439b_n2_2mov.mid,1,True
beethoven,Sonata_Opus81a_-Les_Adieux-_E_flat_No2__3_shiftm1.mid,Sonata_Opus81a_-Les_Adieux-_E_flat_No2__3.mid,-1,True
beethoven,Sonata_Opus81a_-Les_Adieux-_E_flat_No2__3_shiftp1.mid,Sonata_Opus81a_-Les_Adieux-_E_flat_No2__3.mid,1,True
chopin,Nocturne_op33_n4_shiftm2.mid,Nocturne_op33_n4.mid,-2,True
chopin,Nocturne_op33_n4_shiftm1.mid,Nocturne_op33_n4.mid,-1,True
chopin,Nocturne_op33_n4_shiftp1.mid,Nocturne_op33_n4.mid,1,True
chopin,Nocturne_op33_n4_shiftp2.mid,Nocturne_op33_n4.mid,2,True
chopin,Mazurka_op33_n2_Drchew_shiftm2.mid,Mazurka_op33_n2_Drchew.mid,-2,True
chopin,Mazurka_op33_n2_Drchew_shiftm1.mid,Mazurka_op33_n2_Drchew.mid,-1,True
chopin,Mazurka_op33_n2_Drchew_shiftp1.mid,Mazurka_op33_n2_Drchew.mid,1,True
chopin,Mazurka_op33_n2_Drchew_shiftp2.mid,Mazurka_op33_n2_Drchew.mid,2,True
beethoven,Piano_Sonata_n15_2mov_Pastoral_shiftm1.mid,Piano_Sonata_n15_2mov_Pastoral.mid,-1,True
beethoven,Piano_Sonata_n15_2mov_Pastoral_shiftp1.mid,Piano_Sonata_n15_2mov_Pastoral.mid,1,True
mozart,Symphony_n30_K202_3mov_shiftm1.mid,Symphony_n30_K202_3mov.mid,-1,True
mozart,Symphony_n30_K202_3mov_shiftp1.mid,Symphony_n30_K202_3mov.mid,1,True
chopin,19_Polish_Songs_for_Solo_Voice_and_Piano_accomplements_No8_shiftm2.mid,19_Polish_Songs_for_Solo_Voice_and_Piano_accomplements_No8.mid,-2,True
chopin,19_Polish_Songs_for_Solo_Voice_and_Piano_accomplements_No8_shiftm1.mid,19_Polish_Songs_for_Solo_Voice_and_Piano_accomplements_No8.mid,-1,True
chopin,19_Polish_Songs_for_Solo_Voice_and_Piano_accomplements_No8_shiftp1.mid,19_Polish_Songs_for_Solo_Voice_and_Piano_accomplements_No8.mid,1,True
chopin,19_Polish_Songs_for_Solo_Voice_and_Piano_accomplements_No8_shiftp2.mid,19_Polish_Songs_for_Solo_Voice_and_Piano_accomplements_No8.mid,2,True
beethoven,Piano_Sonata_n21_3mov_Waldstein_shiftm1.mid,Piano_Sonata_n21_3mov_Waldstein.mid,-1,True
beethoven,Piano_Sonata_n21_3mov_Waldstein_shiftp1.mid,Piano_Sonata_n21_3mov_Waldstein.mid,1,True
chopin,Etude_op25_n09_shiftm2.mid,Etude_op25_n09.mid,-2,True
chopin,Etude_op25_n09_shiftm1.mid,Etude_op25_n09.mid,-1,True
chopin,Etude_op25_n09_shiftp1.mid,Etude_op25_n09.mid,1,True
chopin,Etude_op25_n09_shiftp2.mid,Etude_op25_n09.mid,2,True
beethoven,Symphony_op125_n9_2mov_Choral_shiftm1.mid,Symphony_op125_n9_2mov_Choral.mid,-1,True
beethoven,Symphony_op125_n9_2mov_Choral_shiftp1.mid,Symphony_op125_n9_2mov_Choral.mid,1,True
mozart,K626_Requiem_06_confutatis_shiftm1.mid,K626_Requiem_06_confutatis.mid,-1,True
mozart,K626_Requiem_06_confutatis_shiftp1.mid,K626_Requiem_06_confutatis.mid,1,True
mozart,Sonatina_n21_3mov_shiftm1.mid,Sonatina_n21_3mov.mid,-1,True
mozart,Sonatina_n21_3mov_shiftp1.mid,Sonatina_n21_3mov.mid,1,True
mozart,K191_Bassoon_Concerto_1mov_shiftm1.mid,K191_Bassoon_Concerto_1mov.mid,-1,True
mozart,K191_Bassoon_Concerto_1mov_shiftp1.mid,K191_Bassoon_Concerto_1mov.mid,1,True
mozart,Piano_Concerto_n21_K467_2mov_Elvira_Madigan_shiftm1.mid,Piano_Concerto_n21_K467_2mov_Elvira_Madigan.mid,-1,True
mozart,Piano_Concerto_n21_K467_2mov_Elvira_Madigan_shiftp1.mid,Piano_Concerto_n21_K467_2mov_Elvira_Madigan.mid,1,True
mozart,Piano_Sonata_n16_K545_shiftm1.mid,Piano_Sonata_n16_K545.mid,-1,True
mozart,Piano_Sonata_n16_K545_shiftp1.mid,Piano_Sonata_n16_K545.mid,1,True
beethoven,Sonata_op78_1st_mov_shiftm1.mid,Sonata_op78_1st_mov.mid,-1,True
beethoven,Sonata_op78_1st_mov_shiftp1.mid,Sonata_op78_1st_mov.mid,1,True
mozart,K19d_Piano_Sonata_Duet_shiftm1.mid,K19d_Piano_Sonata_Duet.mid,-1,True
mozart,K19d_Piano_Sonata_Duet_shiftp1.mid,K19d_Piano_Sonata_Duet.mid,1,True
chopin,Prelude_n13_op28_Loss_shiftm2.mid,Prelude_n13_op28_Loss.mid,-2,True
chopin,Prelude_n13_op28_Loss_shiftm1.mid,Prelude_n13_op28_Loss.mid,-1,True
chopin,Prelude_n13_op28_Loss_shiftp1.mid,Prelude_n13_op28_Loss.mid,1,True
chopin,Prelude_n13_op28_Loss_shiftp2.mid,Prelude_n13_op28_Loss.mid,2,True
beethoven,Piano_Sonata_n23_op57_1mov_Apassionata_shiftm1.mid,Piano_Sonata_n23_op57_1mov_Apassionata.mid,-1,True
beethoven,Piano_Sonata_n23_op57_1mov_Apassionata_shiftp1.mid,Piano_Sonata_n23_op57_1mov_Apassionata.mid,1,True
mozart,K317_Coronation_Mass_1mov_shiftm1.mid,K317_Coronation_Mass_1mov.mid,-1,True
mozart,K317_Coronation_Mass_1mov_shiftp1.mid,K317_Coronation_Mass_1mov.mid,1,True
mozart,Symphony_n28_K200_4mov_shiftm1.mid,Symphony_n28_K200_4mov.mid,-1,True
mozart,Symphony_n28_K200_4mov_shiftp1.mid,Symphony_n28_K200_4mov.mid,1,True
beethoven,String_Quartet_n16_op135_2mov_shiftm1.mid,String_Quartet_n16_op135_2mov.mid,-1,True
beethoven,String_Quartet_n16_op135_2mov_shiftp1.mid,String_Quartet_n16_op135_2mov.mid,1,True
mozart,Piano_Concerto_n26_K537_2mov_Coronation_shiftm1.mid,Piano_Concerto_n26_K537_2mov_Coronation.mid,-1,True
mozart,Piano_Concerto_n26_K537_2mov_Coronation_shiftp1.mid,Piano_Concerto_n26_K537_2mov_Coronation.mid,1,True
mozart,Sonatina_n3_3mov_shiftm1.mid,Sonatina_n3_3mov.mid,-1,True
mozart,Sonatina_n3_3mov_shiftp1.mid,Sonatina_n3_3mov.mid,1,True
mozart,Piano_Sonata_n02_K280_shiftm1.mid,Piano_Sonata_n02_K280.mid,-1,True
mozart,Piano_Sonata_n02_K280_shiftp1.mid,Piano_Sonata_n02_K280.mid,1,True
mozart,K281_Piano_Sonata_n03_1mov_shiftm1.mid,K281_Piano_Sonata_n03_1mov.mid,-1,True
mozart,K281_Piano_Sonata_n03_1mov_shiftp1.mid,K281_Piano_Sonata_n03_1mov.mid,1,True
mozart,K393_Solfeggi_n4_shiftm1.mid,K393_Solfeggi_n4.mid,-1,True
mozart,K393_Solfeggi_n4_shiftp1.mid,K393_Solfeggi_n4.mid,1,True
mozart,Piano_Sonata_n10_K330_shiftm1.mid,Piano_Sonata_n10_K330.mid,-1,True
mozart,Piano_Sonata_n10_K330_shiftp1.mid,Piano_Sonata_n10_K330.mid,1,True
mozart,Symphony_n25_K183_2mov_shiftm1.mid,Symphony_n25_K183_2mov.mid,-1,True
mozart,Symphony_n25_K183_2mov_shiftp1.mid,Symphony_n25_K183_2mov.mid,1,True
beethoven,Lieder_op48_n1_Bitten_shiftm1.mid,Lieder_op48_n1_Bitten.mid,-1,True
beethoven,Lieder_op48_n1_Bitten_shiftp1.mid,Lieder_op48_n1_Bitten.mid,1,True
mozart,K393_Solfeggi_n5_shiftm1.mid,K393_Solfeggi_n5.mid,-1,True
mozart,K393_Solfeggi_n5_shiftp1.mid,K393_Solfeggi_n5.mid,1,True
beethoven,Symphony_n3_4mov_Eroica_shiftm1.mid,Symphony_n3_4mov_Eroica.mid,-1,True
beethoven,Symphony_n3_4mov_Eroica_shiftp1.mid,Symphony_n3_4mov_Eroica.mid,1,True
mozart,K335_Laudate_Dominus_shiftm1.mid,K335_Laudate_Dominus.mid,-1,True
mozart,K335_Laudate_Dominus_shiftp1.mid,K335_Laudate_Dominus.mid,1,True
mozart,Symphony_n35_K385_4mov_Haffner_shiftm1.mid,Symphony_n35_K385_4mov_Haffner.mid,-1,True
mozart,Symphony_n35_K385_4mov_Haffner_shiftp1.mid,Symphony_n35_K385_4mov_Haffner.mid,1,True
mozart,K594_Adagio__Allegro_for_Mechanical_Organ_shiftm1.mid,K594_Adagio__Allegro_for_Mechanical_Organ.mid,-1,True
mozart,K594_Adagio__Allegro_for_Mechanical_Organ_shiftp1.mid,K594_Adagio__Allegro_for_Mechanical_Organ.mid,1,True
beethoven,Op33_No4_shiftm1.mid,Op33_No4.mid,-1,True
beethoven,Op33_No4_shiftp1.mid,Op33_No4.mid,1,True
chopin,Etude_op10_n05_Black_Key_shiftm2.mid,Etude_op10_n05_Black_Key.mid,-2,True
chopin,Etude_op10_n05_Black_Key_shiftm1.mid,Etude_op10_n05_Black_Key.mid,-1,True
chopin,Etude_op10_n05_Black_Key_shiftp1.mid,Etude_op10_n05_Black_Key.mid,1,True
chopin,Etude_op10_n05_Black_Key_shiftp2.mid,Etude_op10_n05_Black_Key.mid,2,True
beethoven,Overture_Leonore_n3_op72_shiftm1.mid,Overture_Leonore_n3_op72.mid,-1,True
beethoven,Overture_Leonore_n3_op72_shiftp1.mid,Overture_Leonore_n3_op72.mid,1,True
mozart,K280_Piano_sonata_n02_3mov_shiftm1.mid,K280_Piano_sonata_n02_3mov.mid,-1,True
mozart,K280_Piano_sonata_n02_3mov_shiftp1.mid,K280_Piano_sonata_n02_3mov.mid,1,True
chopin,Etude_op25_n02_shiftm2.mid,Etude_op25_n02.mid,-2,True
chopin,Etude_op25_n02_shiftm1.mid,Etude_op25_n02.mid,-1,True
chopin,Etude_op25_n02_shiftp1.mid,Etude_op25_n02.mid,1,True
chopin,Etude_op25_n02_shiftp2.mid,Etude_op25_n02.mid,2,True
mozart,Symphony_n30_K202_4mov_shiftm1.mid,Symphony_n30_K202_4mov.mid,-1,True
mozart,Symphony_n30_K202_4mov_shiftp1.mid,Symphony_n30_K202_4mov.mid,1,True
beethoven,Piano_Sonata_n01_shiftm1.mid,Piano_Sonata_n01.mid,-1,True
beethoven,Piano_Sonata_n01_shiftp1.mid,Piano_Sonata_n01.mid,1,True
chopin,Etude_op10_n03_shiftm2.mid,Etude_op10_n03.mid,-2,True
chopin,Etude_op10_n03_shiftm1.mid,Etude_op10_n03.mid,-1,True
chopin,Etude_op10_n03_shiftp1.mid,Etude_op10_n03.mid,1,True
chopin,Etude_op10_n03_shiftp2.mid,Etude_op10_n03.mid,2,True
chopin,Etude_op10_n11_shiftm2.mid,Etude_op10_n11.mid,-2,True
chopin,Etude_op10_n11_shiftm1.mid,Etude_op10_n11.mid,-1,True
chopin,Etude_op10_n11_shiftp1.mid,Etude_op10_n11.mid,1,True
chopin,Etude_op10_n11_shiftp2.mid,Etude_op10_n11.mid,2,True
mozart,Piano_Concerto_n25_K503_2mov_shiftm1.mid,Piano_Concerto_n25_K503_2mov.mid,-1,True
mozart,Piano_Concerto_n25_K503_2mov_shiftp1.mid,Piano_Concerto_n25_K503_2mov.mid,1,True
mozart,Symphony_n38_K504_1mov_Prague_shiftm1.mid,Symphony_n38_K504_1mov_Prague.mid,-1,True
mozart,Symphony_n38_K504_1mov_Prague_shiftp1.mid,Symphony_n38_K504_1mov_Prague.mid,1,True
beethoven,Piano_Sonata_n08_op13_3mov_Pathetique_shiftm1.mid,Piano_Sonata_n08_op13_3mov_Pathetique.mid,-1,True
beethoven,Piano_Sonata_n08_op13_3mov_Pathetique_shiftp1.mid,Piano_Sonata_n08_op13_3mov_Pathetique.mid,1,True
chopin,Prelude_n05_op28_Uncertainty_shiftm2.mid,Prelude_n05_op28_Uncertainty.mid,-2,True
chopin,Prelude_n05_op28_Uncertainty_shiftm1.mid,Prelude_n05_op28_Uncertainty.mid,-1,True
chopin,Prelude_n05_op28_Uncertainty_shiftp1.mid,Prelude_n05_op28_Uncertainty.mid,1,True
chopin,Prelude_n05_op28_Uncertainty_shiftp2.mid,Prelude_n05_op28_Uncertainty.mid,2,True
mozart,K04_Minuet_in_F_shiftm1.mid,K04_Minuet_in_F.mid,-1,True
mozart,K04_Minuet_in_F_shiftp1.mid,K04_Minuet_in_F.mid,1,True
mozart,Early_Pieces_n20_Presto_shiftm1.mid,Early_Pieces_n20_Presto.mid,-1,True
mozart,Early_Pieces_n20_Presto_shiftp1.mid,Early_Pieces_n20_Presto.mid,1,True
beethoven,Piano_Sonata_No2_Assai_vivace_shiftm1.mid,Piano_Sonata_No2_Assai_vivace.mid,-1,True
beethoven,Piano_Sonata_No2_Assai_vivace_shiftp1.mid,Piano_Sonata_No2_Assai_vivace.mid,1,True
beethoven,Piano_Sonata_n20_shiftm1.mid,Piano_Sonata_n20.mid,-1,True
beethoven,Piano_Sonata_n20_shiftp1.mid,Piano_Sonata_n20.mid,1,True
chopin,19_Polish_Songs_for_Solo_Voice_and_Piano_accomplements_No14_shiftm2.mid,19_Polish_Songs_for_Solo_Voice_and_Piano_accomplements_No14.mid,-2,True
chopin,19_Polish_Songs_for_Solo_Voice_and_Piano_accomplements_No14_shiftm1.mid,19_Polish_Songs_for_Solo_Voice_and_Piano_accomplements_No14.mid,-1,True
chopin,19_Polish_Songs_for_Solo_Voice_and_Piano_accomplements_No14_shiftp1.mid,19_Polish_Songs_for_Solo_Voice_and_Piano_accomplements_No14.mid,1,True
chopin,19_Polish_Songs_for_Solo_Voice_and_Piano_accomplements_No14_shiftp2.mid,19_Polish_Songs_for_Solo_Voice_and_Piano_accomplements_No14.mid,2,True
beethoven,Piano_Concerto_n2_op19_1mov_shiftm1.mid,Piano_Concerto_n2_op19_1mov.mid,-1,True
beethoven,Piano_Concerto_n2_op19_1mov_shiftp1.mid,Piano_Concerto_n2_op19_1mov.mid,1,True
beethoven,Hess061_Anglaise_shiftm1.mid,Hess061_Anglaise.mid,-1,True
beethoven,Hess061_Anglaise_shiftp1.mid,Hess061_Anglaise.mid,1,True
mozart,Symphony_n34_K338_2mov_shiftm1.mid,Symphony_n34_K338_2mov.mid,-1,True
mozart,Symphony_n34_K338_2mov_shiftp1.mid,Symphony_n34_K338_2mov.mid,1,True
mozart,Symphony_n36_K425_3mov_Linz_shiftm1.mid,Symphony_n36_K425_3mov_Linz.mid,-1,True
mozart,Symphony_n36_K425_3mov_Linz_shiftp1.mid,Symphony_n36_K425_3mov_Linz.mid,1,True
beethoven,Piano_Sonata_n03_shiftm1.mid,Piano_Sonata_n03.mid,-1,True
beethoven,Piano_Sonata_n03_shiftp1.mid,Piano_Sonata_n03.mid,1,True
mozart,K309_Piano_Sonata_n10_3mov_shiftm1.mid,K309_Piano_Sonata_n10_3mov.mid,-1,True
mozart,K309_Piano_Sonata_n10_3mov_shiftp1.mid,K309_Piano_Sonata_n10_3mov.mid,1,True
chopin,Prelude_n21_op28_Sunday_shiftm2.mid,Prelude_n21_op28_Sunday.mid,-2,True
chopin,Prelude_n21_op28_Sunday_shiftm1.mid,Prelude_n21_op28_Sunday.mid,-1,True
chopin,Prelude_n21_op28_Sunday_shiftp1.mid,Prelude_n21_op28_Sunday.mid,1,True
chopin,Prelude_n21_op28_Sunday_shiftp2.mid,Prelude_n21_op28_Sunday.mid,2,True
chopin,Prelude_n11_op28_Dragonfly_shiftm2.mid,Prelude_n11_op28_Dragonfly.mid,-2,True
chopin,Prelude_n11_op28_Dragonfly_shiftm1.mid,Prelude_n11_op28_Dragonfly.mid,-1,True
chopin,Prelude_n11_op28_Dragonfly_shiftp1.mid,Prelude_n11_op28_Dragonfly.mid,1,True
chopin,Prelude_n11_op28_Dragonfly_shiftp2.mid,Prelude_n11_op28_Dragonfly.mid,2,True
mozart,Piano_Concerto_n7_for_3_Pianos_K242_2mov_Lodron_shiftm1.mid,Piano_Concerto_n7_for_3_Pianos_K242_2mov_Lodron.mid,-1,True
mozart,Piano_Concerto_n7_for_3_Pianos_K242_2mov_Lodron_shiftp1.mid,Piano_Concerto_n7_for_3_Pianos_K242_2mov_Lodron.mid,1,True
mozart,Early_Pieces_n14_Rondo_shiftm1.mid,Early_Pieces_n14_Rondo.mid,-1,True
mozart,Early_Pieces_n14_Rondo_shiftp1.mid,Early_Pieces_n14_Rondo.mid,1,True
beethoven,136_shiftm1.mid,136.mid,-1,True
beethoven,136_shiftp1.mid,136.mid,1,True
mozart,K570_Piano_Sonata_2mov_shiftm1.mid,K570_Piano_Sonata_2mov.mid,-1,True
mozart,K570_Piano_Sonata_2mov_shiftp1.mid,K570_Piano_Sonata_2mov.mid,1,True
beethoven,Overture_Creatures_Of_Prometeus_op43_shiftm1.mid,Overture_Creatures_Of_Prometeus_op43.mid,-1,True
beethoven,Overture_Creatures_Of_Prometeus_op43_shiftp1.mid,Overture_Creatures_Of_Prometeus_op43.mid,1,True
mozart,K332_Piano_Sonata_n12_1mov_shiftm1.mid,K332_Piano_Sonata_n12_1mov.mid,-1,True
mozart,K332_Piano_Sonata_n12_1mov_shiftp1.mid,K332_Piano_Sonata_n12_1mov.mid,1,True
beethoven,Symphony_n2_op36_3mov_shiftm1.mid,Symphony_n2_op36_3mov.mid,-1,True
beethoven,Symphony_n2_op36_3mov_shiftp1.mid,Symphony_n2_op36_3mov.mid,1,True
mozart,Piano_Concerto_n6_K238_1mov_shiftm1.mid,Piano_Concerto_n6_K238_1mov.mid,-1,True
mozart,Piano_Concerto_n6_K238_1mov_shiftp1.mid,Piano_Concerto_n6_K238_1mov.mid,1,True
mozart,Symphony_n30_K202_2mov_shiftm1.mid,Symphony_n30_K202_2mov.mid,-1,True
mozart,Symphony_n30_K202_2mov_shiftp1.mid,Symphony_n30_K202_2mov.mid,1,True
chopin,Etude_op25_n03_shiftm2.mid,Etude_op25_n03.mid,-2,True
chopin,Etude_op25_n03_shiftm1.mid,Etude_op25_n03.mid,-1,True
chopin,Etude_op25_n03_shiftp1.mid,Etude_op25_n03.mid,1,True
chopin,Etude_op25_n03_shiftp2.mid,Etude_op25_n03.mid,2,True
beethoven,Overture_King_Stephen_shiftm1.mid,Overture_King_Stephen.mid,-1,True
beethoven,Overture_King_Stephen_shiftp1.mid,Overture_King_Stephen.mid,1,True
beethoven,Sonatina_In_C_shiftm1.mid,Sonatina_In_C.mid,-1,True
beethoven,Sonatina_In_C_shiftp1.mid,Sonatina_In_C.mid,1,True
mozart,Piano_Concerto_n20_K466_1mov_shiftm1.mid,Piano_Concerto_n20_K466_1mov.mid,-1,True
mozart,Piano_Concerto_n20_K466_1mov_shiftp1.mid,Piano_Concerto_n20_K466_1mov.mid,1,True
mozart,K525_Serenade_2mov_Eine_Kleine_Natchmusik_shiftm1.mid,K525_Serenade_2mov_Eine_Kleine_Natchmusik.mid,-1,True
mozart,K525_Serenade_2mov_Eine_Kleine_Natchmusik_shiftp1.mid,K525_Serenade_2mov_Eine_Kleine_Natchmusik.mid,1,True
mozart,K525_Serenade_3mov_Eine_Kleine_Natchmusik_shiftm1.mid,K525_Serenade_3mov_Eine_Kleine_Natchmusik.mid,-1,True
mozart,K525_Serenade_3mov_Eine_Kleine_Natchmusik_shiftp1.mid,K525_Serenade_3mov_Eine_Kleine_Natchmusik.mid,1,True
chopin,Etude_No2_in_A_Minor_shiftm2.mid,Etude_No2_in_A_Minor.mid,-2,True
chopin,Etude_No2_in_A_Minor_shiftm1.mid,Etude_No2_in_A_Minor.mid,-1,True
chopin,Etude_No2_in_A_Minor_shiftp1.mid,Etude_No2_in_A_Minor.mid,1,True
chopin,Etude_No2_in_A_Minor_shiftp2.mid,Etude_No2_in_A_Minor.mid,2,True
beethoven,Symphony_op68_n6_1mov_Pastorale_shiftm1.mid,Symphony_op68_n6_1mov_Pastorale.mid,-1,True
beethoven,Symphony_op68_n6_1mov_Pastorale_shiftp1.mid,Symphony_op68_n6_1mov_Pastorale.mid,1,True
beethoven,Symphony_n3_2mov_Eroica_shiftm1.mid,Symphony_n3_2mov_Eroica.mid,-1,True
beethoven,Symphony_n3_2mov_Eroica_shiftp1.mid,Symphony_n3_2mov_Eroica.mid,1,True
beethoven,Piano_Sonata_n31_op110_shiftm1.mid,Piano_Sonata_n31_op110.mid,-1,True
beethoven,Piano_Sonata_n31_op110_shiftp1.mid,Piano_Sonata_n31_op110.mid,1,True
beethoven,Piano_Sonata_n16_shiftm1.mid,Piano_Sonata_n16.mid,-1,True
beethoven,Piano_Sonata_n16_shiftp1.mid,Piano_Sonata_n16.mid,1,True
mozart,Symphony_n40_K550_2mov_shiftm1.mid,Symphony_n40_K550_2mov.mid,-1,True
mozart,Symphony_n40_K550_2mov_shiftp1.mid,Symphony_n40_K550_2mov.mid,1,True
mozart,Piano_Concerto_n6_K238_3mov_shiftm1.mid,Piano_Concerto_n6_K238_3mov.mid,-1,True
mozart,Piano_Concerto_n6_K238_3mov_shiftp1.mid,Piano_Concerto_n6_K238_3mov.mid,1,True
chopin,Etude_op25_n11_Winter_Wind_shiftm2.mid,Etude_op25_n11_Winter_Wind.mid,-2,True
chopin,Etude_op25_n11_Winter_Wind_shiftm1.mid,Etude_op25_n11_Winter_Wind.mid,-1,True
chopin,Etude_op25_n11_Winter_Wind_shiftp1.mid,Etude_op25_n11_Winter_Wind.mid,1,True
chopin,Etude_op25_n11_Winter_Wind_shiftp2.mid,Etude_op25_n11_Winter_Wind.mid,2,True
beethoven,WoO048_Rondo_shiftm1.mid,WoO048_Rondo.mid,-1,True
beethoven,WoO048_Rondo_shiftp1.mid,WoO048_Rondo.mid,1,True
mozart,Sonatina_n22_4mov_shiftm1.mid,Sonatina_n22_4mov.mid,-1,True
mozart,Sonatina_n22_4mov_shiftp1.mid,Sonatina_n22_4mov.mid,1,True
mozart,Symphony_n5_K022_shiftm1.mid,Symphony_n5_K022.mid,-1,True
mozart,Symphony_n5_K022_shiftp1.mid,Symphony_n5_K022.mid,1,True
mozart,Symphony_n38_K504_2mov_Prague_shiftm1.mid,Symphony_n38_K504_2mov_Prague.mid,-1,True
mozart,Symphony_n38_K504_2mov_Prague_shiftp1.mid,Symphony_n38_K504_2mov_Prague.mid,1,True
mozart,K332_Piano_Sonata_n12_3mov_shiftm1.mid,K332_Piano_Sonata_n12_3mov.mid,-1,True
mozart,K332_Piano_Sonata_n12_3mov_shiftp1.mid,K332_Piano_Sonata_n12_3mov.mid,1,True
beethoven,Bagatella_Fur_Elise_shiftm1.mid,Bagatella_Fur_Elise.mid,-1,True
beethoven,Bagatella_Fur_Elise_shiftp1.mid,Bagatella_Fur_Elise.mid,1,True
mozart,Symphony_n25_K183_1mov_shiftm1.mid,Symphony_n25_K183_1mov.mid,-1,True
mozart,Symphony_n25_K183_1mov_shiftp1.mid,Symphony_n25_K183_1mov.mid,1,True
chopin,19_Polish_Songs_for_Solo_Voice_and_Piano_accomplements_No12_shiftm2.mid,19_Polish_Songs_for_Solo_Voice_and_Piano_accomplements_No12.mid,-2,True
chopin,19_Polish_Songs_for_Solo_Voice_and_Piano_accomplements_No12_shiftm1.mid,19_Polish_Songs_for_Solo_Voice_and_Piano_accomplements_No12.mid,-1,True
chopin,19_Polish_Songs_for_Solo_Voice_and_Piano_accomplements_No12_shiftp1.mid,19_Polish_Songs_for_Solo_Voice_and_Piano_accomplements_No12.mid,1,True
chopin,19_Polish_Songs_for_Solo_Voice_and_Piano_accomplements_No12_shiftp2.mid,19_Polish_Songs_for_Solo_Voice_and_Piano_accomplements_No12.mid,2,True
mozart,K330_Piano_Sonata_n10_3mov_shiftm1.mid,K330_Piano_Sonata_n10_3mov.mid,-1,True
mozart,K330_Piano_Sonata_n10_3mov_shiftp1.mid,K330_Piano_Sonata_n10_3mov.mid,1,True
chopin,Fantasie_Impromptu_op66_shiftm2.mid,Fantasie_Impromptu_op66.mid,-2,True
chopin,Fantasie_Impromptu_op66_shiftm1.mid,Fantasie_Impromptu_op66.mid,-1,True
chopin,Fantasie_Impromptu_op66_shiftp1.mid,Fantasie_Impromptu_op66.mid,1,True
chopin,Fantasie_Impromptu_op66_shiftp2.mid,Fantasie_Impromptu_op66.mid,2,True
mozart,Piano_Concerto_n14_K449_2mov_shiftm1.mid,Piano_Concerto_n14_K449_2mov.mid,-1,True
mozart,Piano_Concerto_n14_K449_2mov_shiftp1.mid,Piano_Concerto_n14_K449_2mov.mid,1,True
mozart,Symphony_n33_K319_3mov_shiftm1.mid,Symphony_n33_K319_3mov.mid,-1,True
mozart,Symphony_n33_K319_3mov_shiftp1.mid,Symphony_n33_K319_3mov.mid,1,True
chopin,Etude_op10_n10_shiftm2.mid,Etude_op10_n10.mid,-2,True
chopin,Etude_op10_n10_shiftm1.mid,Etude_op10_n10.mid,-1,True
chopin,Etude_op10_n10_shiftp1.mid,Etude_op10_n10.mid,1,True
chopin,Etude_op10_n10_shiftp2.mid,Etude_op10_n10.mid,2,True
beethoven,Piano_Sonata_n29_Op106_Hammerklavier_shiftm1.mid,Piano_Sonata_n29_Op106_Hammerklavier.mid,-1,True
beethoven,Piano_Sonata_n29_Op106_Hammerklavier_shiftp1.mid,Piano_Sonata_n29_Op106_Hammerklavier.mid,1,True
chopin,Nocturne_op37_01_shiftm2.mid,Nocturne_op37_01.mid,-2,True
chopin,Nocturne_op37_01_shiftm1.mid,Nocturne_op37_01.mid,-1,True
chopin,Nocturne_op37_01_shiftp1.mid,Nocturne_op37_01.mid,1,True
chopin,Nocturne_op37_01_shiftp2.mid,Nocturne_op37_01.mid,2,True
mozart,Symphony_n35_K385_2mov_Haffner_shiftm1.mid,Symphony_n35_K385_2mov_Haffner.mid,-1,True
mozart,Symphony_n35_K385_2mov_Haffner_shiftp1.mid,Symphony_n35_K385_2mov_Haffner.mid,1,True
chopin,Prelude_n06_op28_Tolling_Bells_shiftm2.mid,Prelude_n06_op28_Tolling_Bells.mid,-2,True
chopin,Prelude_n06_op28_Tolling_Bells_shiftm1.mid,Prelude_n06_op28_Tolling_Bells.mid,-1,True
chopin,Prelude_n06_op28_Tolling_Bells_shiftp1.mid,Prelude_n06_op28_Tolling_Bells.mid,1,True
chopin,Prelude_n06_op28_Tolling_Bells_shiftp2.mid,Prelude_n06_op28_Tolling_Bells.mid,2,True
beethoven,Symphony_n1_2mov_shiftm1.mid,Symphony_n1_2mov.mid,-1,True
beethoven,Symphony_n1_2mov_shiftp1.mid,Symphony_n1_2mov.mid,1,True
beethoven,Piano_Sonata_n23_op57_2mov_Apassionata_shiftm1.mid,Piano_Sonata_n23_op57_2mov_Apassionata.mid,-1,True
beethoven,Piano_Sonata_n23_op57_2mov_Apassionata_shiftp1.mid,Piano_Sonata_n23_op57_2mov_Apassionata.mid,1,True
mozart,K495_Horn_Concerto_n4_1mov_shiftm1.mid,K495_Horn_Concerto_n4_1mov.mid,-1,True
mozart,K495_Horn_Concerto_n4_1mov_shiftp1.mid,K495_Horn_Concerto_n4_1mov.mid,1,True
mozart,K626_Requiem_kyrie_shiftm1.mid,K626_Requiem_kyrie.mid,-1,True
mozart,K626_Requiem_kyrie_shiftp1.mid,K626_Requiem_kyrie.mid,1,True
beethoven,Rage_over_a_lost_pennny_shiftm1.mid,Rage_over_a_lost_pennny.mid,-1,True
beethoven,Rage_over_a_lost_pennny_shiftp1.mid,Rage_over_a_lost_pennny.mid,1,True
mozart,K284_Piano_Sonata_n06_shiftm1.mid,K284_Piano_Sonata_n06.mid,-1,True
mozart,K284_Piano_Sonata_n06_shiftp1.mid,K284_Piano_Sonata_n06.mid,1,True
chopin,Nocturne_op62_n2_shiftm2.mid,Nocturne_op62_n2.mid,-2,True
chopin,Nocturne_op62_n2_shiftm1.mid,Nocturne_op62_n2.mid,-1,True
chopin,Nocturne_op62_n2_shiftp1.mid,Nocturne_op62_n2.mid,1,True
chopin,Nocturne_op62_n2_shiftp2.mid,Nocturne_op62_n2.mid,2,True
chopin,Etude_Op10_No11_shiftm2.mid,Etude_Op10_No11.mid,-2,True
chopin,Etude_Op10_No11_shiftm1.mid,Etude_Op10_No11.mid,-1,True
chopin,Etude_Op10_No11_shiftp1.mid,Etude_Op10_No11.mid,1,True
chopin,Etude_Op10_No11_shiftp2.mid,Etude_Op10_No11.mid,2,True
mozart,K331_Piano_Sonata_n11_shiftm1.mid,K331_Piano_Sonata_n11.mid,-1,True
mozart,K331_Piano_Sonata_n11_shiftp1.mid,K331_Piano_Sonata_n11.mid,1,True
mozart,Symphony_n28_K200_1mov_shiftm1.mid,Symphony_n28_K200_1mov.mid,-1,True
mozart,Symphony_n28_K200_1mov_shiftp1.mid,Symphony_n28_K200_1mov.mid,1,True
mozart,K576_Piano_Sonata_n19_shiftm1.mid,K576_Piano_Sonata_n19.mid,-1,True
mozart,K576_Piano_Sonata_n19_shiftp1.mid,K576_Piano_Sonata_n19.mid,1,True
mozart,Another_piece_for_PianoK176_shiftm1.mid,Another_piece_for_PianoK176.mid,-1,True
mozart,Another_piece_for_PianoK176_shiftp1.mid,Another_piece_for_PianoK176.mid,1,True
beethoven,Overture_Egmont_shiftm1.mid,Overture_Egmont.mid,-1,True
beethoven,Overture_Egmont_shiftp1.mid,Overture_Egmont.mid,1,True
chopin,Piano_Concerto_n1_op11_1mov_shiftm2.mid,Piano_Concerto_n1_op11_1mov.mid,-2,True
chopin,Piano_Concerto_n1_op11_1mov_shiftm1.mid,Piano_Concerto_n1_op11_1mov.mid,-1,True
chopin,Piano_Concerto_n1_op11_1mov_shiftp1.mid,Piano_Concerto_n1_op11_1mov.mid,1,True
chopin,Piano_Concerto_n1_op11_1mov_shiftp2.mid,Piano_Concerto_n1_op11_1mov.mid,2,True
chopin,Piano_Concerto_n2_1mov_shiftm2.mid,Piano_Concerto_n2_1mov.mid,-2,True
chopin,Piano_Concerto_n2_1mov_shiftm1.mid,Piano_Concerto_n2_1mov.mid,-1,True
chopin,Piano_Concerto_n2_1mov_shiftp1.mid,Piano_Concerto_n2_1mov.mid,1,True
chopin,Piano_Concerto_n2_1mov_shiftp2.mid,Piano_Concerto_n2_1mov.mid,2,True
beethoven,WoO051_Sonatina_1-2_movs_shiftm1.mid,WoO051_Sonatina_1-2_movs.mid,-1,True
beethoven,WoO051_Sonatina_1-2_movs_shiftp1.mid,WoO051_Sonatina_1-2_movs.mid,1,True
beethoven,Lieder_op48_n5_Gottes_Macht_Und_Vorsehung_shiftm1.mid,Lieder_op48_n5_Gottes_Macht_Und_Vorsehung.mid,-1,True
beethoven,Lieder_op48_n5_Gottes_Macht_Und_Vorsehung_shiftp1.mid,Lieder_op48_n5_Gottes_Macht_Und_Vorsehung.mid,1,True
chopin,19_Polish_Songs_for_Solo_Voice_and_Piano_accomplements_No5_shiftm2.mid,19_Polish_Songs_for_Solo_Voice_and_Piano_accomplements_No5.mid,-2,True
chopin,19_Polish_Songs_for_Solo_Voice_and_Piano_accomplements_No5_shiftm1.mid,19_Polish_Songs_for_Solo_Voice_and_Piano_accomplements_No5.mid,-1,True
chopin,19_Polish_Songs_for_Solo_Voice_and_Piano_accomplements_No5_shiftp1.mid,19_Polish_Songs_for_Solo_Voice_and_Piano_accomplements_No5.mid,1,True
chopin,19_Polish_Songs_for_Solo_Voice_and_Piano_accomplements_No5_shiftp2.mid,19_Polish_Songs_for_Solo_Voice_and_Piano_accomplements_No5.mid,2,True
mozart,Early_Pieces_n3_Little_march_shiftm1.mid,Early_Pieces_n3_Little_march.mid,-1,True
mozart,Early_Pieces_n3_Little_march_shiftp1.mid,Early_Pieces_n3_Little_march.mid,1,True
beethoven,Sieben_Bagatellen_in_E_flat_Major_Opus33_No1_shiftm1.mid,Sieben_Bagatellen_in_E_flat_Major_Opus33_No1.mid,-1,True
beethoven,Sieben_Bagatellen_in_E_flat_Major_Opus33_No1_shiftp1.mid,Sieben_Bagatellen_in_E_flat_Major_Opus33_No1.mid,1,True
beethoven,Sketch_for_Piano_Alla_Marcia_shiftm1.mid,Sketch_for_Piano_Alla_Marcia.mid,-1,True
beethoven,Sketch_for_Piano_Alla_Marcia_shiftp1.mid,Sketch_for_Piano_Alla_Marcia.mid,1,True
mozart,K527_Overture_Don_Giovanni_shiftm1.mid,K527_Overture_Don_Giovanni.mid,-1,True
mozart,K527_Overture_Don_Giovanni_shiftp1.mid,K527_Overture_Don_Giovanni.mid,1,True
mozart,Symphony_n38_K504_3mov_Prague_shiftm1.mid,Symphony_n38_K504_3mov_Prague.mid,-1,True
mozart,Symphony_n38_K504_3mov_Prague_shiftp1.mid,Symphony_n38_K504_3mov_Prague.mid,1,True
beethoven,Piano_Sonata_n14_op27_1mov_Moonlight_shiftm1.mid,Piano_Sonata_n14_op27_1mov_Moonlight.mid,-1,True
beethoven,Piano_Sonata_n14_op27_1mov_Moonlight_shiftp1.mid,Piano_Sonata_n14_op27_1mov_Moonlight.mid,1,True
mozart,Symphony_n25_K183_4mov_shiftm1.mid,Symphony_n25_K183_4mov.mid,-1,True
mozart,Symphony_n25_K183_4mov_shiftp1.mid,Symphony_n25_K183_4mov.mid,1,True
beethoven,Fur_Elise_shiftm1.mid,Fur_Elise.mid,-1,True
beethoven,Fur_Elise_shiftp1.mid,Fur_Elise.mid,1,True
chopin,Nocturne_op15_n3_shiftm2.mid,Nocturne_op15_n3.mid,-2,True
chopin,Nocturne_op15_n3_shiftm1.mid,Nocturne_op15_n3.mid,-1,True
chopin,Nocturne_op15_n3_shiftp1.mid,Nocturne_op15_n3.mid,1,True
chopin,Nocturne_op15_n3_shiftp2.mid,Nocturne_op15_n3.mid,2,True
beethoven,Seven_Inversions_of_God_Save_the_King_shiftm1.mid,Seven_Inversions_of_God_Save_the_King.mid,-1,True
beethoven,Seven_Inversions_of_God_Save_the_King_shiftp1.mid,Seven_Inversions_of_God_Save_the_King.mid,1,True
beethoven,Symphony_n7_4mov_shiftm1.mid,Symphony_n7_4mov.mid,-1,True
beethoven,Symphony_n7_4mov_shiftp1.mid,Symphony_n7_4mov.mid,1,True
mozart,K314_Flute_Concerto_n2_1mov_shiftm1.mid,K314_Flute_Concerto_n2_1mov.mid,-1,True
mozart,K314_Flute_Concerto_n2_1mov_shiftp1.mid,K314_Flute_Concerto_n2_1mov.mid,1,True
beethoven,Lieder_op46_Adelaide_shiftm1.mid,Lieder_op46_Adelaide.mid,-1,True
beethoven,Lieder_op46_Adelaide_shiftp1.mid,Lieder_op46_Adelaide.mid,1,True
chopin,Mazurka_op7_n1_shiftm2.mid,Mazurka_op7_n1.mid,-2,True
chopin,Mazurka_op7_n1_shiftm1.mid,Mazurka_op7_n1.mid,-1,True
chopin,Mazurka_op7_n1_shiftp1.mid,Mazurka_op7_n1.mid,1,True
chopin,Mazurka_op7_n1_shiftp2.mid,Mazurka_op7_n1.mid,2,True
beethoven,Piano_Sonata_n05_shiftm1.mid,Piano_Sonata_n05.mid,-1,True
beethoven,Piano_Sonata_n05_shiftp1.mid,Piano_Sonata_n05.mid,1,True
beethoven,Sieben_Bagatellen_C_Major_Opus33_No2_shiftm1.mid,Sieben_Bagatellen_C_Major_Opus33_No2.mid,-1,True
beethoven,Sieben_Bagatellen_C_Major_Opus33_No2_shiftp1.mid,Sieben_Bagatellen_C_Major_Opus33_No2.mid,1,True
beethoven,Lieder_op99_Der_Mann_Von_Wort_shiftm1.mid,Lieder_op99_Der_Mann_Von_Wort.mid,-1,True
beethoven,Lieder_op99_Der_Mann_Von_Wort_shiftp1.mid,Lieder_op99_Der_Mann_Von_Wort.mid,1,True
beethoven,Symphony_n7_3mov_shiftm1.mid,Symphony_n7_3mov.mid,-1,True
beethoven,Symphony_n7_3mov_shiftp1.mid,Symphony_n7_3mov.mid,1,True
mozart,K357_Piano_Sonata_4_Hands_shiftm1.mid,K357_Piano_Sonata_4_Hands.mid,-1,True
mozart,K357_Piano_Sonata_4_Hands_shiftp1.mid,K357_Piano_Sonata_4_Hands.mid,1,True
beethoven,Lieder_op82_n1_Dimmi_Den_Mio_Che_Mi_Ami_shiftm1.mid,Lieder_op82_n1_Dimmi_Den_Mio_Che_Mi_Ami.mid,-1,True
beethoven,Lieder_op82_n1_Dimmi_Den_Mio_Che_Mi_Ami_shiftp1.mid,Lieder_op82_n1_Dimmi_Den_Mio_Che_Mi_Ami.mid,1,True
beethoven,Piano_Concerto_n3_op37_2mov_shiftm1.mid,Piano_Concerto_n3_op37_2mov.mid,-1,True
beethoven,Piano_Concerto_n3_op37_2mov_shiftp1.mid,Piano_Concerto_n3_op37_2mov.mid,1,True
beethoven,Bagatella_op33_n4_shiftm1.mid,Bagatella_op33_n4.mid,-1,True
beethoven,Bagatella_op33_n4_shiftp1.mid,Bagatella_op33_n4.mid,1,True
mozart,Symphony_n29_K201_1mov_shiftm1.mid,Symphony_n29_K201_1mov.mid,-1,True
mozart,Symphony_n29_K201_1mov_shiftp1.mid,Symphony_n29_K201_1mov.mid,1,True
mozart,K354_Piano_Variations_Je_Suis_Lindor_shiftm1.mid,K354_Piano_Variations_Je_Suis_Lindor.mid,-1,True
mozart,K354_Piano_Variations_Je_Suis_Lindor_shiftp1.mid,K354_Piano_Variations_Je_Suis_Lindor.mid,1,True
beethoven,Piano_Concerto_n4_op58_2mov_shiftm1.mid,Piano_Concerto_n4_op58_2mov.mid,-1,True
beethoven,Piano_Concerto_n4_op58_2mov_shiftp1.mid,Piano_Concerto_n4_op58_2mov.mid,1,True
beethoven,Bagatella_op33_n3_shiftm1.mid,Bagatella_op33_n3.mid,-1,True
beethoven,Bagatella_op33_n3_shiftp1.mid,Bagatella_op33_n3.mid,1,True
beethoven,Piano_Sonata_n14_op27_2mov_Moonlight_shiftm1.mid,Piano_Sonata_n14_op27_2mov_Moonlight.mid,-1,True
beethoven,Piano_Sonata_n14_op27_2mov_Moonlight_shiftp1.mid,Piano_Sonata_n14_op27_2mov_Moonlight.mid,1,True
mozart,Symphony_n30_K202_1mov_shiftm1.mid,Symphony_n30_K202_1mov.mid,-1,True
mozart,Symphony_n30_K202_1mov_shiftp1.mid,Symphony_n30_K202_1mov.mid,1,True
mozart,Symphony_n31_K297_2mov_Paris_shiftm1.mid,Symphony_n31_K297_2mov_Paris.mid,-1,True
mozart,Symphony_n31_K297_2mov_Paris_shiftp1.mid,Symphony_n31_K297_2mov_Paris.mid,1,True
chopin,19_Polish_Songs_for_Solo_Voice_and_Piano_accomplements_No13_shiftm2.mid,19_Polish_Songs_for_Solo_Voice_and_Piano_accomplements_No13.mid,-2,True
chopin,19_Polish_Songs_for_Solo_Voice_and_Piano_accomplements_No13_shiftm1.mid,19_Polish_Songs_for_Solo_Voice_and_Piano_accomplements_No13.mid,-1,True
chopin,19_Polish_Songs_for_Solo_Voice_and_Piano_accomplements_No13_shiftp1.mid,19_Polish_Songs_for_Solo_Voice_and_Piano_accomplements_No13.mid,1,True
chopin,19_Polish_Songs_for_Solo_Voice_and_Piano_accomplements_No13_shiftp2.mid,19_Polish_Songs_for_Solo_Voice_and_Piano_accomplements_No13.mid,2,True
mozart,Piano_Sonata_n18_K570_shiftm1.mid,Piano_Sonata_n18_K570.mid,-1,True
mozart,Piano_Sonata_n18_K570_shiftp1.mid,Piano_Sonata_n18_K570.mid,1,True
chopin,Etude_op10_n07_shiftm2.mid,Etude_op10_n07.mid,-2,True
chopin,Etude_op10_n07_shiftm1.mid,Etude_op10_n07.mid,-1,True
chopin,Etude_op10_n07_shiftp1.mid,Etude_op10_n07.mid,1,True
chopin,Etude_op10_n07_shiftp2.mid,Etude_op10_n07.mid,2,True
chopin,Nocturne_op32_n1_shiftm2.mid,Nocturne_op32_n1.mid,-2,True
chopin,Nocturne_op32_n1_shiftm1.mid,Nocturne_op32_n1.mid,-1,True
chopin,Nocturne_op32_n1_shiftp1.mid,Nocturne_op32_n1.mid,1,True
chopin,Nocturne_op32_n1_shiftp2.mid,Nocturne_op32_n1.mid,2,True
beethoven,Symphony_op125_n9_1mov_Choral_shiftm1.mid,Symphony_op125_n9_1mov_Choral.mid,-1,True
beethoven,Symphony_op125_n9_1mov_Choral_shiftp1.mid,Symphony_op125_n9_1mov_Choral.mid,1,True
beethoven,Symphony_op125_n9_4mov_Choral_shiftm1.mid,Symphony_op125_n9_4mov_Choral.mid,-1,True
beethoven,Symphony_op125_n9_4mov_Choral_shiftp1.mid,Symphony_op125_n9_4mov_Choral.mid,1,True
beethoven,Hess057_Bagatella_shiftm1.mid,Hess057_Bagatella.mid,-1,True
beethoven,Hess057_Bagatella_shiftp1.mid,Hess057_Bagatella.mid,1,True
mozart,Symphony_n25_K183_3mov_shiftm1.mid,Symphony_n25_K183_3mov.mid,-1,True
mozart,Symphony_n25_K183_3mov_shiftp1.mid,Symphony_n25_K183_3mov.mid,1,True
chopin,Prelude_n19_op28_shiftm2.mid,Prelude_n19_op28.mid,-2,True
chopin,Prelude_n19_op28_shiftm1.mid,Prelude_n19_op28.mid,-1,True
chopin,Prelude_n19_op28_shiftp1.mid,Prelude_n19_op28.mid,1,True
chopin,Prelude_n19_op28_shiftp2.mid,Prelude_n19_op28.mid,2,True
chopin,Scherzo_No2_Opus31_shiftm2.mid,Scherzo_No2_Opus31.mid,-2,True
chopin,Scherzo_No2_Opus31_shiftm1.mid,Scherzo_No2_Opus31.mid,-1,True
chopin,Scherzo_No2_Opus31_shiftp1.mid,Scherzo_No2_Opus31.mid,1,True
chopin,Scherzo_No2_Opus31_shiftp2.mid,Scherzo_No2_Opus31.mid,2,True
chopin,Barcarolle_in_F_sharp_Major_shiftm2.mid,Barcarolle_in_F_sharp_Major.mid,-2,True
chopin,Barcarolle_in_F_sharp_Major_shiftm1.mid,Barcarolle_in_F_sharp_Major.mid,-1,True
chopin,Barcarolle_in_F_sharp_Major_shiftp1.mid,Barcarolle_in_F_sharp_Major.mid,1,True
chopin,Barcarolle_in_F_sharp_Major_shiftp2.mid,Barcarolle_in_F_sharp_Major.mid,2,True
chopin,Etude_op10_n06_shiftm2.mid,Etude_op10_n06.mid,-2,True
chopin,Etude_op10_n06_shiftm1.mid,Etude_op10_n06.mid,-1,True
chopin,Etude_op10_n06_shiftp1.mid,Etude_op10_n06.mid,1,True
chopin,Etude_op10_n06_shiftp2.mid,Etude_op10_n06.mid,2,True
mozart,K401_Fuga_in_G_minor_shiftm1.mid,K401_Fuga_in_G_minor.mid,-1,True
mozart,K401_Fuga_in_G_minor_shiftp1.mid,K401_Fuga_in_G_minor.mid,1,True
mozart,K333_Piano_Sonata_n13_2mov_shiftm1.mid,K333_Piano_Sonata_n13_2mov.mid,-1,True
mozart,K333_Piano_Sonata_n13_2mov_shiftp1.mid,K333_Piano_Sonata_n13_2mov.mid,1,True
mozart,K521_Piano_Sonata_4_Hands_shiftm1.mid,K521_Piano_Sonata_4_Hands.mid,-1,True
mozart,K521_Piano_Sonata_4_Hands_shiftp1.mid,K521_Piano_Sonata_4_Hands.mid,1,True
beethoven,Piano_Concerto_n2_op19_2mov_shiftm1.mid,Piano_Concerto_n2_op19_2mov.mid,-1,True
beethoven,Piano_Concerto_n2_op19_2mov_shiftp1.mid,Piano_Concerto_n2_op19_2mov.mid,1,True
chopin,19_Polish_Songs_for_Solo_Voice_and_Piano_accomplements_No2_shiftm2.mid,19_Polish_Songs_for_Solo_Voice_and_Piano_accomplements_No2.mid,-2,True
chopin,19_Polish_Songs_for_Solo_Voice_and_Piano_accomplements_No2_shiftm1.mid,19_Polish_Songs_for_Solo_Voice_and_Piano_accomplements_No2.mid,-1,True
chopin,19_Polish_Songs_for_Solo_Voice_and_Piano_accomplements_No2_shiftp1.mid,19_Polish_Songs_for_Solo_Voice_and_Piano_accomplements_No2.mid,1,True
chopin,19_Polish_Songs_for_Solo_Voice_and_Piano_accomplements_No2_shiftp2.mid,19_Polish_Songs_for_Solo_Voice_and_Piano_accomplements_No2.mid,2,True
beethoven,op077_Fantaisie_shiftm1.mid,op077_Fantaisie.mid,-1,True
beethoven,op077_Fantaisie_shiftp1.mid,op077_Fantaisie.mid,1,True
beethoven,Symphony_n2_op36_4mov_shiftm1.mid,Symphony_n2_op36_4mov.mid,-1,True
beethoven,Symphony_n2_op36_4mov_shiftp1.mid,Symphony_n2_op36_4mov.mid,1,True
mozart,Early_Pieces_n10_Air_shiftm1.mid,Early_Pieces_n10_Air.mid,-1,True
mozart,Early_Pieces_n10_Air_shiftp1.mid,Early_Pieces_n10_Air.mid,1,True
beethoven,Piano_Concerto_No5Mov1_shiftm1.mid,Piano_Concerto_No5Mov1.mid,-1,True
beethoven,Piano_Concerto_No5Mov1_shiftp1.mid,Piano_Concerto_No5Mov1.mid,1,True
mozart,Symphony_n36_K425_1mov_Linz_shiftm1.mid,Symphony_n36_K425_1mov_Linz.mid,-1,True
mozart,Symphony_n36_K425_1mov_Linz_shiftp1.mid,Symphony_n36_K425_1mov_Linz.mid,1,True
mozart,K309_Piano_Sonata_n10_1mov_shiftm1.mid,K309_Piano_Sonata_n10_1mov.mid,-1,True
mozart,K309_Piano_Sonata_n10_1mov_shiftp1.mid,K309_Piano_Sonata_n10_1mov.mid,1,True
mozart,Contradance_n2_shiftm1.mid,Contradance_n2.mid,-1,True
mozart,Contradance_n2_shiftp1.mid,Contradance_n2.mid,1,True
chopin,Sonata_op35_n3_shiftm2.mid,Sonata_op35_n3.mid,-2,True
chopin,Sonata_op35_n3_shiftm1.mid,Sonata_op35_n3.mid,-1,True
chopin,Sonata_op35_n3_shiftp1.mid,Sonata_op35_n3.mid,1,True
chopin,Sonata_op35_n3_shiftp2.mid,Sonata_op35_n3.mid,2,True
chopin,Prelude_n15_op28_Raindrop_shiftm2.mid,Prelude_n15_op28_Raindrop.mid,-2,True
chopin,Prelude_n15_op28_Raindrop_shiftm1.mid,Prelude_n15_op28_Raindrop.mid,-1,True
chopin,Prelude_n15_op28_Raindrop_shiftp1.mid,Prelude_n15_op28_Raindrop.mid,1,True
chopin,Prelude_n15_op28_Raindrop_shiftp2.mid,Prelude_n15_op28_Raindrop.mid,2,True
mozart,K279_Piano_sonata_n01_2mov_shiftm1.mid,K279_Piano_sonata_n01_2mov.mid,-1,True
mozart,K279_Piano_sonata_n01_2mov_shiftp1.mid,K279_Piano_sonata_n01_2mov.mid,1,True
mozart,K545_Piano_Sonata_shiftm1.mid,K545_Piano_Sonata.mid,-1,True
mozart,K545_Piano_Sonata_shiftp1.mid,K545_Piano_Sonata.mid,1,True
chopin,Prelude_n17_op28_Scene_On_the_Place_of_Notre_Dame_shiftm2.mid,Prelude_n17_op28_Scene_On_the_Place_of_Notre_Dame.mid,-2,True
chopin,Prelude_n17_op28_Scene_On_the_Place_of_Notre_Dame_shiftm1.mid,Prelude_n17_op28_Scene_On_the_Place_of_Notre_Dame.mid,-1,True
chopin,Prelude_n17_op28_Scene_On_the_Place_of_Notre_Dame_shiftp1.mid,Prelude_n17_op28_Scene_On_the_Place_of_Notre_Dame.mid,1,True
chopin,Prelude_n17_op28_Scene_On_the_Place_of_Notre_Dame_shiftp2.mid,Prelude_n17_op28_Scene_On_the_Place_of_Notre_Dame.mid,2,True
chopin,Piano_Concerto_n1_op11_2mov_shiftm2.mid,Piano_Concerto_n1_op11_2mov.mid,-2,True
chopin,Piano_Concerto_n1_op11_2mov_shiftm1.mid,Piano_Concerto_n1_op11_2mov.mid,-1,True
chopin,Piano_Concerto_n1_op11_2mov_shiftp1.mid,Piano_Concerto_n1_op11_2mov.mid,1,True
chopin,Piano_Concerto_n1_op11_2mov_shiftp2.mid,Piano_Concerto_n1_op11_2mov.mid,2,True
chopin,19_Polish_Songs_for_Solo_Voice_and_Piano_accomplements_No16_shiftm2.mid,19_Polish_Songs_for_Solo_Voice_and_Piano_accomplements_No16.mid,-2,True
chopin,19_Polish_Songs_for_Solo_Voice_and_Piano_accomplements_No16_shiftm1.mid,19_Polish_Songs_for_Solo_Voice_and_Piano_accomplements_No16.mid,-1,True
chopin,19_Polish_Songs_for_Solo_Voice_and_Piano_accomplements_No16_shiftp1.mid,19_Polish_Songs_for_Solo_Voice_and_Piano_accomplements_No16.mid,1,True
chopin,19_Polish_Songs_for_Solo_Voice_and_Piano_accomplements_No16_shiftp2.mid,19_Polish_Songs_for_Solo_Voice_and_Piano_accomplements_No16.mid,2,True
beethoven,Sonatina_op33_4mov_shiftm1.mid,Sonatina_op33_4mov.mid,-1,True
beethoven,Sonatina_op33_4mov_shiftp1.mid,Sonatina_op33_4mov.mid,1,True
beethoven,WoO060_Mouvement_Pour_Piano_shiftm1.mid,WoO060_Mouvement_Pour_Piano.mid,-1,True
beethoven,WoO060_Mouvement_Pour_Piano_shiftp1.mid,WoO060_Mouvement_Pour_Piano.mid,1,True
chopin,Etude_op10_n12_Revolutionary_shiftm2.mid,Etude_op10_n12_Revolutionary.mid,-2,True
chopin,Etude_op10_n12_Revolutionary_shiftm1.mid,Etude_op10_n12_Revolutionary.mid,-1,True
chopin,Etude_op10_n12_Revolutionary_shiftp1.mid,Etude_op10_n12_Revolutionary.mid,1,True
chopin,Etude_op10_n12_Revolutionary_shiftp2.mid,Etude_op10_n12_Revolutionary.mid,2,True
beethoven,Piano_Sonata_No27__3rd_mov_shiftm1.mid,Piano_Sonata_No27__3rd_mov.mid,-1,True
beethoven,Piano_Sonata_No27__3rd_mov_shiftp1.mid,Piano_Sonata_No27__3rd_mov.mid,1,True
mozart,K05_Minuet_for_Harpsichord_shiftm1.mid,K05_Minuet_for_Harpsichord.mid,-1,True
mozart,K05_Minuet_for_Harpsichord_shiftp1.mid,K05_Minuet_for_Harpsichord.mid,1,True
beethoven,Bagatella_op33_n1_shiftm1.mid,Bagatella_op33_n1.mid,-1,True
beethoven,Bagatella_op33_n1_shiftp1.mid,Bagatella_op33_n1.mid,1,True
beethoven,WoO086_Scotish_shiftm1.mid,WoO086_Scotish.mid,-1,True
beethoven,WoO086_Scotish_shiftp1.mid,WoO086_Scotish.mid,1,True
mozart,K393_Solfeggi_n2_shiftm1.mid,K393_Solfeggi_n2.mid,-1,True
mozart,K393_Solfeggi_n2_shiftp1.mid,K393_Solfeggi_n2.mid,1,True
beethoven,Symphony_n1_4mov_shiftm1.mid,Symphony_n1_4mov.mid,-1,True
beethoven,Symphony_n1_4mov_shiftp1.mid,Symphony_n1_4mov.mid,1,True
beethoven,Piano_Sonata_n27_shiftm1.mid,Piano_Sonata_n27.mid,-1,True
beethoven,Piano_Sonata_n27_shiftp1.mid,Piano_Sonata_n27.mid,1,True
mozart,Early_Pieces_n5_Country_Dance_shiftm1.mid,Early_Pieces_n5_Country_Dance.mid,-1,True
mozart,Early_Pieces_n5_Country_Dance_shiftp1.mid,Early_Pieces_n5_Country_Dance.mid,1,True
beethoven,Symphony_op93_n8_4mov_shiftm1.mid,Symphony_op93_n8_4mov.mid,-1,True
beethoven,Symphony_op93_n8_4mov_shiftp1.mid,Symphony_op93_n8_4mov.mid,1,True
beethoven,Piano_Sonata_n30_shiftm1.mid,Piano_Sonata_n30.mid,-1,True
beethoven,Piano_Sonata_n30_shiftp1.mid,Piano_Sonata_n30.mid,1,True
beethoven,Sonata_Opus111_C_minor_No1_shiftm1.mid,Sonata_Opus111_C_minor_No1.mid,-1,True
beethoven,Sonata_Opus111_C_minor_No1_shiftp1.mid,Sonata_Opus111_C_minor_No1.mid,1,True
beethoven,String_Quartet_n16_op135_3mov_shiftm1.mid,String_Quartet_n16_op135_3mov.mid,-1,True
beethoven,String_Quartet_n16_op135_3mov_shiftp1.mid,String_Quartet_n16_op135_3mov.mid,1,True
beethoven,Symphony_n5_op67_1mov_shiftm1.mid,Symphony_n5_op67_1mov.mid,-1,True
beethoven,Symphony_n5_op67_1mov_shiftp1.mid,Symphony_n5_op67_1mov.mid,1,True
chopin,Nocturne_op15_n2_shiftm2.mid,Nocturne_op15_n2.mid,-2,True
chopin,Nocturne_op15_n2_shiftm1.mid,Nocturne_op15_n2.mid,-1,True
chopin,Nocturne_op15_n2_shiftp1.mid,Nocturne_op15_n2.mid,1,True
chopin,Nocturne_op15_n2_shiftp2.mid,Nocturne_op15_n2.mid,2,True
mozart,Adagio_in_B_flat_shiftm1.mid,Adagio_in_B_flat.mid,-1,True
mozart,Adagio_in_B_flat_shiftp1.mid,Adagio_in_B_flat.mid,1,True
mozart,K314_Flute_Concerto_n2_3mov_shiftm1.mid,K314_Flute_Concerto_n2_3mov.mid,-1,True
mozart,K314_Flute_Concerto_n2_3mov_shiftp1.mid,K314_Flute_Concerto_n2_3mov.mid,1,True
mozart,Symphony_n35_K385_1mov_Haffner_shiftm1.mid,Symphony_n35_K385_1mov_Haffner.mid,-1,True
mozart,Symphony_n35_K385_1mov_Haffner_shiftp1.mid,Symphony_n35_K385_1mov_Haffner.mid,1,True
mozart,K333_Piano_Sonata_n13_3mov_shiftm1.mid,K333_Piano_Sonata_n13_3mov.mid,-1,True
mozart,K333_Piano_Sonata_n13_3mov_shiftp1.mid,K333_Piano_Sonata_n13_3mov.mid,1,True
chopin,Impromptu_n3_op51_shiftm2.mid,Impromptu_n3_op51.mid,-2,True
chopin,Impromptu_n3_op51_shiftm1.mid,Impromptu_n3_op51.mid,-1,True
chopin,Impromptu_n3_op51_shiftp1.mid,Impromptu_n3_op51.mid,1,True
chopin,Impromptu_n3_op51_shiftp2.mid,Impromptu_n3_op51.mid,2,True
mozart,Piano_Sonata_n19_K576_shiftm1.mid,Piano_Sonata_n19_K576.mid,-1,True
mozart,Piano_Sonata_n19_K576_shiftp1.mid,Piano_Sonata_n19_K576.mid,1,True
chopin,Etude_op10_n01_shiftm2.mid,Etude_op10_n01.mid,-2,True
chopin,Etude_op10_n01_shiftm1.mid,Etude_op10_n01.mid,-1,True
chopin,Etude_op10_n01_shiftp1.mid,Etude_op10_n01.mid,1,True
chopin,Etude_op10_n01_shiftp2.mid,Etude_op10_n01.mid,2,True
beethoven,Sketch_for_Piano_Allegretto_shiftm1.mid,Sketch_for_Piano_Allegretto.mid,-1,True
beethoven,Sketch_for_Piano_Allegretto_shiftp1.mid,Sketch_for_Piano_Allegretto.mid,1,True
chopin,Nocturne_op33_n2_shiftm2.mid,Nocturne_op33_n2.mid,-2,True
chopin,Nocturne_op33_n2_shiftm1.mid,Nocturne_op33_n2.mid,-1,True
chopin,Nocturne_op33_n2_shiftp1.mid,Nocturne_op33_n2.mid,1,True
chopin,Nocturne_op33_n2_shiftp2.mid,Nocturne_op33_n2.mid,2,True
chopin,19_Polish_Songs_for_Solo_Voice_and_Piano_accomplements_No9_shiftm2.mid,19_Polish_Songs_for_Solo_Voice_and_Piano_accomplements_No9.mid,-2,True
chopin,19_Polish_Songs_for_Solo_Voice_and_Piano_accomplements_No9_shiftm1.mid,19_Polish_Songs_for_Solo_Voice_and_Piano_accomplements_No9.mid,-1,True
chopin,19_Polish_Songs_for_Solo_Voice_and_Piano_accomplements_No9_shiftp1.mid,19_Polish_Songs_for_Solo_Voice_and_Piano_accomplements_No9.mid,1,True
chopin,19_Polish_Songs_for_Solo_Voice_and_Piano_accomplements_No9_shiftp2.mid,19_Polish_Songs_for_Solo_Voice_and_Piano_accomplements_No9.mid,2,True
beethoven,Hess074_Bagatella_shiftm1.mid,Hess074_Bagatella.mid,-1,True
beethoven,Hess074_Bagatella_shiftp1.mid,Hess074_Bagatella.mid,1,True
beethoven,Piano_Concerto_n5_op73_1mov_Emperor_shiftm1.mid,Piano_Concerto_n5_op73_1mov_Emperor.mid,-1,True
beethoven,Piano_Concerto_n5_op73_1mov_Emperor_shiftp1.mid,Piano_Concerto_n5_op73_1mov_Emperor.mid,1,True
mozart,Symphony_n22_K162_1mov_shiftm1.mid,Symphony_n22_K162_1mov.mid,-1,True
mozart,Symphony_n22_K162_1mov_shiftp1.mid,Symphony_n22_K162_1mov.mid,1,True
chopin,Etude_op25_n07_shiftm2.mid,Etude_op25_n07.mid,-2,True
chopin,Etude_op25_n07_shiftm1.mid,Etude_op25_n07.mid,-1,True
chopin,Etude_op25_n07_shiftp1.mid,Etude_op25_n07.mid,1,True
chopin,Etude_op25_n07_shiftp2.mid,Etude_op25_n07.mid,2,True
beethoven,Piano_Sonata_n17_Tempestat_shiftm1.mid,Piano_Sonata_n17_Tempestat.mid,-1,True
beethoven,Piano_Sonata_n17_Tempestat_shiftp1.mid,Piano_Sonata_n17_Tempestat.mid,1,True
mozart,Symphony_n39_K543_1mov_shiftm1.mid,Symphony_n39_K543_1mov.mid,-1,True
mozart,Symphony_n39_K543_1mov_shiftp1.mid,Symphony_n39_K543_1mov.mid,1,True
beethoven,WoO061_Mouvement_Pour_Piano_shiftm1.mid,WoO061_Mouvement_Pour_Piano.mid,-1,True
beethoven,WoO061_Mouvement_Pour_Piano_shiftp1.mid,WoO061_Mouvement_Pour_Piano.mid,1,True
chopin,Prelude_n04_op28_Suffocation_shiftm2.mid,Prelude_n04_op28_Suffocation.mid,-2,True
chopin,Prelude_n04_op28_Suffocation_shiftm1.mid,Prelude_n04_op28_Suffocation.mid,-1,True
chopin,Prelude_n04_op28_Suffocation_shiftp1.mid,Prelude_n04_op28_Suffocation.mid,1,True
chopin,Prelude_n04_op28_Suffocation_shiftp2.mid,Prelude_n04_op28_Suffocation.mid,2,True
mozart,Piano_Concerto_n23_K488_3mov_shiftm1.mid,Piano_Concerto_n23_K488_3mov.mid,-1,True
mozart,Piano_Concerto_n23_K488_3mov_shiftp1.mid,Piano_Concerto_n23_K488_3mov.mid,1,True
mozart,Piano_Sonata_n06_K284_shiftm1.mid,Piano_Sonata_n06_K284.mid,-1,True
mozart,Piano_Sonata_n06_K284_shiftp1.mid,Piano_Sonata_n06_K284.mid,1,True
beethoven,WoO049_Rondo_shiftm1.mid,WoO049_Rondo.mid,-1,True
beethoven,WoO049_Rondo_shiftp1.mid,WoO049_Rondo.mid,1,True
mozart,Symphony_n36_K425_2mov_Linz_shiftm1.mid,Symphony_n36_K425_2mov_Linz.mid,-1,True
mozart,Symphony_n36_K425_2mov_Linz_shiftp1.mid,Symphony_n36_K425_2mov_Linz.mid,1,True
beethoven,Lieder_op48_n6_Busslied_shiftm1.mid,Lieder_op48_n6_Busslied.mid,-1,True
beethoven,Lieder_op48_n6_Busslied_shiftp1.mid,Lieder_op48_n6_Busslied.mid,1,True
mozart,K398_Piano_Variations_Salve_Tu_Domine_shiftm1.mid,K398_Piano_Variations_Salve_Tu_Domine.mid,-1,True
mozart,K398_Piano_Variations_Salve_Tu_Domine_shiftp1.mid,K398_Piano_Variations_Salve_Tu_Domine.mid,1,True
beethoven,String_Quartet_n2_op18_n2_1mov_shiftm1.mid,String_Quartet_n2_op18_n2_1mov.mid,-1,True
beethoven,String_Quartet_n2_op18_n2_1mov_shiftp1.mid,String_Quartet_n2_op18_n2_1mov.mid,1,True
mozart,K280_Piano_sonata_n02_1mov_shiftm1.mid,K280_Piano_sonata_n02_1mov.mid,-1,True
mozart,K280_Piano_sonata_n02_1mov_shiftp1.mid,K280_Piano_sonata_n02_1mov.mid,1,True
mozart,Symphony_n40_K550_3mov_shiftm1.mid,Symphony_n40_K550_3mov.mid,-1,True
mozart,Symphony_n40_K550_3mov_shiftp1.mid,Symphony_n40_K550_3mov.mid,1,True
mozart,Piano_Sonata_n11_K331_shiftm1.mid,Piano_Sonata_n11_K331.mid,-1,True
mozart,Piano_Sonata_n11_K331_shiftp1.mid,Piano_Sonata_n11_K331.mid,1,True
chopin,Prelude_n22_op28_Impatience_shiftm2.mid,Prelude_n22_op28_Impatience.mid,-2,True
chopin,Prelude_n22_op28_Impatience_shiftm1.mid,Prelude_n22_op28_Impatience.mid,-1,True
chopin,Prelude_n22_op28_Impatience_shiftp1.mid,Prelude_n22_op28_Impatience.mid,1,True
chopin,Prelude_n22_op28_Impatience_shiftp2.mid,Prelude_n22_op28_Impatience.mid,2,True
mozart,K361_Serenade_n10_3mov_shiftm1.mid,K361_Serenade_n10_3mov.mid,-1,True
mozart,K361_Serenade_n10_3mov_shiftp1.mid,K361_Serenade_n10_3mov.mid,1,True
mozart,K622_Clarinet_Concerto_3mov_shiftm1.mid,K622_Clarinet_Concerto_3mov.mid,-1,True
mozart,K622_Clarinet_Concerto_3mov_shiftp1.mid,K622_Clarinet_Concerto_3mov.mid,1,True
beethoven,Piano_Concerto_n2_op19_3mov_shiftm1.mid,Piano_Concerto_n2_op19_3mov.mid,-1,True
beethoven,Piano_Concerto_n2_op19_3mov_shiftp1.mid,Piano_Concerto_n2_op19_3mov.mid,1,True
mozart,Early_Pieces_n6_Llittle_minuet_shiftm1.mid,Early_Pieces_n6_Llittle_minuet.mid,-1,True
mozart,Early_Pieces_n6_Llittle_minuet_shiftp1.mid,Early_Pieces_n6_Llittle_minuet.mid,1,True
mozart,Piano_Concerto_n16_K451_3mov_shiftm1.mid,Piano_Concerto_n16_K451_3mov.mid,-1,True
mozart,Piano_Concerto_n16_K451_3mov_shiftp1.mid,Piano_Concerto_n16_K451_3mov.mid,1,True
mozart,K279_Piano_sonata_n01_3mov_shiftm1.mid,K279_Piano_sonata_n01_3mov.mid,-1,True
mozart,K279_Piano_sonata_n01_3mov_shiftp1.mid,K279_Piano_sonata_n01_3mov.mid,1,True
beethoven,Piano_Sonata_n21_1mov_Waldstein_shiftm1.mid,Piano_Sonata_n21_1mov_Waldstein.mid,-1,True
beethoven,Piano_Sonata_n21_1mov_Waldstein_shiftp1.mid,Piano_Sonata_n21_1mov_Waldstein.mid,1,True
mozart,K546_Adagio__Fugue_for_Strings_shiftm1.mid,K546_Adagio__Fugue_for_Strings.mid,-1,True
mozart,K546_Adagio__Fugue_for_Strings_shiftp1.mid,K546_Adagio__Fugue_for_Strings.mid,1,True
mozart,K626_Requiem_12_agnus_dei_shiftm1.mid,K626_Requiem_12_agnus_dei.mid,-1,True
mozart,K626_Requiem_12_agnus_dei_shiftp1.mid,K626_Requiem_12_agnus_dei.mid,1,True
mozart,Piano_Concerto_n18_K456_3mov_Paradis_shiftm1.mid,Piano_Concerto_n18_K456_3mov_Paradis.mid,-1,True
mozart,Piano_Concerto_n18_K456_3mov_Paradis_shiftp1.mid,Piano_Concerto_n18_K456_3mov_Paradis.mid,1,True
chopin,Revolutionary_shiftm2.mid,Revolutionary.mid,-2,True
chopin,Revolutionary_shiftm1.mid,Revolutionary.mid,-1,True
chopin,Revolutionary_shiftp1.mid,Revolutionary.mid,1,True
chopin,Revolutionary_shiftp2.mid,Revolutionary.mid,2,True
chopin,Nocturne_No1_Opus62_shiftm2.mid,Nocturne_No1_Opus62.mid,-2,True
chopin,Nocturne_No1_Opus62_shiftm1.mid,Nocturne_No1_Opus62.mid,-1,True
chopin,Nocturne_No1_Opus62_shiftp1.mid,Nocturne_No1_Opus62.mid,1,True
chopin,Nocturne_No1_Opus62_shiftp2.mid,Nocturne_No1_Opus62.mid,2,True
beethoven,32_Variations_on_a_theme_shiftm1.mid,32_Variations_on_a_theme.mid,-1,True
beethoven,32_Variations_on_a_theme_shiftp1.mid,32_Variations_on_a_theme.mid,1,True
beethoven,Piano_sonata_n26_Les_Adieux_shiftm1.mid,Piano_sonata_n26_Les_Adieux.mid,-1,True
beethoven,Piano_sonata_n26_Les_Adieux_shiftp1.mid,Piano_sonata_n26_Les_Adieux.mid,1,True
chopin,Etude_No7_in_C_Major_Opus10_No7_shiftm2.mid,Etude_No7_in_C_Major_Opus10_No7.mid,-2,True
chopin,Etude_No7_in_C_Major_Opus10_No7_shiftm1.mid,Etude_No7_in_C_Major_Opus10_No7.mid,-1,True
chopin,Etude_No7_in_C_Major_Opus10_No7_shiftp1.mid,Etude_No7_in_C_Major_Opus10_No7.mid,1,True
chopin,Etude_No7_in_C_Major_Opus10_No7_shiftp2.mid,Etude_No7_in_C_Major_Opus10_No7.mid,2,True
beethoven,Piano_Sonata_n07_shiftm1.mid,Piano_Sonata_n07.mid,-1,True
beethoven,Piano_Sonata_n07_shiftp1.mid,Piano_Sonata_n07.mid,1,True
mozart,K381_Piano_Sonata_4_Hands_shiftm1.mid,K381_Piano_Sonata_4_Hands.mid,-1,True
mozart,K381_Piano_Sonata_4_Hands_shiftp1.mid,K381_Piano_Sonata_4_Hands.mid,1,True
mozart,K497_Piano_Sonata_4_Hands_shiftm1.mid,K497_Piano_Sonata_4_Hands.mid,-1,True
mozart,K497_Piano_Sonata_4_Hands_shiftp1.mid,K497_Piano_Sonata_4_Hands.mid,1,True
beethoven,Lieder_op48_n4_Die_Ehre_Gottes_Aus_Der_Natur_shiftm1.mid,Lieder_op48_n4_Die_Ehre_Gottes_Aus_Der_Natur.mid,-1,True
beethoven,Lieder_op48_n4_Die_Ehre_Gottes_Aus_Der_Natur_shiftp1.mid,Lieder_op48_n4_Die_Ehre_Gottes_Aus_Der_Natur.mid,1,True
mozart,K622_Clarinet_Concerto_1mov_shiftm1.mid,K622_Clarinet_Concerto_1mov.mid,-1,True
mozart,K622_Clarinet_Concerto_1mov_shiftp1.mid,K622_Clarinet_Concerto_1mov.mid,1,True
beethoven,Symphony_n2_op36_2mov_shiftm1.mid,Symphony_n2_op36_2mov.mid,-1,True
beethoven,Symphony_n2_op36_2mov_shiftp1.mid,Symphony_n2_op36_2mov.mid,1,True
mozart,K495_Horn_Concerto_n4_3mov_shiftm1.mid,K495_Horn_Concerto_n4_3mov.mid,-1,True
mozart,K495_Horn_Concerto_n4_3mov_shiftp1.mid,K495_Horn_Concerto_n4_3mov.mid,1,True
mozart,K620_Overture_The_Magic_Flute_shiftm1.mid,K620_Overture_The_Magic_Flute.mid,-1,True
mozart,K620_Overture_The_Magic_Flute_shiftp1.mid,K620_Overture_The_Magic_Flute.mid,1,True
mozart,K393_Solfeggi_n1_shiftm1.mid,K393_Solfeggi_n1.mid,-1,True
mozart,K393_Solfeggi_n1_shiftp1.mid,K393_Solfeggi_n1.mid,1,True
chopin,Prelude_n01_op28_Reunion_shiftm2.mid,Prelude_n01_op28_Reunion.mid,-2,True
chopin,Prelude_n01_op28_Reunion_shiftm1.mid,Prelude_n01_op28_Reunion.mid,-1,True
chopin,Prelude_n01_op28_Reunion_shiftp1.mid,Prelude_n01_op28_Reunion.mid,1,True
chopin,Prelude_n01_op28_Reunion_shiftp2.mid,Prelude_n01_op28_Reunion.mid,2,True
mozart,Piano_Concerto_n23_K488_1mov_shiftm1.mid,Piano_Concerto_n23_K488_1mov.mid,-1,True
mozart,Piano_Concerto_n23_K488_1mov_shiftp1.mid,Piano_Concerto_n23_K488_1mov.mid,1,True
beethoven,Piano_Sonata_n10_2mov_shiftm1.mid,Piano_Sonata_n10_2mov.mid,-1,True
beethoven,Piano_Sonata_n10_2mov_shiftp1.mid,Piano_Sonata_n10_2mov.mid,1,True
chopin,19_Polish_Songs_for_Solo_Voice_and_Piano_accomplements_No19_shiftm2.mid,19_Polish_Songs_for_Solo_Voice_and_Piano_accomplements_No19.mid,-2,True
chopin,19_Polish_Songs_for_Solo_Voice_and_Piano_accomplements_No19_shiftm1.mid,19_Polish_Songs_for_Solo_Voice_and_Piano_accomplements_No19.mid,-1,True
chopin,19_Polish_Songs_for_Solo_Voice_and_Piano_accomplements_No19_shiftp1.mid,19_Polish_Songs_for_Solo_Voice_and_Piano_accomplements_No19.mid,1,True
chopin,19_Polish_Songs_for_Solo_Voice_and_Piano_accomplements_No19_shiftp2.mid,19_Polish_Songs_for_Solo_Voice_and_Piano_accomplements_No19.mid,2,True
chopin,Winter_wind_etude_shiftm2.mid,Winter_wind_etude.mid,-2,True
chopin,Winter_wind_etude_shiftm1.mid,Winter_wind_etude.mid,-1,True
chopin,Winter_wind_etude_shiftp1.mid,Winter_wind_etude.mid,1,True
chopin,Winter_wind_etude_shiftp2.mid,Winter_wind_etude.mid,2,True
mozart,K332_Piano_Sonata_n12_2mov_shiftm1.mid,K332_Piano_Sonata_n12_2mov.mid,-1,True
mozart,K332_Piano_Sonata_n12_2mov_shiftp1.mid,K332_Piano_Sonata_n12_2mov.mid,1,True
chopin,Waltz_op70_n2_shiftm2.mid,Waltz_op70_n2.mid,-2,True
chopin,Waltz_op70_n2_shiftm1.mid,Waltz_op70_n2.mid,-1,True
chopin,Waltz_op70_n2_shiftp1.mid,Waltz_op70_n2.mid,1,True
chopin,Waltz_op70_n2_shiftp2.mid,Waltz_op70_n2.mid,2,True
mozart,Piano_Concerto_n26_K537_1mov_Coronation_shiftm1.mid,Piano_Concerto_n26_K537_1mov_Coronation.mid,-1,True
mozart,Piano_Concerto_n26_K537_1mov_Coronation_shiftp1.mid,Piano_Concerto_n26_K537_1mov_Coronation.mid,1,True
mozart,Viennese_Sonatinas_K439b_n2_1mov_shiftm1.mid,Viennese_Sonatinas_K439b_n2_1mov.mid,-1,True
mozart,Viennese_Sonatinas_K439b_n2_1mov_shiftp1.mid,Viennese_Sonatinas_K439b_n2_1mov.mid,1,True
beethoven,134_shiftm1.mid,134.mid,-1,True
beethoven,134_shiftp1.mid,134.mid,1,True
mozart,Viennese_Sonatinas_K439b_n2_3mov_shiftm1.mid,Viennese_Sonatinas_K439b_n2_3mov.mid,-1,True
mozart,Viennese_Sonatinas_K439b_n2_3mov_shiftp1.mid,Viennese_Sonatinas_K439b_n2_3mov.mid,1,True
beethoven,Piano_Concerto_No5Mov3_shiftm1.mid,Piano_Concerto_No5Mov3.mid,-1,True
beethoven,Piano_Concerto_No5Mov3_shiftp1.mid,Piano_Concerto_No5Mov3.mid,1,True
beethoven,Piano_Concerto_n3_op37_1mov_shiftm1.mid,Piano_Concerto_n3_op37_1mov.mid,-1,True
beethoven,Piano_Concerto_n3_op37_1mov_shiftp1.mid,Piano_Concerto_n3_op37_1mov.mid,1,True
mozart,Early_Pieces_n18_Little_Song_shiftm1.mid,Early_Pieces_n18_Little_Song.mid,-1,True
mozart,Early_Pieces_n18_Little_Song_shiftp1.mid,Early_Pieces_n18_Little_Song.mid,1,True
chopin,Sonata_No3_2nd_Mov_Scherzo_shiftm2.mid,Sonata_No3_2nd_Mov_Scherzo.mid,-2,True
chopin,Sonata_No3_2nd_Mov_Scherzo_shiftm1.mid,Sonata_No3_2nd_Mov_Scherzo.mid,-1,True
chopin,Sonata_No3_2nd_Mov_Scherzo_shiftp1.mid,Sonata_No3_2nd_Mov_Scherzo.mid,1,True
chopin,Sonata_No3_2nd_Mov_Scherzo_shiftp2.mid,Sonata_No3_2nd_Mov_Scherzo.mid,2,True
chopin,Etude_op25_n05_shiftm2.mid,Etude_op25_n05.mid,-2,True
chopin,Etude_op25_n05_shiftm1.mid,Etude_op25_n05.mid,-1,True
chopin,Etude_op25_n05_shiftp1.mid,Etude_op25_n05.mid,1,True
chopin,Etude_op25_n05_shiftp2.mid,Etude_op25_n05.mid,2,True
mozart,K622_Clarinet_Concerto_2mov_shiftm1.mid,K622_Clarinet_Concerto_2mov.mid,-1,True
mozart,K622_Clarinet_Concerto_2mov_shiftp1.mid,K622_Clarinet_Concerto_2mov.mid,1,True
chopin,Sonata_op35_n2_shiftm2.mid,Sonata_op35_n2.mid,-2,True
chopin,Sonata_op35_n2_shiftm1.mid,Sonata_op35_n2.mid,-1,True
chopin,Sonata_op35_n2_shiftp1.mid,Sonata_op35_n2.mid,1,True
chopin,Sonata_op35_n2_shiftp2.mid,Sonata_op35_n2.mid,2,True
mozart,Piano_Concerto_n12_K414_1mov_shiftm1.mid,Piano_Concerto_n12_K414_1mov.mid,-1,True
mozart,Piano_Concerto_n12_K414_1mov_shiftp1.mid,Piano_Concerto_n12_K414_1mov.mid,1,True
beethoven,Sonata_for_Piano__Cello_n2_op05_shiftm1.mid,Sonata_for_Piano__Cello_n2_op05.mid,-1,True
beethoven,Sonata_for_Piano__Cello_n2_op05_shiftp1.mid,Sonata_for_Piano__Cello_n2_op05.mid,1,True
mozart,Piano_Concerto_n17_K453_3mov_shiftm1.mid,Piano_Concerto_n17_K453_3mov.mid,-1,True
mozart,Piano_Concerto_n17_K453_3mov_shiftp1.mid,Piano_Concerto_n17_K453_3mov.mid,1,True
beethoven,Opus045_Three_Grandes_Marches_shiftm1.mid,Opus045_Three_Grandes_Marches.mid,-1,True
beethoven,Opus045_Three_Grandes_Marches_shiftp1.mid,Opus045_Three_Grandes_Marches.mid,1,True
mozart,Piano_Concerto_n20_K466_2mov_shiftm1.mid,Piano_Concerto_n20_K466_2mov.mid,-1,True
mozart,Piano_Concerto_n20_K466_2mov_shiftp1.mid,Piano_Concerto_n20_K466_2mov.mid,1,True
beethoven,Piano_Sonata_n19_shiftm1.mid,Piano_Sonata_n19.mid,-1,True
beethoven,Piano_Sonata_n19_shiftp1.mid,Piano_Sonata_n19.mid,1,True
beethoven,String_Quartet_n2_op18_n2_3mov_shiftm1.mid,String_Quartet_n2_op18_n2_3mov.mid,-1,True
beethoven,String_Quartet_n2_op18_n2_3mov_shiftp1.mid,String_Quartet_n2_op18_n2_3mov.mid,1,True
beethoven,13_shiftm1.mid,13.mid,-1,True
beethoven,13_shiftp1.mid,13.mid,1,True
beethoven,Piano_Sonata_n06_shiftm1.mid,Piano_Sonata_n06.mid,-1,True
beethoven,Piano_Sonata_n06_shiftp1.mid,Piano_Sonata_n06.mid,1,True
mozart,Piano_Concerto_n7_for_3_Pianos_K242_3mov_Lodron_shiftm1.mid,Piano_Concerto_n7_for_3_Pianos_K242_3mov_Lodron.mid,-1,True
mozart,Piano_Concerto_n7_for_3_Pianos_K242_3mov_Lodron_shiftp1.mid,Piano_Concerto_n7_for_3_Pianos_K242_3mov_Lodron.mid,1,True
beethoven,Piano_Sonata_n09_shiftm1.mid,Piano_Sonata_n09.mid,-1,True
beethoven,Piano_Sonata_n09_shiftp1.mid,Piano_Sonata_n09.mid,1,True
mozart,Piano_Concerto_n8_K246_1mov_shiftm1.mid,Piano_Concerto_n8_K246_1mov.mid,-1,True
mozart,Piano_Concerto_n8_K246_1mov_shiftp1.mid,Piano_Concerto_n8_K246_1mov.mid,1,True
chopin,Prelude_n18_op28_Suicide_shiftm2.mid,Prelude_n18_op28_Suicide.mid,-2,True
chopin,Prelude_n18_op28_Suicide_shiftm1.mid,Prelude_n18_op28_Suicide.mid,-1,True
chopin,Prelude_n18_op28_Suicide_shiftp1.mid,Prelude_n18_op28_Suicide.mid,1,True
chopin,Prelude_n18_op28_Suicide_shiftp2.mid,Prelude_n18_op28_Suicide.mid,2,True
beethoven,WoO083_Six_Escotish_Dances_for_Piano_shiftm1.mid,WoO083_Six_Escotish_Dances_for_Piano.mid,-1,True
beethoven,WoO083_Six_Escotish_Dances_for_Piano_shiftp1.mid,WoO083_Six_Escotish_Dances_for_Piano.mid,1,True
beethoven,Piano_Sonata_n15_Pastoral_shiftm1.mid,Piano_Sonata_n15_Pastoral.mid,-1,True
beethoven,Piano_Sonata_n15_Pastoral_shiftp1.mid,Piano_Sonata_n15_Pastoral.mid,1,True
beethoven,Rondo_Opus51_No1_shiftm1.mid,Rondo_Opus51_No1.mid,-1,True
beethoven,Rondo_Opus51_No1_shiftp1.mid,Rondo_Opus51_No1.mid,1,True
mozart,Piano_Concerto_n20_K466_3mov_shiftm1.mid,Piano_Concerto_n20_K466_3mov.mid,-1,True
mozart,Piano_Concerto_n20_K466_3mov_shiftp1.mid,Piano_Concerto_n20_K466_3mov.mid,1,True
beethoven,Piano_Romance__No50_shiftm1.mid,Piano_Romance__No50.mid,-1,True
beethoven,Piano_Romance__No50_shiftp1.mid,Piano_Romance__No50.mid,1,True
chopin,Etude_op25_n01_Harp_Etude_shiftm2.mid,Etude_op25_n01_Harp_Etude.mid,-2,True
chopin,Etude_op25_n01_Harp_Etude_shiftm1.mid,Etude_op25_n01_Harp_Etude.mid,-1,True
chopin,Etude_op25_n01_Harp_Etude_shiftp1.mid,Etude_op25_n01_Harp_Etude.mid,1,True
chopin,Etude_op25_n01_Harp_Etude_shiftp2.mid,Etude_op25_n01_Harp_Etude.mid,2,True
mozart,K427_Great_Mass_1mov_shiftm1.mid,K427_Great_Mass_1mov.mid,-1,True
mozart,K427_Great_Mass_1mov_shiftp1.mid,K427_Great_Mass_1mov.mid,1,True
mozart,Symphony_n39_K543_3mov_shiftm1.mid,Symphony_n39_K543_3mov.mid,-1,True
mozart,Symphony_n39_K543_3mov_shiftp1.mid,Symphony_n39_K543_3mov.mid,1,True
chopin,Tarantella_shiftm2.mid,Tarantella.mid,-2,True
chopin,Tarantella_shiftm1.mid,Tarantella.mid,-1,True
chopin,Tarantella_shiftp1.mid,Tarantella.mid,1,True
chopin,Tarantella_shiftp2.mid,Tarantella.mid,2,True
mozart,Fantasia_in_D_K397_shiftm1.mid,Fantasia_in_D_K397.mid,-1,True
mozart,Fantasia_in_D_K397_shiftp1.mid,Fantasia_in_D_K397.mid,1,True
beethoven,Piano_Sonatina_in_G_Op79_shiftm1.mid,Piano_Sonatina_in_G_Op79.mid,-1,True
beethoven,Piano_Sonatina_in_G_Op79_shiftp1.mid,Piano_Sonatina_in_G_Op79.mid,1,True
chopin,Prelude_n07_op28_The_Polish_Dance_shiftm2.mid,Prelude_n07_op28_The_Polish_Dance.mid,-2,True
chopin,Prelude_n07_op28_The_Polish_Dance_shiftm1.mid,Prelude_n07_op28_The_Polish_Dance.mid,-1,True
chopin,Prelude_n07_op28_The_Polish_Dance_shiftp1.mid,Prelude_n07_op28_The_Polish_Dance.mid,1,True
chopin,Prelude_n07_op28_The_Polish_Dance_shiftp2.mid,Prelude_n07_op28_The_Polish_Dance.mid,2,True
mozart,K317_Coronation_Mass_5mov_shiftm1.mid,K317_Coronation_Mass_5mov.mid,-1,True
mozart,K317_Coronation_Mass_5mov_shiftp1.mid,K317_Coronation_Mass_5mov.mid,1,True
chopin,Etude_op_10-5_Black_keys_shiftm2.mid,Etude_op_10-5_Black_keys.mid,-2,True
chopin,Etude_op_10-5_Black_keys_shiftm1.mid,Etude_op_10-5_Black_keys.mid,-1,True
chopin,Etude_op_10-5_Black_keys_shiftp1.mid,Etude_op_10-5_Black_keys.mid,1,True
chopin,Etude_op_10-5_Black_keys_shiftp2.mid,Etude_op_10-5_Black_keys.mid,2,True
mozart,K191_Bassoon_Concerto_3mov_shiftm1.mid,K191_Bassoon_Concerto_3mov.mid,-1,True
mozart,K191_Bassoon_Concerto_3mov_shiftp1.mid,K191_Bassoon_Concerto_3mov.mid,1,True
mozart,K330_Piano_Sonata_n10_1mov_shiftm1.mid,K330_Piano_Sonata_n10_1mov.mid,-1,True
mozart,K330_Piano_Sonata_n10_1mov_shiftp1.mid,K330_Piano_Sonata_n10_1mov.mid,1,True
mozart,K626_Requiem_05_Recordare_shiftm1.mid,K626_Requiem_05_Recordare.mid,-1,True
mozart,K626_Requiem_05_Recordare_shiftp1.mid,K626_Requiem_05_Recordare.mid,1,True
mozart,Piano_Sonata_n07_K309_shiftm1.mid,Piano_Sonata_n07_K309.mid,-1,True
mozart,Piano_Sonata_n07_K309_shiftp1.mid,Piano_Sonata_n07_K309.mid,1,True
chopin,19_Polish_Songs_for_Solo_Voice_and_Piano_accomplements_No3_shiftm2.mid,19_Polish_Songs_for_Solo_Voice_and_Piano_accomplements_No3.mid,-2,True
chopin,19_Polish_Songs_for_Solo_Voice_and_Piano_accomplements_No3_shiftm1.mid,19_Polish_Songs_for_Solo_Voice_and_Piano_accomplements_No3.mid,-1,True
chopin,19_Polish_Songs_for_Solo_Voice_and_Piano_accomplements_No3_shiftp1.mid,19_Polish_Songs_for_Solo_Voice_and_Piano_accomplements_No3.mid,1,True
chopin,19_Polish_Songs_for_Solo_Voice_and_Piano_accomplements_No3_shiftp2.mid,19_Polish_Songs_for_Solo_Voice_and_Piano_accomplements_No3.mid,2,True
mozart,Piano_Concerto_n18_K456_1mov_Paradis_shiftm1.mid,Piano_Concerto_n18_K456_1mov_Paradis.mid,-1,True
mozart,Piano_Concerto_n18_K456_1mov_Paradis_shiftp1.mid,Piano_Concerto_n18_K456_1mov_Paradis.mid,1,True
beethoven,Symphony_op93_n8_2mov_shiftm1.mid,Symphony_op93_n8_2mov.mid,-1,True
beethoven,Symphony_op93_n8_2mov_shiftp1.mid,Symphony_op93_n8_2mov.mid,1,True
beethoven,Symphony_op125_n9_3mov_Choral_shiftm1.mid,Symphony_op125_n9_3mov_Choral.mid,-1,True
beethoven,Symphony_op125_n9_3mov_Choral_shiftp1.mid,Symphony_op125_n9_3mov_Choral.mid,1,True
mozart,K492_Overture_Le_Nozze_di_Figaro_shiftm1.mid,K492_Overture_Le_Nozze_di_Figaro.mid,-1,True
mozart,K492_Overture_Le_Nozze_di_Figaro_shiftp1.mid,K492_Overture_Le_Nozze_di_Figaro.mid,1,True
mozart,Piano_Sonata_n01_K279_shiftm1.mid,Piano_Sonata_n01_K279.mid,-1,True
mozart,Piano_Sonata_n01_K279_shiftp1.mid,Piano_Sonata_n01_K279.mid,1,True
beethoven,Rondo_in_B_flat_shiftm1.mid,Rondo_in_B_flat.mid,-1,True
beethoven,Rondo_in_B_flat_shiftp1.mid,Rondo_in_B_flat.mid,1,True
chopin,Etude_No1_shiftm2.mid,Etude_No1.mid,-2,True
chopin,Etude_No1_shiftm1.mid,Etude_No1.mid,-1,True
chopin,Etude_No1_shiftp1.mid,Etude_No1.mid,1,True
chopin,Etude_No1_shiftp2.mid,Etude_No1.mid,2,True
chopin,Nocturne_No15_in_F_Minor_Opus55_-1_shiftm2.mid,Nocturne_No15_in_F_Minor_Opus55_-1.mid,-2,True
chopin,Nocturne_No15_in_F_Minor_Opus55_-1_shiftm1.mid,Nocturne_No15_in_F_Minor_Opus55_-1.mid,-1,True
chopin,Nocturne_No15_in_F_Minor_Opus55_-1_shiftp1.mid,Nocturne_No15_in_F_Minor_Opus55_-1.mid,1,True
chopin,Nocturne_No15_in_F_Minor_Opus55_-1_shiftp2.mid,Nocturne_No15_in_F_Minor_Opus55_-1.mid,2,True
mozart,Contradance_n3_shiftm1.mid,Contradance_n3.mid,-1,True
mozart,Contradance_n3_shiftp1.mid,Contradance_n3.mid,1,True
chopin,Piano_Concerto_n2_2mov_shiftm2.mid,Piano_Concerto_n2_2mov.mid,-2,True
chopin,Piano_Concerto_n2_2mov_shiftm1.mid,Piano_Concerto_n2_2mov.mid,-1,True
chopin,Piano_Concerto_n2_2mov_shiftp1.mid,Piano_Concerto_n2_2mov.mid,1,True
chopin,Piano_Concerto_n2_2mov_shiftp2.mid,Piano_Concerto_n2_2mov.mid,2,True
mozart,Contradance_n1_shiftm1.mid,Contradance_n1.mid,-1,True
mozart,Contradance_n1_shiftp1.mid,Contradance_n1.mid,1,True
mozart,K331_Piano_sonata_n11_3mov_shiftm1.mid,K331_Piano_sonata_n11_3mov.mid,-1,True
mozart,K331_Piano_sonata_n11_3mov_shiftp1.mid,K331_Piano_sonata_n11_3mov.mid,1,True
mozart,Symphony_n40_K550_1mov_shiftm1.mid,Symphony_n40_K550_1mov.mid,-1,True
mozart,Symphony_n40_K550_1mov_shiftp1.mid,Symphony_n40_K550_1mov.mid,1,True
chopin,Etude_op25_n04_shiftm2.mid,Etude_op25_n04.mid,-2,True
chopin,Etude_op25_n04_shiftm1.mid,Etude_op25_n04.mid,-1,True
chopin,Etude_op25_n04_shiftp1.mid,Etude_op25_n04.mid,1,True
chopin,Etude_op25_n04_shiftp2.mid,Etude_op25_n04.mid,2,True
chopin,Etude_op25_n08_shiftm2.mid,Etude_op25_n08.mid,-2,True
chopin,Etude_op25_n08_shiftm1.mid,Etude_op25_n08.mid,-1,True
chopin,Etude_op25_n08_shiftp1.mid,Etude_op25_n08.mid,1,True
chopin,Etude_op25_n08_shiftp2.mid,Etude_op25_n08.mid,2,True
beethoven,March_No3_shiftm1.mid,March_No3.mid,-1,True
beethoven,March_No3_shiftp1.mid,March_No3.mid,1,True
mozart,K570_Piano_Sonata_3mov_shiftm1.mid,K570_Piano_Sonata_3mov.mid,-1,True
mozart,K570_Piano_Sonata_3mov_shiftp1.mid,K570_Piano_Sonata_3mov.mid,1,True
beethoven,Piano_Sonata_n28_shiftm1.mid,Piano_Sonata_n28.mid,-1,True
beethoven,Piano_Sonata_n28_shiftp1.mid,Piano_Sonata_n28.mid,1,True
chopin,Grande_Waltz_op18_shiftm2.mid,Grande_Waltz_op18.mid,-2,True
chopin,Grande_Waltz_op18_shiftm1.mid,Grande_Waltz_op18.mid,-1,True
chopin,Grande_Waltz_op18_shiftp1.mid,Grande_Waltz_op18.mid,1,True
chopin,Grande_Waltz_op18_shiftp2.mid,Grande_Waltz_op18.mid,2,True
chopin,Nocturne_op09_n2_shiftm2.mid,Nocturne_op09_n2.mid,-2,True
chopin,Nocturne_op09_n2_shiftm1.mid,Nocturne_op09_n2.mid,-1,True
chopin,Nocturne_op09_n2_shiftp1.mid,Nocturne_op09_n2.mid,1,True
chopin,Nocturne_op09_n2_shiftp2.mid,Nocturne_op09_n2.mid,2,True
mozart,A_piece_for_PianoK176_shiftm1.mid,A_piece_for_PianoK176.mid,-1,True
mozart,A_piece_for_PianoK176_shiftp1.mid,A_piece_for_PianoK176.mid,1,True
mozart,Symphony_n28_K200_2mov_shiftm1.mid,Symphony_n28_K200_2mov.mid,-1,True
mozart,Symphony_n28_K200_2mov_shiftp1.mid,Symphony_n28_K200_2mov.mid,1,True
chopin,Nocturne_op27_n1_shiftm2.mid,Nocturne_op27_n1.mid,-2,True
chopin,Nocturne_op27_n1_shiftm1.mid,Nocturne_op27_n1.mid,-1,True
chopin,Nocturne_op27_n1_shiftp1.mid,Nocturne_op27_n1.mid,1,True
chopin,Nocturne_op27_n1_shiftp2.mid,Nocturne_op27_n1.mid,2,True
mozart,K525_Serenade_4mov_Eine_Kleine_Natchmusik_shiftm1.mid,K525_Serenade_4mov_Eine_Kleine_Natchmusik.mid,-1,True
mozart,K525_Serenade_4mov_Eine_Kleine_Natchmusik_shiftp1.mid,K525_Serenade_4mov_Eine_Kleine_Natchmusik.mid,1,True
beethoven,WoO055_Prelude_shiftm1.mid,WoO055_Prelude.mid,-1,True
beethoven,WoO055_Prelude_shiftp1.mid,WoO055_Prelude.mid,1,True
beethoven,Piano_Sonata_n22_shiftm1.mid,Piano_Sonata_n22.mid,-1,True
beethoven,Piano_Sonata_n22_shiftp1.mid,Piano_Sonata_n22.mid,1,True
beethoven,Piano_Sonata_No27_shiftm1.mid,Piano_Sonata_No27.mid,-1,True
beethoven,Piano_Sonata_No27_shiftp1.mid,Piano_Sonata_No27.mid,1,True
mozart,K626_Requiem_02_rextremendae_shiftm1.mid,K626_Requiem_02_rextremendae.mid,-1,True
mozart,K626_Requiem_02_rextremendae_shiftp1.mid,K626_Requiem_02_rextremendae.mid,1,True
beethoven,Piano_Sonata_n08_op13_2mov_Pathetique_shiftm1.mid,Piano_Sonata_n08_op13_2mov_Pathetique.mid,-1,True
beethoven,Piano_Sonata_n08_op13_2mov_Pathetique_shiftp1.mid,Piano_Sonata_n08_op13_2mov_Pathetique.mid,1,True
beethoven,String_Quartet_n1_op18_1mov_shiftm1.mid,String_Quartet_n1_op18_1mov.mid,-1,True
beethoven,String_Quartet_n1_op18_1mov_shiftp1.mid,String_Quartet_n1_op18_1mov.mid,1,True
mozart,Piano_Concerto_n25_K503_3mov_shiftm1.mid,Piano_Concerto_n25_K503_3mov.mid,-1,True
mozart,Piano_Concerto_n25_K503_3mov_shiftp1.mid,Piano_Concerto_n25_K503_3mov.mid,1,True
beethoven,Sieben_Bagatellen_in_D_Major_Opus33_No6_shiftm1.mid,Sieben_Bagatellen_in_D_Major_Opus33_No6.mid,-1,True
beethoven,Sieben_Bagatellen_in_D_Major_Opus33_No6_shiftp1.mid,Sieben_Bagatellen_in_D_Major_Opus33_No6.mid,1,True
beethoven,String_Quartet_n16_op135_1mov_shiftm1.mid,String_Quartet_n16_op135_1mov.mid,-1,True
beethoven,String_Quartet_n16_op135_1mov_shiftp1.mid,String_Quartet_n16_op135_1mov.mid,1,True
chopin,Nocturne_No18_in_E_Major_Op62_shiftm2.mid,Nocturne_No18_in_E_Major_Op62.mid,-2,True
chopin,Nocturne_No18_in_E_Major_Op62_shiftm1.mid,Nocturne_No18_in_E_Major_Op62.mid,-1,True
chopin,Nocturne_No18_in_E_Major_Op62_shiftp1.mid,Nocturne_No18_in_E_Major_Op62.mid,1,True
chopin,Nocturne_No18_in_E_Major_Op62_shiftp2.mid,Nocturne_No18_in_E_Major_Op62.mid,2,True
mozart,Piano_Sonata_n05_K283_shiftm1.mid,Piano_Sonata_n05_K283.mid,-1,True
mozart,Piano_Sonata_n05_K283_shiftp1.mid,Piano_Sonata_n05_K283.mid,1,True
chopin,Ballad_op53_shiftm2.mid,Ballad_op53.mid,-2,True
chopin,Ballad_op53_shiftm1.mid,Ballad_op53.mid,-1,True
chopin,Ballad_op53_shiftp1.mid,Ballad_op53.mid,1,True
chopin,Ballad_op53_shiftp2.mid,Ballad_op53.mid,2,True
beethoven,Symphony_n4_3mov_shiftm1.mid,Symphony_n4_3mov.mid,-1,True
beethoven,Symphony_n4_3mov_shiftp1.mid,Symphony_n4_3mov.mid,1,True
mozart,K339_Vesperae_solemnes_de_confessore_Vespers_1mov_Dixit_Dominus_shiftm1.mid,K339_Vesperae_solemnes_de_confessore_Vespers_1mov_Dixit_Dominus.mid,-1,True
mozart,K339_Vesperae_solemnes_de_confessore_Vespers_1mov_Dixit_Dominus_shiftp1.mid,K339_Vesperae_solemnes_de_confessore_Vespers_1mov_Dixit_Dominus.mid,1,True
chopin,19_Polish_Songs_for_Solo_Voice_and_Piano_accomplements_No15_shiftm2.mid,19_Polish_Songs_for_Solo_Voice_and_Piano_accomplements_No15.mid,-2,True
chopin,19_Polish_Songs_for_Solo_Voice_and_Piano_accomplements_No15_shiftm1.mid,19_Polish_Songs_for_Solo_Voice_and_Piano_accomplements_No15.mid,-1,True
chopin,19_Polish_Songs_for_Solo_Voice_and_Piano_accomplements_No15_shiftp1.mid,19_Polish_Songs_for_Solo_Voice_and_Piano_accomplements_No15.mid,1,True
chopin,19_Polish_Songs_for_Solo_Voice_and_Piano_accomplements_No15_shiftp2.mid,19_Polish_Songs_for_Solo_Voice_and_Piano_accomplements_No15.mid,2,True
chopin,2542Prelude_opus28_No16_in_B_flat_minor_shiftm2.mid,2542Prelude_opus28_No16_in_B_flat_minor.mid,-2,True
chopin,2542Prelude_opus28_No16_in_B_flat_minor_shiftm1.mid,2542Prelude_opus28_No16_in_B_flat_minor.mid,-1,True
chopin,2542Prelude_opus28_No16_in_B_flat_minor_shiftp1.mid,2542Prelude_opus28_No16_in_B_flat_minor.mid,1,True
chopin,2542Prelude_opus28_No16_in_B_flat_minor_shiftp2.mid,2542Prelude_opus28_No16_in_B_flat_minor.mid,2,True
mozart,K03_Allegro_in_Bb_shiftm1.mid,K03_Allegro_in_Bb.mid,-1,True
mozart,K03_Allegro_in_Bb_shiftp1.mid,K03_Allegro_in_Bb.mid,1,True
beethoven,Symphony_n5_op67_3-4mov_shiftm1.mid,Symphony_n5_op67_3-4mov.mid,-1,True
beethoven,Symphony_n5_op67_3-4mov_shiftp1.mid,Symphony_n5_op67_3-4mov.mid,1,True
beethoven,Sonatina_n1_op05_shiftm1.mid,Sonatina_n1_op05.mid,-1,True
beethoven,Sonatina_n1_op05_shiftp1.mid,Sonatina_n1_op05.mid,1,True
mozart,K525_Serenade_1mov_Eine_Kleine_Natchmusik_shiftm1.mid,K525_Serenade_1mov_Eine_Kleine_Natchmusik.mid,-1,True
mozart,K525_Serenade_1mov_Eine_Kleine_Natchmusik_shiftp1.mid,K525_Serenade_1mov_Eine_Kleine_Natchmusik.mid,1,True
chopin,Finale_to_B_Minor_Paino_Sonata_shiftm2.mid,Finale_to_B_Minor_Paino_Sonata.mid,-2,True
chopin,Finale_to_B_Minor_Paino_Sonata_shiftm1.mid,Finale_to_B_Minor_Paino_Sonata.mid,-1,True
chopin,Finale_to_B_Minor_Paino_Sonata_shiftp1.mid,Finale_to_B_Minor_Paino_Sonata.mid,1,True
chopin,Finale_to_B_Minor_Paino_Sonata_shiftp2.mid,Finale_to_B_Minor_Paino_Sonata.mid,2,True
mozart,Piano_Sonata_n09_K310_shiftm1.mid,Piano_Sonata_n09_K310.mid,-1,True
mozart,Piano_Sonata_n09_K310_shiftp1.mid,Piano_Sonata_n09_K310.mid,1,True
beethoven,Rondo_Opus51_No2_shiftm1.mid,Rondo_Opus51_No2.mid,-1,True
beethoven,Rondo_Opus51_No2_shiftp1.mid,Rondo_Opus51_No2.mid,1,True
mozart,Symphony_n33_K319_1mov_shiftm1.mid,Symphony_n33_K319_1mov.mid,-1,True
mozart,Symphony_n33_K319_1mov_shiftp1.mid,Symphony_n33_K319_1mov.mid,1,True
beethoven,Piano_Sonata_No_28_in_B_flat_-Hammerklavier-_Op106_2nd_Mov_Scherzo_shiftm1.mid,Piano_Sonata_No_28_in_B_flat_-Hammerklavier-_Op106_2nd_Mov_Scherzo.mid,-1,True
beethoven,Piano_Sonata_No_28_in_B_flat_-Hammerklavier-_Op106_2nd_Mov_Scherzo_shiftp1.mid,Piano_Sonata_No_28_in_B_flat_-Hammerklavier-_Op106_2nd_Mov_Scherzo.mid,1,True
beethoven,op051_3_Rondos_shiftm1.mid,op051_3_Rondos.mid,-1,True
beethoven,op051_3_Rondos_shiftp1.mid,op051_3_Rondos.mid,1,True
mozart,K608_Fantasia_for_Mechanical_Organ_shiftm1.mid,K608_Fantasia_for_Mechanical_Organ.mid,-1,True
mozart,K608_Fantasia_for_Mechanical_Organ_shiftp1.mid,K608_Fantasia_for_Mechanical_Organ.mid,1,True
mozart,Early_Pieces_n17_Siciliano_shiftm1.mid,Early_Pieces_n17_Siciliano.mid,-1,True
mozart,Early_Pieces_n17_Siciliano_shiftp1.mid,Early_Pieces_n17_Siciliano.mid,1,True
chopin,Etude_op25_n06_shiftm2.mid,Etude_op25_n06.mid,-2,True
chopin,Etude_op25_n06_shiftm1.mid,Etude_op25_n06.mid,-1,True
chopin,Etude_op25_n06_shiftp1.mid,Etude_op25_n06.mid,1,True
chopin,Etude_op25_n06_shiftp2.mid,Etude_op25_n06.mid,2,True
beethoven,Violin_Concerto_op61_1mov_shiftm1.mid,Violin_Concerto_op61_1mov.mid,-1,True
beethoven,Violin_Concerto_op61_1mov_shiftp1.mid,Violin_Concerto_op61_1mov.mid,1,True
chopin,Nocturne_op37_n2_shiftm2.mid,Nocturne_op37_n2.mid,-2,True
chopin,Nocturne_op37_n2_shiftm1.mid,Nocturne_op37_n2.mid,-1,True
chopin,Nocturne_op37_n2_shiftp1.mid,Nocturne_op37_n2.mid,1,True
chopin,Nocturne_op37_n2_shiftp2.mid,Nocturne_op37_n2.mid,2,True
beethoven,83_shiftm1.mid,83.mid,-1,True
beethoven,83_shiftp1.mid,83.mid,1,True
chopin,Prelude_n20_op28_Funeral_March_shiftm2.mid,Prelude_n20_op28_Funeral_March.mid,-2,True
chopin,Prelude_n20_op28_Funeral_March_shiftm1.mid,Prelude_n20_op28_Funeral_March.mid,-1,True
chopin,Prelude_n20_op28_Funeral_March_shiftp1.mid,Prelude_n20_op28_Funeral_March.mid,1,True
chopin,Prelude_n20_op28_Funeral_March_shiftp2.mid,Prelude_n20_op28_Funeral_March.mid,2,True
chopin,Prelude_n14_op28_Fear_shiftm2.mid,Prelude_n14_op28_Fear.mid,-2,True
chopin,Prelude_n14_op28_Fear_shiftm1.mid,Prelude_n14_op28_Fear.mid,-1,True
chopin,Prelude_n14_op28_Fear_shiftp1.mid,Prelude_n14_op28_Fear.mid,1,True
chopin,Prelude_n14_op28_Fear_shiftp2.mid,Prelude_n14_op28_Fear.mid,2,True
mozart,Symphony_n22_K162_3mov_shiftm1.mid,Symphony_n22_K162_3mov.mid,-1,True
mozart,Symphony_n22_K162_3mov_shiftp1.mid,Symphony_n22_K162_3mov.mid,1,True
chopin,Ecossaise_No2_in_G_shiftm2.mid,Ecossaise_No2_in_G.mid,-2,True
chopin,Ecossaise_No2_in_G_shiftm1.mid,Ecossaise_No2_in_G.mid,-1,True
chopin,Ecossaise_No2_in_G_shiftp1.mid,Ecossaise_No2_in_G.mid,1,True
chopin,Ecossaise_No2_in_G_shiftp2.mid,Ecossaise_No2_in_G.mid,2,True
mozart,K626_Requiem_08_offertorio_domine_jesu_shiftm1.mid,K626_Requiem_08_offertorio_domine_jesu.mid,-1,True
mozart,K626_Requiem_08_offertorio_domine_jesu_shiftp1.mid,K626_Requiem_08_offertorio_domine_jesu.mid,1,True
chopin,19_Polish_Songs_for_Solo_Voice_and_Piano_accomplements_No17_shiftm2.mid,19_Polish_Songs_for_Solo_Voice_and_Piano_accomplements_No17.mid,-2,True
chopin,19_Polish_Songs_for_Solo_Voice_and_Piano_accomplements_No17_shiftm1.mid,19_Polish_Songs_for_Solo_Voice_and_Piano_accomplements_No17.mid,-1,True
chopin,19_Polish_Songs_for_Solo_Voice_and_Piano_accomplements_No17_shiftp1.mid,19_Polish_Songs_for_Solo_Voice_and_Piano_accomplements_No17.mid,1,True
chopin,19_Polish_Songs_for_Solo_Voice_and_Piano_accomplements_No17_shiftp2.mid,19_Polish_Songs_for_Solo_Voice_and_Piano_accomplements_No17.mid,2,True
beethoven,Andante_in_F_Major_shiftm1.mid,Andante_in_F_Major.mid,-1,True
beethoven,Andante_in_F_Major_shiftp1.mid,Andante_in_F_Major.mid,1,True
chopin,Ballade_No2_in_F_Major_shiftm2.mid,Ballade_No2_in_F_Major.mid,-2,True
chopin,Ballade_No2_in_F_Major_shiftm1.mid,Ballade_No2_in_F_Major.mid,-1,True
chopin,Ballade_No2_in_F_Major_shiftp1.mid,Ballade_No2_in_F_Major.mid,1,True
chopin,Ballade_No2_in_F_Major_shiftp2.mid,Ballade_No2_in_F_Major.mid,2,True
chopin,Nocturne_op09_n3_shiftm2.mid,Nocturne_op09_n3.mid,-2,True
chopin,Nocturne_op09_n3_shiftm1.mid,Nocturne_op09_n3.mid,-1,True
chopin,Nocturne_op09_n3_shiftp1.mid,Nocturne_op09_n3.mid,1,True
chopin,Nocturne_op09_n3_shiftp2.mid,Nocturne_op09_n3.mid,2,True
mozart,Early_Pieces_n19_Giga_shiftm1.mid,Early_Pieces_n19_Giga.mid,-1,True
mozart,Early_Pieces_n19_Giga_shiftp1.mid,Early_Pieces_n19_Giga.mid,1,True
beethoven,Symphony_op68_n6_2mov_Pastorale_shiftm1.mid,Symphony_op68_n6_2mov_Pastorale.mid,-1,True
beethoven,Symphony_op68_n6_2mov_Pastorale_shiftp1.mid,Symphony_op68_n6_2mov_Pastorale.mid,1,True
chopin,Sonata_No3_1st_Mov_Allegro_shiftm2.mid,Sonata_No3_1st_Mov_Allegro.mid,-2,True
chopin,Sonata_No3_1st_Mov_Allegro_shiftm1.mid,Sonata_No3_1st_Mov_Allegro.mid,-1,True
chopin,Sonata_No3_1st_Mov_Allegro_shiftp1.mid,Sonata_No3_1st_Mov_Allegro.mid,1,True
chopin,Sonata_No3_1st_Mov_Allegro_shiftp2.mid,Sonata_No3_1st_Mov_Allegro.mid,2,True
mozart,Early_Pieces_n1_Andante_shiftm1.mid,Early_Pieces_n1_Andante.mid,-1,True
mozart,Early_Pieces_n1_Andante_shiftp1.mid,Early_Pieces_n1_Andante.mid,1,True
mozart,Symphony_n34_K338_1mov_shiftm1.mid,Symphony_n34_K338_1mov.mid,-1,True
mozart,Symphony_n34_K338_1mov_shiftp1.mid,Symphony_n34_K338_1mov.mid,1,True
mozart,K573_9_Variations_for_Piano_Uber_Duport_shiftm1.mid,K573_9_Variations_for_Piano_Uber_Duport.mid,-1,True
mozart,K573_9_Variations_for_Piano_Uber_Duport_shiftp1.mid,K573_9_Variations_for_Piano_Uber_Duport.mid,1,True
beethoven,Piano_Concerto_n5_op73_2-3mov_Emperor_shiftm1.mid,Piano_Concerto_n5_op73_2-3mov_Emperor.mid,-1,True
beethoven,Piano_Concerto_n5_op73_2-3mov_Emperor_shiftp1.mid,Piano_Concerto_n5_op73_2-3mov_Emperor.mid,1,True
mozart,K626_Requiem_04_Dies_Irae_shiftm1.mid,K626_Requiem_04_Dies_Irae.mid,-1,True
mozart,K626_Requiem_04_Dies_Irae_shiftp1.mid,K626_Requiem_04_Dies_Irae.mid,1,True
beethoven,Overture_Leonore_n2_op72_shiftm1.mid,Overture_Leonore_n2_op72.mid,-1,True
beethoven,Overture_Leonore_n2_op72_shiftp1.mid,Overture_Leonore_n2_op72.mid,1,True
mozart,K317_Coronation_Mass_6mov_shiftm1.mid,K317_Coronation_Mass_6mov.mid,-1,True
mozart,K317_Coronation_Mass_6mov_shiftp1.mid,K317_Coronation_Mass_6mov.mid,1,True
mozart,K136_Divertimento_2mov_shiftm1.mid,K136_Divertimento_2mov.mid,-1,True
mozart,K136_Divertimento_2mov_shiftp1.mid,K136_Divertimento_2mov.mid,1,True
mozart,Piano_Sonata_n03_K281_shiftm1.mid,Piano_Sonata_n03_K281.mid,-1,True
mozart,Piano_Sonata_n03_K281_shiftp1.mid,Piano_Sonata_n03_K281.mid,1,True
mozart,Early_Pieces_n7_Country_dance_shiftm1.mid,Early_Pieces_n7_Country_dance.mid,-1,True
mozart,Early_Pieces_n7_Country_dance_shiftp1.mid,Early_Pieces_n7_Country_dance.mid,1,True
beethoven,Anh08Nb1_Gavotte_4_hands_shiftm1.mid,Anh08Nb1_Gavotte_4_hands.mid,-1,True
beethoven,Anh08Nb1_Gavotte_4_hands_shiftp1.mid,Anh08Nb1_Gavotte_4_hands.mid,1,True
beethoven,Bagatella_op33_n6_shiftm1.mid,Bagatella_op33_n6.mid,-1,True
beethoven,Bagatella_op33_n6_shiftp1.mid,Bagatella_op33_n6.mid,1,True
mozart,K317_Coronation_Mass_4mov_shiftm1.mid,K317_Coronation_Mass_4mov.mid,-1,True
mozart,K317_Coronation_Mass_4mov_shiftp1.mid,K317_Coronation_Mass_4mov.mid,1,True
beethoven,Piano_Sonata_n25_shiftm1.mid,Piano_Sonata_n25.mid,-1,True
beethoven,Piano_Sonata_n25_shiftp1.mid,Piano_Sonata_n25.mid,1,True
beethoven,Violin_Concerto_op61_2-3movs_shiftm1.mid,Violin_Concerto_op61_2-3movs.mid,-1,True
beethoven,Violin_Concerto_op61_2-3movs_shiftp1.mid,Violin_Concerto_op61_2-3movs.mid,1,True
mozart,Piano_Concerto_n26_K537_3mov_Coronation_shiftm1.mid,Piano_Concerto_n26_K537_3mov_Coronation.mid,-1,True
mozart,Piano_Concerto_n26_K537_3mov_Coronation_shiftp1.mid,Piano_Concerto_n26_K537_3mov_Coronation.mid,1,True
