composer,filename,npy_path,time_steps,file_kb
bach,AveMaria.mid,processed\cnn\bach\AveMaria.npy,328,28.3
bach,01_Menuet.mid,processed\cnn\bach\01_Menuet.npy,441,38.0
bach,02_Menuet.mid,processed\cnn\bach\02_Menuet.npy,357,30.8
bach,03_Menuet.mid,processed\cnn\bach\03_Menuet.npy,398,34.3
bach,04_Menuet.mid,processed\cnn\bach\04_Menuet.npy,482,41.5
bach,05_Polonaise.mid,processed\cnn\bach\05_Polonaise.npy,658,56.7
bach,06_Menuet.mid,processed\cnn\bach\06_Menuet.npy,339,29.3
bach,07_Rondo.mid,processed\cnn\bach\07_Rondo.npy,838,72.1
bach,08_Polonaise.mid,processed\cnn\bach\08_Polonaise.npy,237,20.5
bach,09_Menuet.mid,processed\cnn\bach\09_Menuet.npy,351,30.3
bach,10_Menuet.mid,processed\cnn\bach\10_Menuet.npy,296,25.6
bach,11_Marche.mid,processed\cnn\bach\11_Marche.npy,226,19.5
bach,12_Polonaise.mid,processed\cnn\bach\12_Polonaise.npy,251,21.7
bach,13_Marche.mid,processed\cnn\bach\13_Marche.npy,385,33.2
bach,14_Polonaise.mid,processed\cnn\bach\14_Polonaise.npy,345,29.8
bach,15_Musette.mid,processed\cnn\bach\15_Musette.npy,255,22.0
bach,16_Marche.mid,processed\cnn\bach\16_Marche.npy,409,35.3
bach,17_Polonaise.mid,processed\cnn\bach\17_Polonaise.npy,266,23.0
bach,003706b_.mid,processed\cnn\bach\003706b_.npy,187,16.2
bach,003806b_.mid,processed\cnn\bach\003806b_.npy,180,15.6
bach,003907b_.mid,processed\cnn\bach\003907b_.npy,170,14.7
bach,003907bv.mid,processed\cnn\bach\003907bv.npy,170,14.7
bach,004003b_.mid,processed\cnn\bach\004003b_.npy,120,10.4
bach,004006b_.mid,processed\cnn\bach\004006b_.npy,160,13.9
bach,004008b_.mid,processed\cnn\bach\004008b_.npy,246,21.3
bach,004106b_.mid,processed\cnn\bach\004106b_.npy,403,34.8
bach,004106bs.mid,processed\cnn\bach\004106bs.npy,352,30.4
bach,004207b_.mid,processed\cnn\bach\004207b_.npy,280,24.2
bach,004311b_.mid,processed\cnn\bach\004311b_.npy,192,16.6
bach,004407b_.mid,processed\cnn\bach\004407b_.npy,119,10.4
bach,004507b_.mid,processed\cnn\bach\004507b_.npy,167,14.5
bach,004606b_.mid,processed\cnn\bach\004606b_.npy,239,20.7
bach,004606bs.mid,processed\cnn\bach\004606bs.npy,172,14.9
bach,004705b_.mid,processed\cnn\bach\004705b_.npy,110,9.6
bach,004803b_.mid,processed\cnn\bach\004803b_.npy,110,9.6
bach,004807b_.mid,processed\cnn\bach\004807b_.npy,160,13.9
bach,005206b_.mid,processed\cnn\bach\005206b_.npy,141,12.2
bach,005505b_.mid,processed\cnn\bach\005505b_.npy,165,14.3
bach,005605b_.mid,processed\cnn\bach\005605b_.npy,220,19.0
bach,005708b_.mid,processed\cnn\bach\005708b_.npy,138,12.0
bach,005903b_.mid,processed\cnn\bach\005903b_.npy,267,23.1
bach,006005b_.mid,processed\cnn\bach\006005b_.npy,218,18.9
bach,006106b_.mid,processed\cnn\bach\006106b_.npy,189,16.4
bach,006206b_.mid,processed\cnn\bach\006206b_.npy,80,7.0
bach,006206bv.mid,processed\cnn\bach\006206bv.npy,80,7.0
bach,006402b_.mid,processed\cnn\bach\006402b_.npy,110,9.6
bach,006404b_.mid,processed\cnn\bach\006404b_.npy,163,14.1
bach,006408b_.mid,processed\cnn\bach\006408b_.npy,190,16.5
bach,006502b_.mid,processed\cnn\bach\006502b_.npy,125,10.9
bach,006507b_.mid,processed\cnn\bach\006507b_.npy,200,17.3
bach,006606b_.mid,processed\cnn\bach\006606b_.npy,100,8.7
bach,006704b_.mid,processed\cnn\bach\006704b_.npy,114,9.9
bach,006707b_.mid,processed\cnn\bach\006707b_.npy,152,13.2
bach,006906b_.mid,processed\cnn\bach\006906b_.npy,240,20.8
bach,006906ba.mid,processed\cnn\bach\006906ba.npy,150,13.0
bach,006906bav.mid,processed\cnn\bach\006906bav.npy,150,13.0
bach,007007b_.mid,processed\cnn\bach\007007b_.npy,165,14.3
bach,007011b_.mid,processed\cnn\bach\007011b_.npy,141,12.2
bach,007011ch.mid,processed\cnn\bach\007011ch.npy,141,12.2
bach,007206b_.mid,processed\cnn\bach\007206b_.npy,200,17.3
bach,007305b_.mid,processed\cnn\bach\007305b_.npy,156,13.5
bach,007305bv.mid,processed\cnn\bach\007305bv.npy,156,13.5
bach,007408b_.mid,processed\cnn\bach\007408b_.npy,140,12.2
bach,007507b_.mid,processed\cnn\bach\007507b_.npy,404,34.8
bach,007514b_.mid,processed\cnn\bach\007514b_.npy,404,34.8
bach,007607b_.mid,processed\cnn\bach\007607b_.npy,453,39.1
bach,007614b_.mid,processed\cnn\bach\007614b_.npy,453,39.1
bach,007706b_.mid,processed\cnn\bach\007706b_.npy,180,15.6
bach,007807b_.mid,processed\cnn\bach\007807b_.npy,160,13.9
bach,007903b_.mid,processed\cnn\bach\007903b_.npy,595,51.3
bach,007903bs.mid,processed\cnn\bach\007903bs.npy,144,12.5
bach,007906b_.mid,processed\cnn\bach\007906b_.npy,95,8.3
bach,008008b_.mid,processed\cnn\bach\008008b_.npy,170,14.7
bach,008107b_.mid,processed\cnn\bach\008107b_.npy,198,17.1
bach,008305b_.mid,processed\cnn\bach\008305b_.npy,130,11.3
bach,008405b_.mid,processed\cnn\bach\008405b_.npy,150,13.0
bach,008506b_.mid,processed\cnn\bach\008506b_.npy,150,13.0
bach,008606b_.mid,processed\cnn\bach\008606b_.npy,150,13.0
bach,008707b_.mid,processed\cnn\bach\008707b_.npy,190,16.5
bach,008807b_.mid,processed\cnn\bach\008807b_.npy,144,12.5
bach,008906b_.mid,processed\cnn\bach\008906b_.npy,135,11.7
bach,009005b_.mid,processed\cnn\bach\009005b_.npy,130,11.3
bach,009106b_.mid,processed\cnn\bach\009106b_.npy,110,9.6
bach,009106ch.mid,processed\cnn\bach\009106ch.npy,110,9.6
bach,009207b_.mid,processed\cnn\bach\009207b_.npy,467,40.3
bach,009209b_.mid,processed\cnn\bach\009209b_.npy,218,18.9
bach,009307b_.mid,processed\cnn\bach\009307b_.npy,160,13.9
bach,009408b_.mid,processed\cnn\bach\009408b_.npy,170,14.7
bach,009507b_.mid,processed\cnn\bach\009507b_.npy,153,13.3
bach,009606b_.mid,processed\cnn\bach\009606b_.npy,150,13.0
bach,009709b_.mid,processed\cnn\bach\009709b_.npy,135,11.7
bach,009709ch.mid,processed\cnn\bach\009709ch.npy,130,11.3
bach,009801b_.mid,processed\cnn\bach\009801b_.npy,1054,90.7
bach,009906b_.mid,processed\cnn\bach\009906b_.npy,150,13.0
bach,010006b_.mid,processed\cnn\bach\010006b_.npy,498,42.9
bach,010107b_.mid,processed\cnn\bach\010107b_.npy,130,11.3
bach,010107bv.mid,processed\cnn\bach\010107bv.npy,130,11.3
bach,010207b_.mid,processed\cnn\bach\010207b_.npy,119,10.4
bach,010306b_.mid,processed\cnn\bach\010306b_.npy,170,14.7
bach,010406b_.mid,processed\cnn\bach\010406b_.npy,150,13.0
bach,010406bv.mid,processed\cnn\bach\010406bv.npy,150,13.0
bach,010506b_.mid,processed\cnn\bach\010506b_.npy,319,27.5
bach,010602b_.mid,processed\cnn\bach\010602b_.npy,527,45.4
bach,010707b_.mid,processed\cnn\bach\010707b_.npy,420,36.2
bach,010806b_.mid,processed\cnn\bach\010806b_.npy,159,13.8
bach,011007b_.mid,processed\cnn\bach\011007b_.npy,120,10.4
bach,011106b_.mid,processed\cnn\bach\011106b_.npy,210,18.2
bach,011205b_.mid,processed\cnn\bach\011205b_.npy,150,13.0
bach,011308b_.mid,processed\cnn\bach\011308b_.npy,160,13.9
bach,011407b_.mid,processed\cnn\bach\011407b_.npy,159,13.8
bach,011506b_.mid,processed\cnn\bach\011506b_.npy,140,12.2
bach,011506bv.mid,processed\cnn\bach\011506bv.npy,140,12.2
bach,011606b_.mid,processed\cnn\bach\011606b_.npy,140,12.2
bach,011704b_.mid,processed\cnn\bach\011704b_.npy,154,13.4
bach,011704v1.mid,processed\cnn\bach\011704v1.npy,154,13.4
bach,011704v2.mid,processed\cnn\bach\011704v2.npy,154,13.4
bach,011909b_.mid,processed\cnn\bach\011909b_.npy,176,15.2
bach,012006b_.mid,processed\cnn\bach\012006b_.npy,170,14.7
bach,012008ba.mid,processed\cnn\bach\012008ba.npy,131,11.4
bach,012106b_.mid,processed\cnn\bach\012106b_.npy,170,14.7
bach,012206b_.mid,processed\cnn\bach\012206b_.npy,115,10.0
bach,012306b_.mid,processed\cnn\bach\012306b_.npy,216,18.7
bach,012406b_.mid,processed\cnn\bach\012406b_.npy,127,11.0
bach,012506b_.mid,processed\cnn\bach\012506b_.npy,130,11.3
bach,012606b_.mid,processed\cnn\bach\012606b_.npy,285,24.6
bach,012606bv.mid,processed\cnn\bach\012606bv.npy,285,24.6
bach,012705b_.mid,processed\cnn\bach\012705b_.npy,138,12.0
bach,012805b_.mid,processed\cnn\bach\012805b_.npy,170,14.7
bach,012905b_.mid,processed\cnn\bach\012905b_.npy,552,47.6
bach,013006b_.mid,processed\cnn\bach\013006b_.npy,113,9.8
bach,013306b_.mid,processed\cnn\bach\013306b_.npy,170,14.7
bach,013506b_.mid,processed\cnn\bach\013506b_.npy,170,14.7
bach,013606b_.mid,processed\cnn\bach\013606b_.npy,144,12.5
bach,013701b_.mid,processed\cnn\bach\013701b_.npy,954,82.1
bach,013702b_.mid,processed\cnn\bach\013702b_.npy,848,73.0
bach,013703b_.mid,processed\cnn\bach\013703b_.npy,868,74.7
bach,013705b_.mid,processed\cnn\bach\013705b_.npy,131,11.4
bach,013705ch.mid,processed\cnn\bach\013705ch.npy,131,11.4
bach,013807b_.mid,processed\cnn\bach\013807b_.npy,577,49.7
bach,013906b_.mid,processed\cnn\bach\013906b_.npy,127,11.0
bach,014001b_.mid,processed\cnn\bach\014001b_.npy,1677,144.2
bach,014004b_.mid,processed\cnn\bach\014004b_.npy,947,81.5
bach,014007b_.mid,processed\cnn\bach\014007b_.npy,269,23.2
bach,014403b_.mid,processed\cnn\bach\014403b_.npy,150,13.0
bach,014406b_.mid,processed\cnn\bach\014406b_.npy,210,18.2
bach,014500ba.mid,processed\cnn\bach\014500ba.npy,120,10.4
bach,014505b_.mid,processed\cnn\bach\014505b_.npy,129,11.2
bach,014505bv.mid,processed\cnn\bach\014505bv.npy,129,11.2
bach,014608b_.mid,processed\cnn\bach\014608b_.npy,165,14.3
bach,014706b_.mid,processed\cnn\bach\014706b_.npy,567,48.9
bach,014710b_.mid,processed\cnn\bach\014710b_.npy,567,48.9
bach,014806b_.mid,processed\cnn\bach\014806b_.npy,130,11.3
bach,014806bv.mid,processed\cnn\bach\014806bv.npy,124,10.8
bach,014907b_.mid,processed\cnn\bach\014907b_.npy,270,23.3
bach,014907ch.mid,processed\cnn\bach\014907ch.npy,270,23.3
bach,015105b_.mid,processed\cnn\bach\015105b_.npy,110,9.6
bach,015301b_.mid,processed\cnn\bach\015301b_.npy,150,13.0
bach,015305b_.mid,processed\cnn\bach\015305b_.npy,170,14.7
bach,015309b_.mid,processed\cnn\bach\015309b_.npy,120,10.4
bach,015403b_.mid,processed\cnn\bach\015403b_.npy,160,13.9
bach,015408b_.mid,processed\cnn\bach\015408b_.npy,130,11.3
bach,015505b_.mid,processed\cnn\bach\015505b_.npy,144,12.5
bach,015606b_.mid,processed\cnn\bach\015606b_.npy,180,15.6
bach,015705b_.mid,processed\cnn\bach\015705b_.npy,122,10.6
bach,015804b_.mid,processed\cnn\bach\015804b_.npy,185,16.0
bach,015905b_.mid,processed\cnn\bach\015905b_.npy,166,14.4
bach,016106b_.mid,processed\cnn\bach\016106b_.npy,199,17.2
bach,016206b_.mid,processed\cnn\bach\016206b_.npy,160,13.9
bach,016406b_.mid,processed\cnn\bach\016406b_.npy,138,12.0
bach,016506b_.mid,processed\cnn\bach\016506b_.npy,86,7.5
bach,016606b_.mid,processed\cnn\bach\016606b_.npy,150,13.0
bach,016806b_.mid,processed\cnn\bach\016806b_.npy,160,13.9
bach,016907b_.mid,processed\cnn\bach\016907b_.npy,160,13.9
bach,017106b_.mid,processed\cnn\bach\017106b_.npy,403,34.8
bach,017206b_.mid,processed\cnn\bach\017206b_.npy,226,19.5
bach,017206ch.mid,processed\cnn\bach\017206ch.npy,332,28.7
bach,017206vn.mid,processed\cnn\bach\017206vn.npy,226,19.5
bach,017405b_.mid,processed\cnn\bach\017405b_.npy,283,24.4
bach,017507b_.mid,processed\cnn\bach\017507b_.npy,267,23.1
bach,017507ch.mid,processed\cnn\bach\017507ch.npy,267,23.1
bach,017606b_.mid,processed\cnn\bach\017606b_.npy,190,16.5
bach,017705b_.mid,processed\cnn\bach\017705b_.npy,196,17.0
bach,017705bv.mid,processed\cnn\bach\017705bv.npy,196,17.0
bach,017807b_.mid,processed\cnn\bach\017807b_.npy,150,13.0
bach,017906b_.mid,processed\cnn\bach\017906b_.npy,181,15.7
bach,018007b_.mid,processed\cnn\bach\018007b_.npy,200,17.3
bach,018007bv.mid,processed\cnn\bach\018007bv.npy,200,17.3
bach,018305b_.mid,processed\cnn\bach\018305b_.npy,170,14.7
bach,018405b_.mid,processed\cnn\bach\018405b_.npy,200,17.3
bach,018405bv.mid,processed\cnn\bach\018405bv.npy,200,17.3
bach,018506b_.mid,processed\cnn\bach\018506b_.npy,180,15.6
bach,018707b_.mid,processed\cnn\bach\018707b_.npy,210,18.2
bach,018806b_.mid,processed\cnn\bach\018806b_.npy,127,11.0
bach,019007b_.mid,processed\cnn\bach\019007b_.npy,330,28.5
bach,019007ch.mid,processed\cnn\bach\019007ch.npy,327,28.2
bach,019406b_.mid,processed\cnn\bach\019406b_.npy,170,14.7
bach,019406bv.mid,processed\cnn\bach\019406bv.npy,170,14.7
bach,019412b_.mid,processed\cnn\bach\019412b_.npy,102,8.9
bach,019506b_.mid,processed\cnn\bach\019506b_.npy,107,9.3
bach,019705b_.mid,processed\cnn\bach\019705b_.npy,150,13.0
bach,019707ba.mid,processed\cnn\bach\019707ba.npy,170,14.7
bach,019710b_.mid,processed\cnn\bach\019710b_.npy,155,13.4
bach,022602b_.mid,processed\cnn\bach\022602b_.npy,260,22.5
bach,022602bv.mid,processed\cnn\bach\022602bv.npy,260,22.5
bach,022701b_.mid,processed\cnn\bach\022701b_.npy,190,16.5
bach,022703b_.mid,processed\cnn\bach\022703b_.npy,190,16.5
bach,022707b_.mid,processed\cnn\bach\022707b_.npy,239,20.7
bach,022709b_.mid,processed\cnn\bach\022709b_.npy,636,54.8
bach,022711b_.mid,processed\cnn\bach\022711b_.npy,190,16.5
bach,022902b_.mid,processed\cnn\bach\022902b_.npy,210,18.2
bach,024310b_.mid,processed\cnn\bach\024310b_.npy,277,23.9
bach,024403b_.mid,processed\cnn\bach\024403b_.npy,120,10.4
bach,024410b_.mid,processed\cnn\bach\024410b_.npy,124,10.8
bach,024415b_.mid,processed\cnn\bach\024415b_.npy,170,14.7
bach,024415bv.mid,processed\cnn\bach\024415bv.npy,170,14.7
bach,024417b_.mid,processed\cnn\bach\024417b_.npy,170,14.7
bach,024417bv.mid,processed\cnn\bach\024417bv.npy,170,14.7
bach,024425b_.mid,processed\cnn\bach\024425b_.npy,170,14.7
bach,024429bb.mid,processed\cnn\bach\024429bb.npy,130,11.3
bach,024432b_.mid,processed\cnn\bach\024432b_.npy,120,10.4
bach,024437b_.mid,processed\cnn\bach\024437b_.npy,141,12.2
bach,024440b_.mid,processed\cnn\bach\024440b_.npy,161,14.0
bach,024444b_.mid,processed\cnn\bach\024444b_.npy,170,14.7
bach,024446b_.mid,processed\cnn\bach\024446b_.npy,120,10.4
bach,024454b_.mid,processed\cnn\bach\024454b_.npy,181,15.7
bach,024462b_.mid,processed\cnn\bach\024462b_.npy,170,14.7
bach,024462bv.mid,processed\cnn\bach\024462bv.npy,170,14.7
bach,024503b_.mid,processed\cnn\bach\024503b_.npy,125,10.9
bach,024505b_.mid,processed\cnn\bach\024505b_.npy,130,11.3
bach,024511b_.mid,processed\cnn\bach\024511b_.npy,130,11.3
bach,024514b_.mid,processed\cnn\bach\024514b_.npy,160,13.9
bach,024515B_.mid,processed\cnn\bach\024515B_.npy,170,14.7
bach,024517b_.mid,processed\cnn\bach\024517b_.npy,120,10.4
bach,024522b_.mid,processed\cnn\bach\024522b_.npy,132,11.5
bach,024526b_.mid,processed\cnn\bach\024526b_.npy,170,14.7
bach,024528b_.mid,processed\cnn\bach\024528b_.npy,147,12.8
bach,024537b_.mid,processed\cnn\bach\024537b_.npy,170,14.7
bach,024540b_.mid,processed\cnn\bach\024540b_.npy,290,25.0
bach,024805b1.mid,processed\cnn\bach\024805b1.npy,170,14.7
bach,024809b1.mid,processed\cnn\bach\024809b1.npy,174,15.1
bach,024809bs.mid,processed\cnn\bach\024809bs.npy,98,8.5
bach,024812b2.mid,processed\cnn\bach\024812b2.npy,194,16.8
bach,024817b2.mid,processed\cnn\bach\024817b2.npy,90,7.9
bach,024823b2.mid,processed\cnn\bach\024823b2.npy,209,18.1
bach,024823bs.mid,processed\cnn\bach\024823bs.npy,108,9.4
bach,024828b3.mid,processed\cnn\bach\024828b3.npy,110,9.6
bach,024833b3.mid,processed\cnn\bach\024833b3.npy,130,11.3
bach,024835b3.mid,processed\cnn\bach\024835b3.npy,137,11.9
bach,024842b4.mid,processed\cnn\bach\024842b4.npy,433,37.3
bach,024842bs.mid,processed\cnn\bach\024842bs.npy,193,16.7
bach,024846b5.mid,processed\cnn\bach\024846b5.npy,141,12.2
bach,024853b5.mid,processed\cnn\bach\024853b5.npy,144,12.5
bach,024859b6.mid,processed\cnn\bach\024859b6.npy,153,13.3
bach,024864b6.mid,processed\cnn\bach\024864b6.npy,770,66.3
bach,024864bs.mid,processed\cnn\bach\024864bs.npy,167,14.5
bach,024864qt.mid,processed\cnn\bach\024864qt.npy,926,79.7
bach,025000b_.mid,processed\cnn\bach\025000b_.npy,150,13.0
bach,025100b_.mid,processed\cnn\bach\025100b_.npy,156,13.5
bach,025200b_.mid,processed\cnn\bach\025200b_.npy,178,15.4
bach,025300b_.mid,processed\cnn\bach\025300b_.npy,107,9.3
bach,025400b_.mid,processed\cnn\bach\025400b_.npy,120,10.4
bach,025500b_.mid,processed\cnn\bach\025500b_.npy,90,7.9
bach,025600b_.mid,processed\cnn\bach\025600b_.npy,163,14.1
bach,025700b_.mid,processed\cnn\bach\025700b_.npy,159,13.8
bach,025800b_.mid,processed\cnn\bach\025800b_.npy,163,14.1
bach,025900b_.mid,processed\cnn\bach\025900b_.npy,144,12.5
bach,026000b_.mid,processed\cnn\bach\026000b_.npy,150,13.0
bach,026100b_.mid,processed\cnn\bach\026100b_.npy,275,23.8
bach,026200b_.mid,processed\cnn\bach\026200b_.npy,160,13.9
bach,026300b_.mid,processed\cnn\bach\026300b_.npy,120,10.4
bach,026400b_.mid,processed\cnn\bach\026400b_.npy,117,10.2
bach,026500b_.mid,processed\cnn\bach\026500b_.npy,90,7.9
bach,026600b_.mid,processed\cnn\bach\026600b_.npy,165,14.3
bach,026700b_.mid,processed\cnn\bach\026700b_.npy,217,18.8
bach,026700ba.mid,processed\cnn\bach\026700ba.npy,217,18.8
bach,026800b_.mid,processed\cnn\bach\026800b_.npy,120,10.4
bach,026900b_.mid,processed\cnn\bach\026900b_.npy,234,20.2
bach,027000b_.mid,processed\cnn\bach\027000b_.npy,170,14.7
bach,027100b_.mid,processed\cnn\bach\027100b_.npy,170,14.7
bach,027200b_.mid,processed\cnn\bach\027200b_.npy,167,14.5
bach,027300b_.mid,processed\cnn\bach\027300b_.npy,114,9.9
bach,027400b_.mid,processed\cnn\bach\027400b_.npy,90,7.9
bach,027500b_.mid,processed\cnn\bach\027500b_.npy,182,15.8
bach,027600b_.mid,processed\cnn\bach\027600b_.npy,329,28.4
bach,027700b_.mid,processed\cnn\bach\027700b_.npy,204,17.7
bach,027800b_.mid,processed\cnn\bach\027800b_.npy,185,16.0
bach,027900b_.mid,processed\cnn\bach\027900b_.npy,185,16.0
bach,028000b_.mid,processed\cnn\bach\028000b_.npy,190,16.5
bach,028100b_.mid,processed\cnn\bach\028100b_.npy,87,7.6
bach,028200b_.mid,processed\cnn\bach\028200b_.npy,138,12.0
bach,028300b_.mid,processed\cnn\bach\028300b_.npy,170,14.7
bach,028400b_.mid,processed\cnn\bach\028400b_.npy,171,14.8
bach,028500b_.mid,processed\cnn\bach\028500b_.npy,135,11.7
bach,028600b_.mid,processed\cnn\bach\028600b_.npy,70,6.1
bach,028700b_.mid,processed\cnn\bach\028700b_.npy,170,14.7
bach,028800b_.mid,processed\cnn\bach\028800b_.npy,145,12.6
bach,028900b_.mid,processed\cnn\bach\028900b_.npy,135,11.7
bach,029000b_.mid,processed\cnn\bach\029000b_.npy,90,7.9
bach,029100b_.mid,processed\cnn\bach\029100b_.npy,120,10.4
bach,029200b_.mid,processed\cnn\bach\029200b_.npy,140,12.2
bach,029300b_.mid,processed\cnn\bach\029300b_.npy,98,8.5
bach,029400b_.mid,processed\cnn\bach\029400b_.npy,210,18.2
bach,029500b_.mid,processed\cnn\bach\029500b_.npy,120,10.4
bach,029600b_.mid,processed\cnn\bach\029600b_.npy,150,13.0
bach,029700b_.mid,processed\cnn\bach\029700b_.npy,125,10.9
bach,029800b_.mid,processed\cnn\bach\029800b_.npy,105,9.1
bach,029900b_.mid,processed\cnn\bach\029900b_.npy,187,16.2
bach,030000b_.mid,processed\cnn\bach\030000b_.npy,170,14.7
bach,030100b_.mid,processed\cnn\bach\030100b_.npy,190,16.5
bach,030200b_.mid,processed\cnn\bach\030200b_.npy,185,16.0
bach,030300b_.mid,processed\cnn\bach\030300b_.npy,170,14.7
bach,030400b_.mid,processed\cnn\bach\030400b_.npy,202,17.5
bach,030500b_.mid,processed\cnn\bach\030500b_.npy,216,18.7
bach,030600b_.mid,processed\cnn\bach\030600b_.npy,127,11.0
bach,030700b_.mid,processed\cnn\bach\030700b_.npy,150,13.0
bach,030800b_.mid,processed\cnn\bach\030800b_.npy,159,13.8
bach,030900b_.mid,processed\cnn\bach\030900b_.npy,208,18.0
bach,031000b_.mid,processed\cnn\bach\031000b_.npy,109,9.5
bach,031100b_.mid,processed\cnn\bach\031100b_.npy,261,22.6
bach,031200b_.mid,processed\cnn\bach\031200b_.npy,220,19.0
bach,031300b_.mid,processed\cnn\bach\031300b_.npy,152,13.2
bach,031400b_.mid,processed\cnn\bach\031400b_.npy,114,9.9
bach,031500b_.mid,processed\cnn\bach\031500b_.npy,187,16.2
bach,031600b_.mid,processed\cnn\bach\031600b_.npy,177,15.3
bach,031700b_.mid,processed\cnn\bach\031700b_.npy,280,24.2
bach,031800b_.mid,processed\cnn\bach\031800b_.npy,130,11.3
bach,031900b_.mid,processed\cnn\bach\031900b_.npy,120,10.4
bach,032000b_.mid,processed\cnn\bach\032000b_.npy,285,24.6
bach,032100b_.mid,processed\cnn\bach\032100b_.npy,180,15.6
bach,032200b_.mid,processed\cnn\bach\032200b_.npy,281,24.3
bach,032300b_.mid,processed\cnn\bach\032300b_.npy,97,8.5
bach,032400b_.mid,processed\cnn\bach\032400b_.npy,105,9.1
bach,032500b_.mid,processed\cnn\bach\032500b_.npy,185,16.0
bach,032600b_.mid,processed\cnn\bach\032600b_.npy,127,11.0
bach,032700b_.mid,processed\cnn\bach\032700b_.npy,102,8.9
bach,032800b_.mid,processed\cnn\bach\032800b_.npy,1167,100.4
bach,032900b_.mid,processed\cnn\bach\032900b_.npy,140,12.2
bach,033000b_.mid,processed\cnn\bach\033000b_.npy,153,13.3
bach,033100b_.mid,processed\cnn\bach\033100b_.npy,159,13.8
bach,033200b_.mid,processed\cnn\bach\033200b_.npy,90,7.9
bach,033300b_.mid,processed\cnn\bach\033300b_.npy,156,13.5
bach,033400b_.mid,processed\cnn\bach\033400b_.npy,160,13.9
bach,033500b_.mid,processed\cnn\bach\033500b_.npy,90,7.9
bach,033500bv.mid,processed\cnn\bach\033500bv.npy,90,7.9
bach,033600b_.mid,processed\cnn\bach\033600b_.npy,98,8.5
bach,033700b_.mid,processed\cnn\bach\033700b_.npy,120,10.4
bach,033800b_.mid,processed\cnn\bach\033800b_.npy,156,13.5
bach,033900b_.mid,processed\cnn\bach\033900b_.npy,180,15.6
bach,034000b_.mid,processed\cnn\bach\034000b_.npy,277,23.9
bach,034100b_.mid,processed\cnn\bach\034100b_.npy,104,9.1
bach,034200b_.mid,processed\cnn\bach\034200b_.npy,180,15.6
bach,034300b_.mid,processed\cnn\bach\034300b_.npy,207,17.9
bach,034400b_.mid,processed\cnn\bach\034400b_.npy,182,15.8
bach,034500b_.mid,processed\cnn\bach\034500b_.npy,204,17.7
bach,034600b_.mid,processed\cnn\bach\034600b_.npy,174,15.1
bach,034700b_.mid,processed\cnn\bach\034700b_.npy,243,21.0
bach,034800b_.mid,processed\cnn\bach\034800b_.npy,170,14.7
bach,034900b_.mid,processed\cnn\bach\034900b_.npy,110,9.6
bach,035000b_.mid,processed\cnn\bach\035000b_.npy,207,17.9
bach,035100b_.mid,processed\cnn\bach\035100b_.npy,114,9.9
bach,035200b_.mid,processed\cnn\bach\035200b_.npy,174,15.1
bach,035300b_.mid,processed\cnn\bach\035300b_.npy,190,16.5
bach,035400b_.mid,processed\cnn\bach\035400b_.npy,170,14.7
bach,035500b_.mid,processed\cnn\bach\035500b_.npy,160,13.9
bach,035600b_.mid,processed\cnn\bach\035600b_.npy,210,18.2
bach,035700b_.mid,processed\cnn\bach\035700b_.npy,160,13.9
bach,035800b_.mid,processed\cnn\bach\035800b_.npy,190,16.5
bach,035900b_.mid,processed\cnn\bach\035900b_.npy,160,13.9
bach,036000b_.mid,processed\cnn\bach\036000b_.npy,170,14.7
bach,036100b_.mid,processed\cnn\bach\036100b_.npy,130,11.3
bach,036200b_.mid,processed\cnn\bach\036200b_.npy,352,30.4
bach,036300b_.mid,processed\cnn\bach\036300b_.npy,130,11.3
bach,036400b_.mid,processed\cnn\bach\036400b_.npy,110,9.6
bach,036500b_.mid,processed\cnn\bach\036500b_.npy,140,12.2
bach,036600b_.mid,processed\cnn\bach\036600b_.npy,185,16.0
bach,036700b_.mid,processed\cnn\bach\036700b_.npy,130,11.3
bach,036800b_.mid,processed\cnn\bach\036800b_.npy,212,18.3
bach,036900b_.mid,processed\cnn\bach\036900b_.npy,170,14.7
bach,037000b_.mid,processed\cnn\bach\037000b_.npy,90,7.9
bach,037100b_.mid,processed\cnn\bach\037100b_.npy,486,41.9
bach,037200b_.mid,processed\cnn\bach\037200b_.npy,185,16.0
bach,037300b_.mid,processed\cnn\bach\037300b_.npy,150,13.0
bach,037300bv.mid,processed\cnn\bach\037300bv.npy,150,13.0
bach,037400b_.mid,processed\cnn\bach\037400b_.npy,200,17.3
bach,037500b_.mid,processed\cnn\bach\037500b_.npy,114,9.9
bach,037600b_.mid,processed\cnn\bach\037600b_.npy,110,9.6
bach,037700b_.mid,processed\cnn\bach\037700b_.npy,130,11.3
bach,037800b_.mid,processed\cnn\bach\037800b_.npy,170,14.7
bach,037900b_.mid,processed\cnn\bach\037900b_.npy,140,12.2
bach,038000b_.mid,processed\cnn\bach\038000b_.npy,130,11.3
bach,038100b_.mid,processed\cnn\bach\038100b_.npy,150,13.0
bach,038200b_.mid,processed\cnn\bach\038200b_.npy,130,11.3
bach,038300b_.mid,processed\cnn\bach\038300b_.npy,320,27.6
bach,038400b_.mid,processed\cnn\bach\038400b_.npy,130,11.3
bach,038500b_.mid,processed\cnn\bach\038500b_.npy,150,13.0
bach,038600b_.mid,processed\cnn\bach\038600b_.npy,191,16.5
bach,038700b_.mid,processed\cnn\bach\038700b_.npy,90,7.9
bach,038800b_.mid,processed\cnn\bach\038800b_.npy,150,13.0
bach,038900b_.mid,processed\cnn\bach\038900b_.npy,285,24.6
bach,039000b_.mid,processed\cnn\bach\039000b_.npy,294,25.4
bach,039100b_.mid,processed\cnn\bach\039100b_.npy,152,13.2
bach,039200b_.mid,processed\cnn\bach\039200b_.npy,130,11.3
bach,039300b_.mid,processed\cnn\bach\039300b_.npy,130,11.3
bach,039400b_.mid,processed\cnn\bach\039400b_.npy,130,11.3
bach,039500b_.mid,processed\cnn\bach\039500b_.npy,130,11.3
bach,039600b_.mid,processed\cnn\bach\039600b_.npy,90,7.9
bach,039700b_.mid,processed\cnn\bach\039700b_.npy,229,19.8
bach,039800b_.mid,processed\cnn\bach\039800b_.npy,170,14.7
bach,039900b_.mid,processed\cnn\bach\039900b_.npy,170,14.7
bach,040000b_.mid,processed\cnn\bach\040000b_.npy,135,11.7
bach,040100b_.mid,processed\cnn\bach\040100b_.npy,174,15.1
bach,040200b_.mid,processed\cnn\bach\040200b_.npy,250,21.6
bach,040300b_.mid,processed\cnn\bach\040300b_.npy,189,16.4
bach,040400b_.mid,processed\cnn\bach\040400b_.npy,90,7.9
bach,040400bv.mid,processed\cnn\bach\040400bv.npy,90,7.9
bach,040500b_.mid,processed\cnn\bach\040500b_.npy,110,9.6
bach,040600b_.mid,processed\cnn\bach\040600b_.npy,110,9.6
bach,040700b_.mid,processed\cnn\bach\040700b_.npy,270,23.3
bach,040800b_.mid,processed\cnn\bach\040800b_.npy,120,10.4
bach,040900b_.mid,processed\cnn\bach\040900b_.npy,119,10.4
bach,040900bv.mid,processed\cnn\bach\040900bv.npy,119,10.4
bach,041000b_.mid,processed\cnn\bach\041000b_.npy,140,12.2
bach,041100b_.mid,processed\cnn\bach\041100b_.npy,175,15.2
bach,041200b_.mid,processed\cnn\bach\041200b_.npy,160,13.9
bach,041300b_.mid,processed\cnn\bach\041300b_.npy,300,25.9
bach,041400b_.mid,processed\cnn\bach\041400b_.npy,157,13.6
bach,041500b_.mid,processed\cnn\bach\041500b_.npy,201,17.4
bach,041600b_.mid,processed\cnn\bach\041600b_.npy,135,11.7
bach,041700b_.mid,processed\cnn\bach\041700b_.npy,170,14.7
bach,041800b_.mid,processed\cnn\bach\041800b_.npy,170,14.7
bach,041900b_.mid,processed\cnn\bach\041900b_.npy,170,14.7
bach,042000b_.mid,processed\cnn\bach\042000b_.npy,110,9.6
bach,042100b_.mid,processed\cnn\bach\042100b_.npy,119,10.4
bach,042200b_.mid,processed\cnn\bach\042200b_.npy,141,12.2
bach,042300b_.mid,processed\cnn\bach\042300b_.npy,174,15.1
bach,042400b_.mid,processed\cnn\bach\042400b_.npy,127,11.0
bach,042500b_.mid,processed\cnn\bach\042500b_.npy,283,24.4
bach,042600b_.mid,processed\cnn\bach\042600b_.npy,170,14.7
bach,042700b_.mid,processed\cnn\bach\042700b_.npy,150,13.0
bach,042800b_.mid,processed\cnn\bach\042800b_.npy,147,12.8
bach,042900b_.mid,processed\cnn\bach\042900b_.npy,166,14.4
bach,043000b_.mid,processed\cnn\bach\043000b_.npy,166,14.4
bach,043100b_.mid,processed\cnn\bach\043100b_.npy,100,8.7
bach,043200b_.mid,processed\cnn\bach\043200b_.npy,93,8.1
bach,043300b_.mid,processed\cnn\bach\043300b_.npy,290,25.0
bach,043400b_.mid,processed\cnn\bach\043400b_.npy,162,14.0
bach,043500b_.mid,processed\cnn\bach\043500b_.npy,125,10.9
bach,043600b_.mid,processed\cnn\bach\043600b_.npy,237,20.5
bach,043700b_.mid,processed\cnn\bach\043700b_.npy,320,27.6
bach,043800b_.mid,processed\cnn\bach\043800b_.npy,90,7.9
bach,051000b_.mid,processed\cnn\bach\051000b_.npy,190,16.5
bach,060600b_.mid,processed\cnn\bach\060600b_.npy,110,9.6
bach,060800b_.mid,processed\cnn\bach\060800b_.npy,302,26.1
bach,060800qt.mid,processed\cnn\bach\060800qt.npy,302,26.1
bach,064200b_.mid,processed\cnn\bach\064200b_.npy,326,28.1
bach,064500b_.mid,processed\cnn\bach\064500b_.npy,947,81.5
bach,064600b_.mid,processed\cnn\bach\064600b_.npy,446,38.5
bach,064700b_.mid,processed\cnn\bach\064700b_.npy,1116,96.0
bach,064800b_.mid,processed\cnn\bach\064800b_.npy,345,29.8
bach,064900b_.mid,processed\cnn\bach\064900b_.npy,524,45.2
bach,065000b_.mid,processed\cnn\bach\065000b_.npy,848,73.0
bach,065100b_.mid,processed\cnn\bach\065100b_.npy,1272,109.4
bach,065200b_.mid,processed\cnn\bach\065200b_.npy,2090,179.7
bach,065300b_.mid,processed\cnn\bach\065300b_.npy,996,85.7
bach,065400b_.mid,processed\cnn\bach\065400b_.npy,1009,86.8
bach,065500b_.mid,processed\cnn\bach\065500b_.npy,976,84.0
bach,065600b_.mid,processed\cnn\bach\065600b_.npy,2381,204.7
bach,065700b_.mid,processed\cnn\bach\065700b_.npy,876,75.4
bach,065800b_.mid,processed\cnn\bach\065800b_.npy,780,67.2
bach,065900b_.mid,processed\cnn\bach\065900b_.npy,613,52.8
bach,066000b_.mid,processed\cnn\bach\066000b_.npy,916,78.8
bach,066100b_.mid,processed\cnn\bach\066100b_.npy,639,55.0
bach,066200b_.mid,processed\cnn\bach\066200b_.npy,1126,96.9
bach,066300b_.mid,processed\cnn\bach\066300b_.npy,1381,118.8
bach,066400b_.mid,processed\cnn\bach\066400b_.npy,1299,111.8
bach,066500b_.mid,processed\cnn\bach\066500b_.npy,693,59.7
bach,066600b_.mid,processed\cnn\bach\066600b_.npy,706,60.8
bach,066700b_.mid,processed\cnn\bach\066700b_.npy,528,45.5
bach,066800b_.mid,processed\cnn\bach\066800b_.npy,612,52.7
bach,066800com.mid,processed\cnn\bach\066800com.npy,1080,92.9
bach,069000b_.mid,processed\cnn\bach\069000b_.npy,409,35.3
bach,069100b_.mid,processed\cnn\bach\069100b_.npy,424,36.6
bach,069100orn.mid,processed\cnn\bach\069100orn.npy,432,37.2
bach,069400b_.mid,processed\cnn\bach\069400b_.npy,753,64.8
bach,070000b_.mid,processed\cnn\bach\070000b_.npy,580,50.0
bach,070100b_.mid,processed\cnn\bach\070100b_.npy,270,23.3
bach,073300b_.mid,processed\cnn\bach\073300b_.npy,999,86.0
bach,073800b_.mid,processed\cnn\bach\073800b_.npy,279,24.1
bach,076901b_.mid,processed\cnn\bach\076901b_.npy,324,28.0
bach,076902b_.mid,processed\cnn\bach\076902b_.npy,250,21.6
bach,076903b_.mid,processed\cnn\bach\076903b_.npy,432,37.2
bach,076904b_.mid,processed\cnn\bach\076904b_.npy,672,57.9
bach,076905b_.mid,processed\cnn\bach\076905b_.npy,621,53.5
bach,109100b_.mid,processed\cnn\bach\109100b_.npy,326,28.1
bach,Bwv0016.mid,processed\cnn\bach\Bwv0016.npy,271,23.4
bach,Bwv001.mid,processed\cnn\bach\Bwv001.npy,1961,168.6
bach,Bwv0026.mid,processed\cnn\bach\Bwv0026.npy,160,13.9
bach,Bwv0036.mid,processed\cnn\bach\Bwv0036.npy,90,7.9
bach,Bwv0036v.mid,processed\cnn\bach\Bwv0036v.npy,90,7.9
bach,Bwv0048.mid,processed\cnn\bach\Bwv0048.npy,185,16.0
bach,Bwv0048v.mid,processed\cnn\bach\Bwv0048v.npy,185,16.0
bach,Bwv0057.mid,processed\cnn\bach\Bwv0057.npy,135,11.7
bach,Bwv0063.mid,processed\cnn\bach\Bwv0063.npy,923,79.4
bach,Bwv0066.mid,processed\cnn\bach\Bwv0066.npy,93,8.1
bach,Bwv0077.mid,processed\cnn\bach\Bwv0077.npy,190,16.5
bach,Bwv0086.mid,processed\cnn\bach\Bwv0086.npy,218,18.9
bach,Bwv0097.mid,processed\cnn\bach\Bwv0097.npy,156,13.5
bach,Bwv0107.mid,processed\cnn\bach\Bwv0107.npy,224,19.4
bach,Bwv0116.mid,processed\cnn\bach\Bwv0116.npy,225,19.5
bach,Bwv0127.mid,processed\cnn\bach\Bwv0127.npy,150,13.0
bach,Bwv0136.mid,processed\cnn\bach\Bwv0136.npy,130,11.3
bach,Bwv0145.mid,processed\cnn\bach\Bwv0145.npy,150,13.0
bach,Bwv0166.mid,processed\cnn\bach\Bwv0166.npy,170,14.7
bach,Bwv0177.mid,processed\cnn\bach\Bwv0177.npy,342,29.5
bach,Bwv0185.mid,processed\cnn\bach\Bwv0185.npy,180,15.6
bach,Bwv018a5.mid,processed\cnn\bach\Bwv018a5.npy,180,15.6
bach,Bwv0197.mid,processed\cnn\bach\Bwv0197.npy,162,14.0
bach,Bwv0197ch.mid,processed\cnn\bach\Bwv0197ch.npy,162,14.0
bach,Bwv02011.mid,processed\cnn\bach\Bwv02011.npy,204,17.7
bach,Bwv0207.mid,processed\cnn\bach\Bwv0207.npy,204,17.7
bach,Bwv0246.mid,processed\cnn\bach\Bwv0246.npy,324,28.0
bach,Bwv0246s.mid,processed\cnn\bach\Bwv0246s.npy,152,13.2
bach,Bwv0256.mid,processed\cnn\bach\Bwv0256.npy,170,14.7
bach,Bwv0256v1.mid,processed\cnn\bach\Bwv0256v1.npy,170,14.7
bach,Bwv0256v2.mid,processed\cnn\bach\Bwv0256v2.npy,170,14.7
bach,Bwv0266.mid,processed\cnn\bach\Bwv0266.npy,114,9.9
bach,Bwv0276.mid,processed\cnn\bach\Bwv0276.npy,325,28.1
bach,Bwv0286.mid,processed\cnn\bach\Bwv0286.npy,191,16.5
bach,Bwv0298.mid,processed\cnn\bach\Bwv0298.npy,279,24.1
bach,Bwv0298ch.mid,processed\cnn\bach\Bwv0298ch.npy,279,24.1
bach,Bwv0306.mid,processed\cnn\bach\Bwv0306.npy,182,15.8
bach,Bwv0306v.mid,processed\cnn\bach\Bwv0306v.npy,182,15.8
bach,Bwv0319.mid,processed\cnn\bach\Bwv0319.npy,160,13.9
bach,Bwv0326.mid,processed\cnn\bach\Bwv0326.npy,170,14.7
bach,Bwv0336.mid,processed\cnn\bach\Bwv0336.npy,230,19.9
bach,Bwv03624.mid,processed\cnn\bach\Bwv03624.npy,207,17.9
bach,Bwv03628.mid,processed\cnn\bach\Bwv03628.npy,91,7.9
bach,bsgjg_a.mid,processed\cnn\bach\bsgjg_a.npy,253,21.9
bach,bsgjg_b.mid,processed\cnn\bach\bsgjg_b.npy,777,66.9
bach,bsgjg_c.mid,processed\cnn\bach\bsgjg_c.npy,211,18.3
bach,bsgjg_d.mid,processed\cnn\bach\bsgjg_d.npy,173,15.0
bach,bsgjg_e.mid,processed\cnn\bach\bsgjg_e.npy,205,17.7
bach,bsgjg_f.mid,processed\cnn\bach\bsgjg_f.npy,228,19.7
bach,bsgjg_g.mid,processed\cnn\bach\bsgjg_g.npy,326,28.1
bach,bsgjg_h.mid,processed\cnn\bach\bsgjg_h.npy,318,27.5
bach,bsgjg_i.mid,processed\cnn\bach\bsgjg_i.npy,277,23.9
bach,bsgjg_j.mid,processed\cnn\bach\bsgjg_j.npy,296,25.6
bach,bsgjg_k.mid,processed\cnn\bach\bsgjg_k.npy,872,75.1
bach,bsgjg_l.mid,processed\cnn\bach\bsgjg_l.npy,316,27.3
bach,Bwv0525_Sonate_en_trio_n1.mid,processed\cnn\bach\Bwv0525_Sonate_en_trio_n1.npy,3407,292.9
bach,Bwv0526_Sonate_en_trio_n2.mid,processed\cnn\bach\Bwv0526_Sonate_en_trio_n2.npy,3041,261.5
bach,Bwv0527_Sonate_en_trio_n3.mid,processed\cnn\bach\Bwv0527_Sonate_en_trio_n3.npy,3681,316.5
bach,Bwv0528_Sonate_en_trio_n4.mid,processed\cnn\bach\Bwv0528_Sonate_en_trio_n4.npy,2513,216.1
bach,Bwv0529_Sonate_en_trio_n5.mid,processed\cnn\bach\Bwv0529_Sonate_en_trio_n5.npy,3677,316.1
bach,Bwv0530_Sonate_en_trio_n6.mid,processed\cnn\bach\Bwv0530_Sonate_en_trio_n6.npy,3984,342.5
bach,Bwv0531_Prelude_and_Fugue.mid,processed\cnn\bach\Bwv0531_Prelude_and_Fugue.npy,1514,130.2
bach,Bwv0532_Toccata_and_Fugue.mid,processed\cnn\bach\Bwv0532_Toccata_and_Fugue.npy,2818,242.3
bach,Bwv0533_Prelude_and_Fugue.mid,processed\cnn\bach\Bwv0533_Prelude_and_Fugue.npy,1092,94.0
bach,Bwv0535_Prelude_and_Fugue.mid,processed\cnn\bach\Bwv0535_Prelude_and_Fugue.npy,1651,142.0
bach,Bwv0536_Prelude_and_Fugue.mid,processed\cnn\bach\Bwv0536_Prelude_and_Fugue.npy,1674,144.0
bach,Bwv0537_Fantasia_and_Fugue.mid,processed\cnn\bach\Bwv0537_Fantasia_and_Fugue.npy,1953,168.0
bach,Bwv0538_Toccata_and_Fugue_Dorian.mid,processed\cnn\bach\Bwv0538_Toccata_and_Fugue_Dorian.npy,3083,265.1
bach,Bwv0539_Prelude_and_Fugue.mid,processed\cnn\bach\Bwv0539_Prelude_and_Fugue.npy,1481,127.4
bach,Bwv0540_Toccata_and_Fugue.mid,processed\cnn\bach\Bwv0540_Toccata_and_Fugue.npy,3633,312.3
bach,Bwv0541_Prelude_and_Fugue.mid,processed\cnn\bach\Bwv0541_Prelude_and_Fugue.npy,1760,151.4
bach,Bwv0542_Fantasia_and_Fugue.mid,processed\cnn\bach\Bwv0542_Fantasia_and_Fugue.npy,2776,238.7
bach,Bwv0543_Prelude_and_Fugue.mid,processed\cnn\bach\Bwv0543_Prelude_and_Fugue.npy,2569,220.9
bach,Bwv0544_Prelude_and_Fugue.mid,processed\cnn\bach\Bwv0544_Prelude_and_Fugue.npy,2990,257.1
bach,Bwv0546_Prelude_and_Fugue.mid,processed\cnn\bach\Bwv0546_Prelude_and_Fugue.npy,2980,256.2
bach,Bwv0547_Prelude_and_Fugue.mid,processed\cnn\bach\Bwv0547_Prelude_and_Fugue.npy,2405,206.8
bach,Bwv0549_Prelude_and_Fugue.mid,processed\cnn\bach\Bwv0549_Prelude_and_Fugue.npy,1261,108.5
bach,Bwv0550_Prelude_and_Fugue.mid,processed\cnn\bach\Bwv0550_Prelude_and_Fugue.npy,1725,148.4
bach,Bwv0551_Prelude_and_Fugue.mid,processed\cnn\bach\Bwv0551_Prelude_and_Fugue.npy,1208,103.9
bach,Bwv0552_Prelude_and_Fugue_St_Anne.mid,processed\cnn\bach\Bwv0552_Prelude_and_Fugue_St_Anne.npy,3506,301.4
bach,Bwv0554_Short_Prelude_and_Fugue_n2_Spurious.mid,processed\cnn\bach\Bwv0554_Short_Prelude_and_Fugue_n2_Spurious.npy,827,71.2
bach,Bwv0555_Short_Prelude_and_Fugue_n3_Spurious.mid,processed\cnn\bach\Bwv0555_Short_Prelude_and_Fugue_n3_Spurious.npy,889,76.5
bach,Bwv0556_Short_Prelude_and_Fugue_n4_Spurious.mid,processed\cnn\bach\Bwv0556_Short_Prelude_and_Fugue_n4_Spurious.npy,773,66.6
bach,Bwv0557_Short_Prelude_and_Fugue_n5_Spurious.mid,processed\cnn\bach\Bwv0557_Short_Prelude_and_Fugue_n5_Spurious.npy,807,69.5
bach,Bwv0558_Short_Prelude_and_Fugue_n6_Spurious.mid,processed\cnn\bach\Bwv0558_Short_Prelude_and_Fugue_n6_Spurious.npy,1335,114.9
bach,Bwv0559_Short_Prelude_and_Fugue_n7_Spurious.mid,processed\cnn\bach\Bwv0559_Short_Prelude_and_Fugue_n7_Spurious.npy,939,80.8
bach,Bwv0560_Short_Prelude_and_Fugue_n8_Spurious.mid,processed\cnn\bach\Bwv0560_Short_Prelude_and_Fugue_n8_Spurious.npy,964,83.0
bach,Bwv0561_Fantasie_and_Fuga.mid,processed\cnn\bach\Bwv0561_Fantasie_and_Fuga.npy,2237,192.4
bach,Bwv0563_Fantasie_con_imitation.mid,processed\cnn\bach\Bwv0563_Fantasie_con_imitation.npy,970,83.5
bach,Bwv0564_Toccata_Adagio_and_Fugue.mid,processed\cnn\bach\Bwv0564_Toccata_Adagio_and_Fugue.npy,3694,317.6
bach,Bwv0565_Toccata_and_Fugue_In_Dm_A.mid,processed\cnn\bach\Bwv0565_Toccata_and_Fugue_In_Dm_A.npy,578,49.8
bach,Bwv0565_Toccata_and_Fugue_In_Dm_B.mid,processed\cnn\bach\Bwv0565_Toccata_and_Fugue_In_Dm_B.npy,2167,186.4
bach,Bwv0565_Toccata_and_Fugue_In_Dm_C.mid,processed\cnn\bach\Bwv0565_Toccata_and_Fugue_In_Dm_C.npy,1800,154.8
bach,Bwv0566_Prelude_and_Fugue.mid,processed\cnn\bach\Bwv0566_Prelude_and_Fugue.npy,2472,212.6
bach,Bwv0568_Prelude.mid,processed\cnn\bach\Bwv0568_Prelude.npy,655,56.4
bach,Bwv0570_Fantasia.mid,processed\cnn\bach\Bwv0570_Fantasia.npy,806,69.4
bach,Bwv0572_Fantasia.mid,processed\cnn\bach\Bwv0572_Fantasia.npy,1814,156.0
bach,Bwv0582_Passacaglia_and_Fugue_Orchestral.mid,processed\cnn\bach\Bwv0582_Passacaglia_and_Fugue_Orchestral.npy,3429,294.8
bach,Bwv0582_Passacaglia_and_Fugue.mid,processed\cnn\bach\Bwv0582_Passacaglia_and_Fugue.npy,2929,251.8
bach,Bwv0590_Pastorale.mid,processed\cnn\bach\Bwv0590_Pastorale.npy,2818,242.3
bach,Bwv0593_Vivaldi_Concerto_Arrangement_RV522.mid,processed\cnn\bach\Bwv0593_Vivaldi_Concerto_Arrangement_RV522.npy,2729,234.6
bach,Bwv0594_Vivaldi_Concerto_Arrangement_RV208.mid,processed\cnn\bach\Bwv0594_Vivaldi_Concerto_Arrangement_RV208.npy,4487,385.7
bach,Bwv0733_Fuga_Sopra_Magnificat.mid,processed\cnn\bach\Bwv0733_Fuga_Sopra_Magnificat.npy,859,73.9
bach,Bwv0806_English_Suite_n1_01mov.mid,processed\cnn\bach\Bwv0806_English_Suite_n1_01mov.npy,367,31.7
bach,Bwv0806_English_Suite_n1_02mov.mid,processed\cnn\bach\Bwv0806_English_Suite_n1_02mov.npy,852,73.3
bach,Bwv0806_English_Suite_n1_03mov.mid,processed\cnn\bach\Bwv0806_English_Suite_n1_03mov.npy,401,34.6
bach,Bwv0806_English_Suite_n1_04mov.mid,processed\cnn\bach\Bwv0806_English_Suite_n1_04mov.npy,481,41.5
bach,Bwv0806_English_Suite_n1_05mov.mid,processed\cnn\bach\Bwv0806_English_Suite_n1_05mov.npy,481,41.5
bach,Bwv0806_English_Suite_n1_06mov.mid,processed\cnn\bach\Bwv0806_English_Suite_n1_06mov.npy,481,41.5
bach,Bwv0806_English_Suite_n1_07mov.mid,processed\cnn\bach\Bwv0806_English_Suite_n1_07mov.npy,767,66.0
bach,Bwv0806_English_Suite_n1_08mov.mid,processed\cnn\bach\Bwv0806_English_Suite_n1_08mov.npy,460,39.7
bach,Bwv0806_English_Suite_n1_09mov.mid,processed\cnn\bach\Bwv0806_English_Suite_n1_09mov.npy,345,29.8
bach,Bwv0806_English_Suite_n1_10mov.mid,processed\cnn\bach\Bwv0806_English_Suite_n1_10mov.npy,581,50.1
bach,Bwv0811_English_Suite_n6_1mov.mid,processed\cnn\bach\Bwv0811_English_Suite_n6_1mov.npy,1896,163.1
bach,Bwv0811_English_Suite_n6_2mov.mid,processed\cnn\bach\Bwv0811_English_Suite_n6_2mov.npy,641,55.2
bach,Bwv0811_English_Suite_n6_3mov.mid,processed\cnn\bach\Bwv0811_English_Suite_n6_3mov.npy,574,49.5
bach,Bwv0811_English_Suite_n6_4mov.mid,processed\cnn\bach\Bwv0811_English_Suite_n6_4mov.npy,547,47.1
bach,Bwv0811_English_Suite_n6_5mov.mid,processed\cnn\bach\Bwv0811_English_Suite_n6_5mov.npy,431,37.2
bach,Bwv0811_English_Suite_n6_6mov.mid,processed\cnn\bach\Bwv0811_English_Suite_n6_6mov.npy,383,33.0
bach,Bwv0811_English_Suite_n6_7mov.mid,processed\cnn\bach\Bwv0811_English_Suite_n6_7mov.npy,287,24.8
bach,Bwv0811_English_Suite_n6_8mov.mid,processed\cnn\bach\Bwv0811_English_Suite_n6_8mov.npy,895,77.0
bach,Bwv0815_French_Suite_n4.mid,processed\cnn\bach\Bwv0815_French_Suite_n4.npy,4611,396.4
bach,Bwv0816_French_Suite_n5.mid,processed\cnn\bach\Bwv0816_French_Suite_n5.npy,4717,405.5
bach,Bwv0817_French_Suite_n6.mid,processed\cnn\bach\Bwv0817_French_Suite_n6.npy,3963,340.7
bach,Bwv0906_Fantasia_and_Fugue.mid,processed\cnn\bach\Bwv0906_Fantasia_and_Fugue.npy,1834,157.7
bach,Bwv0910_Toccata.mid,processed\cnn\bach\Bwv0910_Toccata.npy,2157,185.5
bach,Bwv0911_Toccata.mid,processed\cnn\bach\Bwv0911_Toccata.npy,2340,201.2
bach,Bwv0912_Toccata.mid,processed\cnn\bach\Bwv0912_Toccata.npy,2414,207.6
bach,Bwv0913_Toccata.mid,processed\cnn\bach\Bwv0913_Toccata.npy,3113,267.6
bach,Bwv0914_Toccata.mid,processed\cnn\bach\Bwv0914_Toccata.npy,1803,155.1
bach,Bwv0915_Toccata.mid,processed\cnn\bach\Bwv0915_Toccata.npy,2046,176.0
bach,Bwv0916_Toccata.mid,processed\cnn\bach\Bwv0916_Toccata.npy,1696,145.9
bach,Bwv0933_Little_Prelude_n1.mid,processed\cnn\bach\Bwv0933_Little_Prelude_n1.npy,348,30.0
bach,Bwv0934_Little_Prelude_n2.mid,processed\cnn\bach\Bwv0934_Little_Prelude_n2.npy,456,39.3
bach,Bwv0935_Little_Prelude_n3.mid,processed\cnn\bach\Bwv0935_Little_Prelude_n3.npy,349,30.1
bach,Bwv0936_Little_Prelude_n4.mid,processed\cnn\bach\Bwv0936_Little_Prelude_n4.npy,523,45.1
bach,Bwv0937_Little_Prelude_n5.mid,processed\cnn\bach\Bwv0937_Little_Prelude_n5.npy,399,34.4
bach,Bwv0938_Little_Prelude_n6.mid,processed\cnn\bach\Bwv0938_Little_Prelude_n6.npy,384,33.1
bach,Bwv0963_Sonata.mid,processed\cnn\bach\Bwv0963_Sonata.npy,2062,177.3
bach,Bwv0967_Sonata.mid,processed\cnn\bach\Bwv0967_Sonata.npy,1131,97.3
bach,Bwv0992_Capriccio.mid,processed\cnn\bach\Bwv0992_Capriccio.npy,1976,169.9
bach,Bwv0996_Suite_for_Lute.mid,processed\cnn\bach\Bwv0996_Suite_for_Lute.npy,3782,325.1
bach,Bwv0997_Partita_for_Lute_1mov.mid,processed\cnn\bach\Bwv0997_Partita_for_Lute_1mov.npy,664,57.2
bach,Bwv0997_Partita_for_Lute_2mov.mid,processed\cnn\bach\Bwv0997_Partita_for_Lute_2mov.npy,1132,97.4
bach,Bwv0997_Partita_for_Lute_3mov.mid,processed\cnn\bach\Bwv0997_Partita_for_Lute_3mov.npy,921,79.3
bach,Bwv0997_Partita_for_Lute_4mov.mid,processed\cnn\bach\Bwv0997_Partita_for_Lute_4mov.npy,698,60.1
bach,Bwv0997_Partita_for_Lute_5mov.mid,processed\cnn\bach\Bwv0997_Partita_for_Lute_5mov.npy,697,60.0
bach,Bwv0998_Prelude_Fugue_Allegro_for_Lute_1mov.mid,processed\cnn\bach\Bwv0998_Prelude_Fugue_Allegro_for_Lute_1mov.npy,637,54.9
bach,Bwv0998_Prelude_Fugue_Allegro_for_Lute_2mov.mid,processed\cnn\bach\Bwv0998_Prelude_Fugue_Allegro_for_Lute_2mov.npy,1428,122.8
bach,Bwv0998_Prelude_Fugue_Allegro_for_Lute_3mov.mid,processed\cnn\bach\Bwv0998_Prelude_Fugue_Allegro_for_Lute_3mov.npy,372,32.1
bach,Bwv1005_Violin_Sonata_n3_1mov_Adagio.mid,processed\cnn\bach\Bwv1005_Violin_Sonata_n3_1mov_Adagio.npy,755,65.0
bach,Bwv1005_Violin_Sonata_n3_2mov_Fugue.mid,processed\cnn\bach\Bwv1005_Violin_Sonata_n3_2mov_Fugue.npy,2438,209.6
bach,Bwv1005_Violin_Sonata_n3_3mov_Largo.mid,processed\cnn\bach\Bwv1005_Violin_Sonata_n3_3mov_Largo.npy,592,51.0
bach,Bwv1005_Violin_Sonata_n3_4mov_Allegro.mid,processed\cnn\bach\Bwv1005_Violin_Sonata_n3_4mov_Allegro.npy,1196,102.9
bach,Bwv1014_Harpsicord_and_Violin_Sonata_1mov.mid,processed\cnn\bach\Bwv1014_Harpsicord_and_Violin_Sonata_1mov.npy,1070,92.1
bach,Bwv1014_Harpsicord_and_Violin_Sonata_2mov.mid,processed\cnn\bach\Bwv1014_Harpsicord_and_Violin_Sonata_2mov.npy,754,64.9
bach,Bwv1014_Harpsicord_and_Violin_Sonata_3mov.mid,processed\cnn\bach\Bwv1014_Harpsicord_and_Violin_Sonata_3mov.npy,781,67.2
bach,Bwv1014_Harpsicord_and_Violin_Sonata_4mov.mid,processed\cnn\bach\Bwv1014_Harpsicord_and_Violin_Sonata_4mov.npy,890,76.6
bach,Bwv1046_aSinfonia_h.mid,processed\cnn\bach\Bwv1046_aSinfonia_h.npy,764,65.8
bach,Bwv1066_Orchestral_Suite_n1_1mov.mid,processed\cnn\bach\Bwv1066_Orchestral_Suite_n1_1mov.npy,2579,221.8
bach,Bwv1066_Orchestral_Suite_n1_2mov.mid,processed\cnn\bach\Bwv1066_Orchestral_Suite_n1_2mov.npy,481,41.5
bach,Bwv1066_Orchestral_Suite_n1_3mov.mid,processed\cnn\bach\Bwv1066_Orchestral_Suite_n1_3mov.npy,984,84.7
bach,Bwv1066_Orchestral_Suite_n1_4mov.mid,processed\cnn\bach\Bwv1066_Orchestral_Suite_n1_4mov.npy,400,34.5
bach,Bwv1066_Orchestral_Suite_n1_5mov.mid,processed\cnn\bach\Bwv1066_Orchestral_Suite_n1_5mov.npy,1016,87.4
bach,Bwv1066_Orchestral_Suite_n1_6mov.mid,processed\cnn\bach\Bwv1066_Orchestral_Suite_n1_6mov.npy,861,74.1
bach,Bwv1066_Orchestral_Suite_n1_7mov.mid,processed\cnn\bach\Bwv1066_Orchestral_Suite_n1_7mov.npy,745,64.1
bach,Bwv1067_Orchestral_Suite_n2_1mov.mid,processed\cnn\bach\Bwv1067_Orchestral_Suite_n2_1mov.npy,3276,281.7
bach,Bwv1067_Orchestral_Suite_n2_2mov.mid,processed\cnn\bach\Bwv1067_Orchestral_Suite_n2_2mov.npy,401,34.6
bach,Bwv1067_Orchestral_Suite_n2_3mov.mid,processed\cnn\bach\Bwv1067_Orchestral_Suite_n2_3mov.npy,735,63.3
bach,Bwv1067_Orchestral_Suite_n2_4mov.mid,processed\cnn\bach\Bwv1067_Orchestral_Suite_n2_4mov.npy,715,61.6
bach,Bwv1067_Orchestral_Suite_n2_5mov.mid,processed\cnn\bach\Bwv1067_Orchestral_Suite_n2_5mov.npy,782,67.3
bach,Bwv1067_Orchestral_Suite_n2_6mov.mid,processed\cnn\bach\Bwv1067_Orchestral_Suite_n2_6mov.npy,333,28.7
bach,Bwv1067_Orchestral_Suite_n2_7mov.mid,processed\cnn\bach\Bwv1067_Orchestral_Suite_n2_7mov.npy,344,29.7
bach,Bwv1068_Orchestral_Suite_n3_1mov.mid,processed\cnn\bach\Bwv1068_Orchestral_Suite_n3_1mov.npy,2873,247.0
bach,Bwv1068_Orchestral_Suite_n3_2mov.mid,processed\cnn\bach\Bwv1068_Orchestral_Suite_n3_2mov.npy,1120,96.4
bach,Bwv1068_Orchestral_Suite_n3_3mov.mid,processed\cnn\bach\Bwv1068_Orchestral_Suite_n3_3mov.npy,1148,98.8
bach,Bwv1068_Orchestral_Suite_n3_4mov.mid,processed\cnn\bach\Bwv1068_Orchestral_Suite_n3_4mov.npy,367,31.7
bach,Bwv1068_Orchestral_Suite_n3_5mov.mid,processed\cnn\bach\Bwv1068_Orchestral_Suite_n3_5mov.npy,598,51.5
bach,Bwv1069_Orchestral_Suite_n4_1mov.mid,processed\cnn\bach\Bwv1069_Orchestral_Suite_n4_1mov.npy,3362,289.0
bach,Bwv1069_Orchestral_Suite_n4_2mov.mid,processed\cnn\bach\Bwv1069_Orchestral_Suite_n4_2mov.npy,896,77.1
bach,Bwv1069_Orchestral_Suite_n4_3mov.mid,processed\cnn\bach\Bwv1069_Orchestral_Suite_n4_3mov.npy,401,34.6
bach,Bwv1069_Orchestral_Suite_n4_4mov.mid,processed\cnn\bach\Bwv1069_Orchestral_Suite_n4_4mov.npy,1238,106.5
bach,Bwv1069_Orchestral_Suite_n4_5mov.mid,processed\cnn\bach\Bwv1069_Orchestral_Suite_n4_5mov.npy,661,56.9
bach,Bwv1066_Orchestral_suite_n1_Bouree.mid,processed\cnn\bach\Bwv1066_Orchestral_suite_n1_Bouree.npy,660,56.8
bach,Bwv1066_Orchestral_suite_n1_Courante.mid,processed\cnn\bach\Bwv1066_Orchestral_suite_n1_Courante.npy,454,39.1
bach,Bwv1066_Orchestral_suite_n1_Forlane.mid,processed\cnn\bach\Bwv1066_Orchestral_suite_n1_Forlane.npy,308,26.6
bach,Bwv1066_Orchestral_suite_n1_Gavotte.mid,processed\cnn\bach\Bwv1066_Orchestral_suite_n1_Gavotte.npy,945,81.3
bach,Bwv1066_Orchestral_suite_n1_Menuet.mid,processed\cnn\bach\Bwv1066_Orchestral_suite_n1_Menuet.npy,866,74.5
bach,Bwv1066_Orchestral_suite_n1_Overture.mid,processed\cnn\bach\Bwv1066_Orchestral_suite_n1_Overture.npy,2525,217.1
bach,Bwv1066_Orchestral_suite_n1_Passpied.mid,processed\cnn\bach\Bwv1066_Orchestral_suite_n1_Passpied.npy,848,73.0
bach,Bwv1067_Orchestral_suite_n2_Badineri.mid,processed\cnn\bach\Bwv1067_Orchestral_suite_n2_Badineri.npy,323,27.9
bach,Bwv1067_Orchestral_suite_n2_Bouree.mid,processed\cnn\bach\Bwv1067_Orchestral_suite_n2_Bouree.npy,541,46.6
bach,Bwv1067_Orchestral_suite_n2_Menuet.mid,processed\cnn\bach\Bwv1067_Orchestral_suite_n2_Menuet.npy,327,28.2
bach,Bwv1067_Orchestral_suite_n2_Overture.mid,processed\cnn\bach\Bwv1067_Orchestral_suite_n2_Overture.npy,2569,220.9
bach,Bwv1067_Orchestral_suite_n2_Polonais.mid,processed\cnn\bach\Bwv1067_Orchestral_suite_n2_Polonais.npy,939,80.8
bach,Bwv1067_Orchestral_suite_n2_Rondeau.mid,processed\cnn\bach\Bwv1067_Orchestral_suite_n2_Rondeau.npy,373,32.2
bach,Bwv1067_Orchestral_suite_n2_Sarabande.mid,processed\cnn\bach\Bwv1067_Orchestral_suite_n2_Sarabande.npy,628,54.1
bach,Bwv1068_Orchestral_suite_n3_Air.mid,processed\cnn\bach\Bwv1068_Orchestral_suite_n3_Air.npy,1064,91.6
bach,Bwv1068_Orchestral_suite_n3_Bourree.mid,processed\cnn\bach\Bwv1068_Orchestral_suite_n3_Bourree.npy,306,26.4
bach,Bwv1068_Orchestral_suite_n3_Gavotte.mid,processed\cnn\bach\Bwv1068_Orchestral_suite_n3_Gavotte.npy,1000,86.1
bach,Bwv1068_Orchestral_suite_n3_Gigue.mid,processed\cnn\bach\Bwv1068_Orchestral_suite_n3_Gigue.npy,687,59.2
bach,Bwv1068_Orchestral_suite_n3_Overture.mid,processed\cnn\bach\Bwv1068_Orchestral_suite_n3_Overture.npy,2476,212.9
bach,Bwv1069_Orchestral_suite_n4_Bourree.mid,processed\cnn\bach\Bwv1069_Orchestral_suite_n4_Bourree.npy,818,70.4
bach,Bwv1069_Orchestral_suite_n4_Gavotte.mid,processed\cnn\bach\Bwv1069_Orchestral_suite_n4_Gavotte.npy,465,40.1
bach,Bwv1069_Orchestral_suite_n4_Menuet.mid,processed\cnn\bach\Bwv1069_Orchestral_suite_n4_Menuet.npy,1150,99.0
bach,Bwv1069_Orchestral_suite_n4_Overture.mid,processed\cnn\bach\Bwv1069_Orchestral_suite_n4_Overture.npy,2986,256.7
bach,Bwv1069_Orchestral_suite_n4_Rejouissance.mid,processed\cnn\bach\Bwv1069_Orchestral_suite_n4_Rejouissance.npy,790,68.0
bach,Musical_Offering_n1_Ricercare_a_3.mid,processed\cnn\bach\Musical_Offering_n1_Ricercare_a_3.npy,989,85.1
bach,Musical_Offering_n10.mid,processed\cnn\bach\Musical_Offering_n10.npy,677,58.3
bach,Musical_Offering_n11.mid,processed\cnn\bach\Musical_Offering_n11.npy,216,18.7
bach,Musical_Offering_n12.mid,processed\cnn\bach\Musical_Offering_n12.npy,525,45.2
bach,Musical_Offering_n13.mid,processed\cnn\bach\Musical_Offering_n13.npy,344,29.7
bach,Musical_Offering_n14.mid,processed\cnn\bach\Musical_Offering_n14.npy,444,38.3
bach,Musical_Offering_n15_Trio-Largo.mid,processed\cnn\bach\Musical_Offering_n15_Trio-Largo.npy,424,36.6
bach,Musical_Offering_n16_Trio-Allegro.mid,processed\cnn\bach\Musical_Offering_n16_Trio-Allegro.npy,324,28.0
bach,Musical_Offering_n17_Trio-Andante.mid,processed\cnn\bach\Musical_Offering_n17_Trio-Andante.npy,596,51.3
bach,Musical_Offering_n18_Trio-Allegro.mid,processed\cnn\bach\Musical_Offering_n18_Trio-Allegro.npy,415,35.8
bach,Musical_Offering_n19.mid,processed\cnn\bach\Musical_Offering_n19.npy,2108,181.3
bach,Musical_Offering_n2_Canon_Perpetuus.mid,processed\cnn\bach\Musical_Offering_n2_Canon_Perpetuus.npy,195,16.9
bach,Musical_Offering_n3.mid,processed\cnn\bach\Musical_Offering_n3.npy,231,20.0
bach,Musical_Offering_n4.mid,processed\cnn\bach\Musical_Offering_n4.npy,157,13.6
bach,Musical_Offering_n5.mid,processed\cnn\bach\Musical_Offering_n5.npy,489,42.1
bach,Musical_Offering_n6.mid,processed\cnn\bach\Musical_Offering_n6.npy,565,48.7
bach,Musical_Offering_n7.mid,processed\cnn\bach\Musical_Offering_n7.npy,1645,141.5
bach,Musical_Offering_n8.mid,processed\cnn\bach\Musical_Offering_n8.npy,1345,115.7
bach,Musical_Offering_n9_Ricercare_a_6.mid,processed\cnn\bach\Musical_Offering_n9_Ricercare_a_6.npy,668,57.5
bach,Canon_Fugue_n1.mid,processed\cnn\bach\Canon_Fugue_n1.npy,1054,90.7
bach,Canon_Fugue_n2.mid,processed\cnn\bach\Canon_Fugue_n2.npy,631,54.4
bach,Canon_Fugue_n3.mid,processed\cnn\bach\Canon_Fugue_n3.npy,1049,90.3
bach,Canon_Fugue_n4.mid,processed\cnn\bach\Canon_Fugue_n4.npy,592,51.0
bach,Counter_Fugue_n1.mid,processed\cnn\bach\Counter_Fugue_n1.npy,982,84.5
bach,Counter_Fugue_n2.mid,processed\cnn\bach\Counter_Fugue_n2.npy,1022,88.0
bach,Counter_Fugue_n3.mid,processed\cnn\bach\Counter_Fugue_n3.npy,997,85.8
bach,Double_Fugue_n1.mid,processed\cnn\bach\Double_Fugue_n1.npy,845,72.7
bach,Double_Fugue_n2.mid,processed\cnn\bach\Double_Fugue_n2.npy,906,78.0
bach,Mirror_Fugue_n1.mid,processed\cnn\bach\Mirror_Fugue_n1.npy,1090,93.8
bach,Mirror_Fugue_n2.mid,processed\cnn\bach\Mirror_Fugue_n2.npy,1269,109.2
bach,Simple_Fugue_Inverted_Subject_n1.mid,processed\cnn\bach\Simple_Fugue_Inverted_Subject_n1.npy,729,62.8
bach,Simple_Fugue_Inverted_Subject_n2.mid,processed\cnn\bach\Simple_Fugue_Inverted_Subject_n2.npy,1050,90.4
bach,Simple_Fugue_Regular_Subject_n1.mid,processed\cnn\bach\Simple_Fugue_Regular_Subject_n1.npy,846,72.8
bach,Simple_Fugue_Regular_Subject_n2.mid,processed\cnn\bach\Simple_Fugue_Regular_Subject_n2.npy,818,70.4
bach,The_Art_of_the_Fugue_BWV1080.mid,processed\cnn\bach\The_Art_of_the_Fugue_BWV1080.npy,20672,1776.6
bach,Triple_Fugue_n1.mid,processed\cnn\bach\Triple_Fugue_n1.npy,1450,124.7
bach,Triple_Fugue_n2.mid,processed\cnn\bach\Triple_Fugue_n2.npy,1620,139.3
bach,Unfinished_Fugue.mid,processed\cnn\bach\Unfinished_Fugue.npy,2298,197.6
bach,01_Kyrie_Eleison.mid,processed\cnn\bach\01_Kyrie_Eleison.npy,2289,196.8
bach,02_Christe_Eleison.mid,processed\cnn\bach\02_Christe_Eleison.npy,1178,101.4
bach,03_Kyrie_Eleison.mid,processed\cnn\bach\03_Kyrie_Eleison.npy,896,77.1
bach,04_Chor_Gloria_In_Exelcis.mid,processed\cnn\bach\04_Chor_Gloria_In_Exelcis.npy,1451,124.8
bach,05_Aria_For_Soprano.mid,processed\cnn\bach\05_Aria_For_Soprano.npy,939,80.8
bach,06_Chor_Gratias_Animus_Tibi.mid,processed\cnn\bach\06_Chor_Gratias_Animus_Tibi.npy,670,57.7
bach,07_Duet_Domine_Deus.mid,processed\cnn\bach\07_Duet_Domine_Deus.npy,1310,112.7
bach,08_Chor_Qui_Tollis.mid,processed\cnn\bach\08_Chor_Qui_Tollis.npy,742,63.9
bach,09_Aria_Qui_Sedes.mid,processed\cnn\bach\09_Aria_Qui_Sedes.npy,947,81.5
bach,10_Aria_Quoniam.mid,processed\cnn\bach\10_Aria_Quoniam.npy,1061,91.3
bach,11_Chor_Cum_Sancto.mid,processed\cnn\bach\11_Chor_Cum_Sancto.npy,868,74.7
bach,12_Chor_Credo_In_Unum_Deum.mid,processed\cnn\bach\12_Chor_Credo_In_Unum_Deum.npy,492,42.4
bach,13_Chor_Patrem_Omnipotentem.mid,processed\cnn\bach\13_Chor_Patrem_Omnipotentem.npy,423,36.5
bach,14_Duet_In_Unum.mid,processed\cnn\bach\14_Duet_In_Unum.npy,1029,88.6
bach,15_Et_Incarnatus__Cricifixus.mid,processed\cnn\bach\15_Et_Incarnatus__Cricifixus.npy,1469,126.4
bach,16_Et_Ressurexit.mid,processed\cnn\bach\16_Et_Ressurexit.npy,927,79.8
bach,17_Bass_Aria_Et_In_Spritum.mid,processed\cnn\bach\17_Bass_Aria_Et_In_Spritum.npy,1167,100.4
bach,18_Confiteor.mid,processed\cnn\bach\18_Confiteor.npy,1367,117.6
bach,19_Sanctus.mid,processed\cnn\bach\19_Sanctus.npy,1194,102.7
bach,20_Osanna.mid,processed\cnn\bach\20_Osanna.npy,570,49.1
bach,21_Benedictus.mid,processed\cnn\bach\21_Benedictus.npy,997,85.8
bach,22_Agnus_Dei.mid,processed\cnn\bach\22_Agnus_Dei.npy,1161,99.9
bach,23_Donna_Nobis_Pacem.mid,processed\cnn\bach\23_Donna_Nobis_Pacem.npy,715,61.6
bach,1Bass_Aria.mid,processed\cnn\bach\1Bass_Aria.npy,799,68.8
bach,10Wir_setzen_uns_mit_Tra_nen_nieder_Chorus.mid,processed\cnn\bach\10Wir_setzen_uns_mit_Tra_nen_nieder_Chorus.npy,1299,111.8
bach,2Aus_Liebe_will_mein_Heiland_sterban_Soprano_Aria.mid,processed\cnn\bach\2Aus_Liebe_will_mein_Heiland_sterban_Soprano_Aria.npy,720,62.0
bach,3Gebt_mir_meinen_Jesum_weider_Bass_Aria.mid,processed\cnn\bach\3Gebt_mir_meinen_Jesum_weider_Bass_Aria.npy,821,70.7
bach,4Blute_nur_du_liebes_Herz_Soprano_Aria.mid,processed\cnn\bach\4Blute_nur_du_liebes_Herz_Soprano_Aria.npy,934,80.4
bach,5Erbarme_dicht_mein_Gott_Alto_Aria.mid,processed\cnn\bach\5Erbarme_dicht_mein_Gott_Alto_Aria.npy,1676,144.2
bach,6Herzliebster_Jesu_Chorus.mid,processed\cnn\bach\6Herzliebster_Jesu_Chorus.npy,195,16.9
bach,7Ko_nnen_Tra_nen_meiner_Wangen_nichts_erlangen_Alto_Aria.mid,processed\cnn\bach\7Ko_nnen_Tra_nen_meiner_Wangen_nichts_erlangen_Alto_Aria.npy,1243,106.9
bach,8Mache_dich_mein_herz_Bass_Aria.mid,processed\cnn\bach\8Mache_dich_mein_herz_Bass_Aria.npy,1483,127.6
bach,9O_Haupt_voll_Blut_und_Wunden_Chorus.mid,processed\cnn\bach\9O_Haupt_voll_Blut_und_Wunden_Chorus.npy,429,37.0
bach,Bwv772_Invention_n01.mid,processed\cnn\bach\Bwv772_Invention_n01.npy,266,23.0
bach,invent1.mid,processed\cnn\bach\invent1.npy,245,21.2
bach,invent10.mid,processed\cnn\bach\invent10.npy,175,15.2
bach,invent11.mid,processed\cnn\bach\invent11.npy,268,23.2
bach,invent12.mid,processed\cnn\bach\invent12.npy,274,23.7
bach,invent13.mid,processed\cnn\bach\invent13.npy,266,23.0
bach,invent14.mid,processed\cnn\bach\invent14.npy,312,26.9
bach,invent15.mid,processed\cnn\bach\invent15.npy,251,21.7
bach,invent2.mid,processed\cnn\bach\invent2.npy,281,24.3
bach,invent3.mid,processed\cnn\bach\invent3.npy,244,21.1
bach,invent4.mid,processed\cnn\bach\invent4.npy,192,16.6
bach,invent5.mid,processed\cnn\bach\invent5.npy,312,26.9
bach,invent8.mid,processed\cnn\bach\invent8.npy,202,17.5
bach,invent9.mid,processed\cnn\bach\invent9.npy,244,21.1
bach,Bwv773_Invention_n02.mid,processed\cnn\bach\Bwv773_Invention_n02.npy,326,28.1
bach,Bwv774_Invention_n03.mid,processed\cnn\bach\Bwv774_Invention_n03.npy,279,24.1
bach,Bwv775_Invention_n04.mid,processed\cnn\bach\Bwv775_Invention_n04.npy,252,21.8
bach,Bwv776_Invention_n05.mid,processed\cnn\bach\Bwv776_Invention_n05.npy,447,38.5
bach,Bwv777_Invention_n06.mid,processed\cnn\bach\Bwv777_Invention_n06.npy,621,53.5
bach,Bwv778_Invention_n07.mid,processed\cnn\bach\Bwv778_Invention_n07.npy,206,17.8
bach,Bwv779_Invention_n08.mid,processed\cnn\bach\Bwv779_Invention_n08.npy,243,21.0
bach,Bwv780_Invention_n09.mid,processed\cnn\bach\Bwv780_Invention_n09.npy,282,24.4
bach,Bwv781_Invention_n10.mid,processed\cnn\bach\Bwv781_Invention_n10.npy,290,25.0
bach,Bwv782_Invention_n11.mid,processed\cnn\bach\Bwv782_Invention_n11.npy,315,27.2
bach,Bwv783_Invention_n12.mid,processed\cnn\bach\Bwv783_Invention_n12.npy,384,33.1
bach,Bwv784_Invention_n13.mid,processed\cnn\bach\Bwv784_Invention_n13.npy,276,23.8
bach,Bwv785_Invention_n14.mid,processed\cnn\bach\Bwv785_Invention_n14.npy,442,38.1
bach,Bwv786_Invention_n15.mid,processed\cnn\bach\Bwv786_Invention_n15.npy,221,19.1
bach,Bwv0787_Sinfonia_n1.mid,processed\cnn\bach\Bwv0787_Sinfonia_n1.npy,236,20.4
bach,Bwv0788_Sinfonia_n2.mid,processed\cnn\bach\Bwv0788_Sinfonia_n2.npy,325,28.1
bach,Bwv0789_Sinfonia_n3.mid,processed\cnn\bach\Bwv0789_Sinfonia_n3.npy,265,22.9
bach,Bwv0790_Sinfonia_n4.mid,processed\cnn\bach\Bwv0790_Sinfonia_n4.npy,254,22.0
bach,Bwv0791_Sinfonia_n5.mid,processed\cnn\bach\Bwv0791_Sinfonia_n5.npy,419,36.1
bach,Bwv0792_Sinfonia_n6.mid,processed\cnn\bach\Bwv0792_Sinfonia_n6.npy,257,22.2
bach,Bwv0793_Sinfonia_n7.mid,processed\cnn\bach\Bwv0793_Sinfonia_n7.npy,340,29.3
bach,Bwv0794_Sinfonia_n8.mid,processed\cnn\bach\Bwv0794_Sinfonia_n8.npy,231,20.0
bach,Bwv0795_Sinfonia_n9.mid,processed\cnn\bach\Bwv0795_Sinfonia_n9.npy,406,35.0
bach,Bwv0796_Sinfonia_n10.mid,processed\cnn\bach\Bwv0796_Sinfonia_n10.npy,247,21.4
bach,Bwv0797_Sinfonia_n11.mid,processed\cnn\bach\Bwv0797_Sinfonia_n11.npy,331,28.6
bach,Bwv0798_Sinfonia_n12.mid,processed\cnn\bach\Bwv0798_Sinfonia_n12.npy,322,27.8
bach,Bwv0799_Sinfonia_n13.mid,processed\cnn\bach\Bwv0799_Sinfonia_n13.npy,294,25.4
bach,Bwv0800_Sinfonia_n14.mid,processed\cnn\bach\Bwv0800_Sinfonia_n14.npy,245,21.2
bach,Bwv0801_Sinfonia_n15.mid,processed\cnn\bach\Bwv0801_Sinfonia_n15.npy,265,22.9
bach,Bwv802_Four_Inventions_Duettos_Clavier-U_bung_III_n1.mid,processed\cnn\bach\Bwv802_Four_Inventions_Duettos_Clavier-U_bung_III_n1.npy,478,41.2
bach,WT1_1A.mid,processed\cnn\bach\WT1_1A.npy,469,40.4
bach,WT1_1B.mid,processed\cnn\bach\WT1_1B.npy,411,35.4
bach,WT1_2A.mid,processed\cnn\bach\WT1_2A.npy,399,34.4
bach,WT1_2B.mid,processed\cnn\bach\WT1_2B.npy,362,31.2
bach,WT1_3A.mid,processed\cnn\bach\WT1_3A.npy,403,34.8
bach,WT1_3B.mid,processed\cnn\bach\WT1_3B.npy,649,55.9
bach,WT1_4A.mid,processed\cnn\bach\WT1_4A.npy,503,43.4
bach,WT1_4B.mid,processed\cnn\bach\WT1_4B.npy,777,66.9
bach,WT1_5A.mid,processed\cnn\bach\WT1_5A.npy,401,34.6
bach,WT1_5B.mid,processed\cnn\bach\WT1_5B.npy,405,34.9
bach,WT1_6A.mid,processed\cnn\bach\WT1_6A.npy,341,29.4
bach,WT1_6B.mid,processed\cnn\bach\WT1_6B.npy,427,36.8
bach,WT1_7A.mid,processed\cnn\bach\WT1_7A.npy,849,73.1
bach,WT1_7B.mid,processed\cnn\bach\WT1_7B.npy,477,41.1
bach,WT1_8A.mid,processed\cnn\bach\WT1_8A.npy,691,59.5
bach,WT1_8B.mid,processed\cnn\bach\WT1_8B.npy,943,81.2
bach,WT1_9A.mid,processed\cnn\bach\WT1_9A.npy,261,22.6
bach,WT1_9B.mid,processed\cnn\bach\WT1_9B.npy,321,27.7
bach,WT1_X1A.mid,processed\cnn\bach\WT1_X1A.npy,255,22.0
bach,WT1_X1B.mid,processed\cnn\bach\WT1_X1B.npy,326,28.1
bach,WT1_X2A.mid,processed\cnn\bach\WT1_X2A.npy,288,24.9
bach,WT1_X2B.mid,processed\cnn\bach\WT1_X2B.npy,620,53.4
bach,WT1_X3A.mid,processed\cnn\bach\WT1_X3A.npy,248,21.4
bach,WT1_X3B.mid,processed\cnn\bach\WT1_X3B.npy,388,33.5
bach,WT1_X4A.mid,processed\cnn\bach\WT1_X4A.npy,246,21.3
bach,WT1_X4B.mid,processed\cnn\bach\WT1_X4B.npy,449,38.7
bach,WT1_X5A.mid,processed\cnn\bach\WT1_X5A.npy,250,21.6
bach,WT1_X5B.mid,processed\cnn\bach\WT1_X5B.npy,599,51.6
bach,WT1_X6A.mid,processed\cnn\bach\WT1_X6A.npy,264,22.8
bach,WT1_X6B.mid,processed\cnn\bach\WT1_X6B.npy,345,29.8
bach,WT1_X7A.mid,processed\cnn\bach\WT1_X7A.npy,324,28.0
bach,WT1_X7B.mid,processed\cnn\bach\WT1_X7B.npy,388,33.5
bach,WT1_X8A.mid,processed\cnn\bach\WT1_X8A.npy,308,26.6
bach,WT1_X8B.mid,processed\cnn\bach\WT1_X8B.npy,493,42.5
bach,WT1_X9A.mid,processed\cnn\bach\WT1_X9A.npy,319,27.5
bach,WT1_X9B.mid,processed\cnn\bach\WT1_X9B.npy,548,47.2
bach,WT1_X_A.mid,processed\cnn\bach\WT1_X_A.npy,574,49.5
bach,WT1_X_B.mid,processed\cnn\bach\WT1_X_B.npy,334,28.8
bach,WT1_XX1A.mid,processed\cnn\bach\WT1_XX1A.npy,257,22.2
bach,WT1_XX1B.mid,processed\cnn\bach\WT1_XX1B.npy,437,37.7
bach,WT1_XX2A.mid,processed\cnn\bach\WT1_XX2A.npy,436,37.6
bach,WT1_XX2B.mid,processed\cnn\bach\WT1_XX2B.npy,506,43.6
bach,WT1_XX3A.mid,processed\cnn\bach\WT1_XX3A.npy,224,19.4
bach,WT1_XX3B.mid,processed\cnn\bach\WT1_XX3B.npy,384,33.1
bach,WT1_XX4A.mid,processed\cnn\bach\WT1_XX4A.npy,1260,108.4
bach,WT1_XX4B.mid,processed\cnn\bach\WT1_XX4B.npy,1221,105.1
bach,WT1_XX_A.mid,processed\cnn\bach\WT1_XX_A.npy,344,29.7
bach,WT1_XX_B.mid,processed\cnn\bach\WT1_XX_B.npy,943,81.2
bach,Wtcii01a.mid,processed\cnn\bach\Wtcii01a.npy,470,40.5
bach,Wtcii01b.mid,processed\cnn\bach\Wtcii01b.npy,402,34.7
bach,WTCII02A.mid,processed\cnn\bach\WTCII02A.npy,585,50.4
bach,Wtcii02b.mid,processed\cnn\bach\Wtcii02b.npy,592,51.0
bach,WTCII03A.mid,processed\cnn\bach\WTCII03A.npy,381,32.9
bach,Wtcii03b.mid,processed\cnn\bach\Wtcii03b.npy,425,36.6
bach,WTCII04A.mid,processed\cnn\bach\WTCII04A.npy,814,70.1
bach,Wtcii04b.mid,processed\cnn\bach\Wtcii04b.npy,529,45.6
bach,WTCII05A.mid,processed\cnn\bach\WTCII05A.npy,1140,98.1
bach,Wtcii05b.mid,processed\cnn\bach\Wtcii05b.npy,623,53.7
bach,WTCII06A.mid,processed\cnn\bach\WTCII06A.npy,384,33.1
bach,Wtcii06b.mid,processed\cnn\bach\Wtcii06b.npy,377,32.5
bach,WTCII07A.mid,processed\cnn\bach\WTCII07A.npy,564,48.6
bach,Wtcii07b.mid,processed\cnn\bach\Wtcii07b.npy,448,38.6
bach,WTCII08A.mid,processed\cnn\bach\WTCII08A.npy,785,67.6
bach,Wtcii08b.mid,processed\cnn\bach\Wtcii08b.npy,857,73.8
bach,WTCII09A.mid,processed\cnn\bach\WTCII09A.npy,973,83.7
bach,Wtcii09b.mid,processed\cnn\bach\Wtcii09b.npy,663,57.1
bach,Wtcii10a.mid,processed\cnn\bach\Wtcii10a.npy,848,73.0
bach,Wtcii10b.mid,processed\cnn\bach\Wtcii10b.npy,683,58.8
bach,Wtcii11a.mid,processed\cnn\bach\Wtcii11a.npy,728,62.7
bach,Wtcii11b.mid,processed\cnn\bach\Wtcii11b.npy,408,35.2
bach,WTCII12A.mid,processed\cnn\bach\WTCII12A.npy,888,76.4
bach,Wtcii12b.mid,processed\cnn\bach\Wtcii12b.npy,453,39.1
bach,WTCII13A.mid,processed\cnn\bach\WTCII13A.npy,613,52.8
bach,Wtcii13b.mid,processed\cnn\bach\Wtcii13b.npy,608,52.4
bach,WTCII14A.mid,processed\cnn\bach\WTCII14A.npy,612,52.7
bach,Wtcii14b.mid,processed\cnn\bach\Wtcii14b.npy,963,82.9
bach,WTCII15A.mid,processed\cnn\bach\WTCII15A.npy,580,50.0
bach,Wtcii15b.mid,processed\cnn\bach\Wtcii15b.npy,270,23.3
bach,WTCII16A.mid,processed\cnn\bach\WTCII16A.npy,529,45.6
bach,Wtcii16b.mid,processed\cnn\bach\Wtcii16b.npy,750,64.6
bach,WTCII17A.mid,processed\cnn\bach\WTCII17A.npy,749,64.5
bach,Wtcii17b.mid,processed\cnn\bach\Wtcii17b.npy,655,56.4
bach,WTCII18A.mid,processed\cnn\bach\WTCII18A.npy,999,86.0
bach,Wtcii18b.mid,processed\cnn\bach\Wtcii18b.npy,1111,95.6
bach,WTCII19A.mid,processed\cnn\bach\WTCII19A.npy,374,32.3
bach,Wtcii19b.mid,processed\cnn\bach\Wtcii19b.npy,303,26.2
bach,WTCII20A.mid,processed\cnn\bach\WTCII20A.npy,1024,88.1
bach,Wtcii20b.mid,processed\cnn\bach\Wtcii20b.npy,377,32.5
bach,WTCII21A.mid,processed\cnn\bach\WTCII21A.npy,1626,139.9
bach,Wtcii21b.mid,processed\cnn\bach\Wtcii21b.npy,623,53.7
bach,WTCII22A.mid,processed\cnn\bach\WTCII22A.npy,636,54.8
bach,Wtcii22b.mid,processed\cnn\bach\Wtcii22b.npy,1312,112.9
bach,WTCII23A.mid,processed\cnn\bach\WTCII23A.npy,451,38.9
bach,Wtcii23b.mid,processed\cnn\bach\Wtcii23b.npy,843,72.6
bach,Wtcii24a.mid,processed\cnn\bach\Wtcii24a.npy,457,39.4
bach,Wtcii24b.mid,processed\cnn\bach\Wtcii24b.npy,417,36.0
bach,Bwv1087_14_Canons.mid,processed\cnn\bach\Bwv1087_14_Canons.npy,936,80.6
bach,Variation_00_Aria.mid,processed\cnn\bach\Variation_00_Aria.npy,931,80.1
bach,Variation_01.mid,processed\cnn\bach\Variation_01.npy,463,39.9
bach,Variation_02.mid,processed\cnn\bach\Variation_02.npy,307,26.5
bach,Variation_03.mid,processed\cnn\bach\Variation_03.npy,463,39.9
bach,Variation_04.mid,processed\cnn\bach\Variation_04.npy,231,20.0
bach,Variation_05.mid,processed\cnn\bach\Variation_05.npy,463,39.9
bach,Variation_06.mid,processed\cnn\bach\Variation_06.npy,232,20.1
bach,Variation_07.mid,processed\cnn\bach\Variation_07.npy,463,39.9
bach,Variation_08.mid,processed\cnn\bach\Variation_08.npy,463,39.9
bach,Variation_09.mid,processed\cnn\bach\Variation_09.npy,307,26.5
bach,Variation_10.mid,processed\cnn\bach\Variation_10.npy,307,26.5
bach,Variation_11.mid,processed\cnn\bach\Variation_11.npy,460,39.7
bach,Variation_12.mid,processed\cnn\bach\Variation_12.npy,460,39.7
bach,Variation_13.mid,processed\cnn\bach\Variation_13.npy,921,79.3
bach,Variation_14.mid,processed\cnn\bach\Variation_14.npy,459,39.6
bach,Variation_15.mid,processed\cnn\bach\Variation_15.npy,1228,105.7
bach,Variation_16.mid,processed\cnn\bach\Variation_16.npy,636,54.8
bach,Variation_17.mid,processed\cnn\bach\Variation_17.npy,459,39.6
bach,Variation_18.mid,processed\cnn\bach\Variation_18.npy,307,26.5
bach,Variation_19.mid,processed\cnn\bach\Variation_19.npy,345,29.8
bach,Variation_20.mid,processed\cnn\bach\Variation_20.npy,459,39.6
bach,Variation_21.mid,processed\cnn\bach\Variation_21.npy,614,52.9
bach,Variation_22.mid,processed\cnn\bach\Variation_22.npy,307,26.5
bach,Variation_23.mid,processed\cnn\bach\Variation_23.npy,459,39.6
bach,Variation_24.mid,processed\cnn\bach\Variation_24.npy,694,59.8
bach,Variation_25.mid,processed\cnn\bach\Variation_25.npy,1380,118.7
bach,Variation_26.mid,processed\cnn\bach\Variation_26.npy,460,39.7
bach,Variation_27.mid,processed\cnn\bach\Variation_27.npy,460,39.7
bach,Variation_28.mid,processed\cnn\bach\Variation_28.npy,460,39.7
bach,Variation_29.mid,processed\cnn\bach\Variation_29.npy,463,39.9
bach,Variation_30.mid,processed\cnn\bach\Variation_30.npy,315,27.2
bach,Clavierubung_Part_111Duet_No2_in_F_Major.mid,processed\cnn\bach\Clavierubung_Part_111Duet_No2_in_F_Major.npy,653,56.2
bach,Bwv1041_Violin_Concerto_n1_1mov.mid,processed\cnn\bach\Bwv1041_Violin_Concerto_n1_1mov.npy,886,76.3
bach,Bwv1041_Violin_Concerto_n1_2mov.mid,processed\cnn\bach\Bwv1041_Violin_Concerto_n1_2mov.npy,1577,135.6
bach,Bwv1041_Violin_Concerto_n1_3mov.mid,processed\cnn\bach\Bwv1041_Violin_Concerto_n1_3mov.npy,827,71.2
bach,Bwv1042_Violin_Concerto_n2_1mov.mid,processed\cnn\bach\Bwv1042_Violin_Concerto_n2_1mov.npy,1689,145.3
bach,Bwv1042_Violin_Concerto_n2_2mov.mid,processed\cnn\bach\Bwv1042_Violin_Concerto_n2_2mov.npy,1150,99.0
bach,Bwv1042_Violin_Concerto_n2_3mov.mid,processed\cnn\bach\Bwv1042_Violin_Concerto_n2_3mov.npy,625,53.8
bach,Bwv1043_Two_Violins_Concerto_n3_1mov.mid,processed\cnn\bach\Bwv1043_Two_Violins_Concerto_n3_1mov.npy,848,73.0
bach,Bwv1043_Two_Violins_Concerto_n3_2mov.mid,processed\cnn\bach\Bwv1043_Two_Violins_Concerto_n3_2mov.npy,601,51.8
bach,Bwv1043_Two_Violins_Concerto_n3_3mov.mid,processed\cnn\bach\Bwv1043_Two_Violins_Concerto_n3_3mov.npy,1064,91.6
bach,Bwv1044_Flute_Violin_and_Harpsichord_Concerto_1mov.mid,processed\cnn\bach\Bwv1044_Flute_Violin_and_Harpsichord_Concerto_1mov.npy,2032,174.8
bach,Bwv1044_Flute_Violin_and_Harpsichord_Concerto_2mov.mid,processed\cnn\bach\Bwv1044_Flute_Violin_and_Harpsichord_Concerto_2mov.npy,1187,102.1
bach,Bwv1044_Flute_Violin_and_Harpsichord_Concerto_3mov.mid,processed\cnn\bach\Bwv1044_Flute_Violin_and_Harpsichord_Concerto_3mov.npy,1676,144.2
bach,Bwv1046_Brandenburg_Concert_n1_1mov.mid,processed\cnn\bach\Bwv1046_Brandenburg_Concert_n1_1mov.npy,918,79.0
bach,Bwv1046_Brandenburg_Concert_n1_2mov.mid,processed\cnn\bach\Bwv1046_Brandenburg_Concert_n1_2mov.npy,808,69.6
bach,Bwv1046_Brandenburg_Concert_n1_3mov.mid,processed\cnn\bach\Bwv1046_Brandenburg_Concert_n1_3mov.npy,915,78.8
bach,Bwv1047_Brandenburg_Concert_n2_1mov.mid,processed\cnn\bach\Bwv1047_Brandenburg_Concert_n2_1mov.npy,1296,111.5
bach,Bwv1047_Brandenburg_Concert_n2_2mov.mid,processed\cnn\bach\Bwv1047_Brandenburg_Concert_n2_2mov.npy,592,51.0
bach,Bwv1047_Brandenburg_Concert_n2_3mov.mid,processed\cnn\bach\Bwv1047_Brandenburg_Concert_n2_3mov.npy,563,48.5
bach,Bwv1048_Brandenburg_Concert_n3_1mov_B.mid,processed\cnn\bach\Bwv1048_Brandenburg_Concert_n3_1mov_B.npy,1434,123.4
bach,Bwv1048_Brandenburg_Concert_n3_1mov.mid,processed\cnn\bach\Bwv1048_Brandenburg_Concert_n3_1mov.npy,2486,213.8
bach,Bwv1048_Brandenburg_Concert_n3_2-3movs.mid,processed\cnn\bach\Bwv1048_Brandenburg_Concert_n3_2-3movs.npy,1518,130.6
bach,Bwv1049_Brandenburg_Concert_n4_1mov.mid,processed\cnn\bach\Bwv1049_Brandenburg_Concert_n4_1mov.npy,1937,166.6
bach,Bwv1049_Brandenburg_Concert_n4_2mov.mid,processed\cnn\bach\Bwv1049_Brandenburg_Concert_n4_2mov.npy,882,75.9
bach,Bwv1049_Brandenburg_Concert_n4_3mov.mid,processed\cnn\bach\Bwv1049_Brandenburg_Concert_n4_3mov.npy,1380,118.7
bach,Bwv1050_Brandenburg_Concert_n5_1-2-3movs.mid,processed\cnn\bach\Bwv1050_Brandenburg_Concert_n5_1-2-3movs.npy,5080,436.7
bach,Bwv1051_Brandenburg_Concert_n6_1mov.mid,processed\cnn\bach\Bwv1051_Brandenburg_Concert_n6_1mov.npy,1560,134.2
bach,Bwv1051_Brandenburg_Concert_n6_2mov.mid,processed\cnn\bach\Bwv1051_Brandenburg_Concert_n6_2mov.npy,1110,95.5
bach,Bwv1051_Brandenburg_Concert_n6_3mov.mid,processed\cnn\bach\Bwv1051_Brandenburg_Concert_n6_3mov.npy,1277,109.9
bach,Bwv1052_Harpsichord_Concerto_n1_1mov.mid,processed\cnn\bach\Bwv1052_Harpsichord_Concerto_n1_1mov.npy,1779,153.0
bach,Bwv1052_Harpsichord_Concerto_n1_2mov.mid,processed\cnn\bach\Bwv1052_Harpsichord_Concerto_n1_2mov.npy,1726,148.5
bach,Bwv1052_Harpsichord_Concerto_n1_3mov.mid,processed\cnn\bach\Bwv1052_Harpsichord_Concerto_n1_3mov.npy,2152,185.1
bach,Bwv1052_Harpsichord_Concerto_n1b.mid,processed\cnn\bach\Bwv1052_Harpsichord_Concerto_n1b.npy,5335,458.6
bach,Bwv1053_Harpsichord_Concerto_n2_1mov.mid,processed\cnn\bach\Bwv1053_Harpsichord_Concerto_n2_1mov.npy,1914,164.6
bach,Bwv1053_Harpsichord_Concerto_n2_2mov.mid,processed\cnn\bach\Bwv1053_Harpsichord_Concerto_n2_2mov.npy,1305,112.3
bach,Bwv1053_Harpsichord_Concerto_n2_3mov.mid,processed\cnn\bach\Bwv1053_Harpsichord_Concerto_n2_3mov.npy,1776,152.8
bach,Bwv1054_Harpsichord_Concerto_n3_1mov.mid,processed\cnn\bach\Bwv1054_Harpsichord_Concerto_n3_1mov.npy,1857,159.7
bach,Bwv1054_Harpsichord_Concerto_n3_2mov.mid,processed\cnn\bach\Bwv1054_Harpsichord_Concerto_n3_2mov.npy,1243,106.9
bach,Bwv1054_Harpsichord_Concerto_n3_3mov.mid,processed\cnn\bach\Bwv1054_Harpsichord_Concerto_n3_3mov.npy,626,53.9
bach,Bwv1055_Harpsichord_Concerto_n4_1mov.mid,processed\cnn\bach\Bwv1055_Harpsichord_Concerto_n4_1mov.npy,1137,97.8
bach,Bwv1055_Harpsichord_Concerto_n4_2mov.mid,processed\cnn\bach\Bwv1055_Harpsichord_Concerto_n4_2mov.npy,874,75.2
bach,Bwv1055_Harpsichord_Concerto_n4_3mov.mid,processed\cnn\bach\Bwv1055_Harpsichord_Concerto_n4_3mov.npy,1043,89.8
bach,Bwv1056_Harpsichord_Concerto_n5.mid,processed\cnn\bach\Bwv1056_Harpsichord_Concerto_n5.npy,2193,188.6
bach,Bwv1057_Harpsichord_Concerto_n6_2mov.mid,processed\cnn\bach\Bwv1057_Harpsichord_Concerto_n6_2mov.npy,740,63.7
bach,Bwv1057_Harpsichord_Concerto_n6_3mov.mid,processed\cnn\bach\Bwv1057_Harpsichord_Concerto_n6_3mov.npy,1464,125.9
bach,Bwv1058_Harpsichord_Concerto_n7_1mov.mid,processed\cnn\bach\Bwv1058_Harpsichord_Concerto_n7_1mov.npy,820,70.6
bach,Bwv1058_Harpsichord_Concerto_n7_2mov.mid,processed\cnn\bach\Bwv1058_Harpsichord_Concerto_n7_2mov.npy,1104,95.0
bach,Bwv1058_Harpsichord_Concerto_n7_3mov.mid,processed\cnn\bach\Bwv1058_Harpsichord_Concerto_n7_3mov.npy,831,71.5
bach,Bwv1060_Two_Harpsichords_Concerto_n1.mid,processed\cnn\bach\Bwv1060_Two_Harpsichords_Concerto_n1.npy,3540,304.3
bach,Bwv1061_Two_Harpsichords_Concerto_n2.mid,processed\cnn\bach\Bwv1061_Two_Harpsichords_Concerto_n2.npy,4146,356.4
bach,Bwv1062_Two_Harpsichords_Concerto_n3.mid,processed\cnn\bach\Bwv1062_Two_Harpsichords_Concerto_n3.npy,3664,315.0
bach,Bwv1063_Three_Harpsichords_Concerto_n1.mid,processed\cnn\bach\Bwv1063_Three_Harpsichords_Concerto_n1.npy,3596,309.2
bach,Bwv1064_Three_Harpsichords_Concerto_n2_1mov.mid,processed\cnn\bach\Bwv1064_Three_Harpsichords_Concerto_n2_1mov.npy,1565,134.6
bach,Bwv1064_Three_Harpsichords_Concerto_n2_2mov.mid,processed\cnn\bach\Bwv1064_Three_Harpsichords_Concerto_n2_2mov.npy,1386,119.2
bach,Bwv1064_Three_Harpsichords_Concerto_n2_3mov.mid,processed\cnn\bach\Bwv1064_Three_Harpsichords_Concerto_n2_3mov.npy,1151,99.0
bach,Bwv1065_Four_Harpsichords_Concerto.mid,processed\cnn\bach\Bwv1065_Four_Harpsichords_Concerto.npy,2215,190.5
bach,Jesu_Joy_of_Man_Desiring.mid,processed\cnn\bach\Jesu_Joy_of_Man_Desiring.npy,797,68.6
bach,Minuet_in_G.mid,processed\cnn\bach\Minuet_in_G.npy,168,14.6
bach,Piano_version_of_Bachs_two_part_inventions_No.mid,processed\cnn\bach\Piano_version_of_Bachs_two_part_inventions_No.npy,279,24.1
bach,Piano_version_of_Bachs_two_part_inventions_No1.mid,processed\cnn\bach\Piano_version_of_Bachs_two_part_inventions_No1.npy,266,23.0
bach,Piano_version_of_Bachs_two_part_inventions_No10.mid,processed\cnn\bach\Piano_version_of_Bachs_two_part_inventions_No10.npy,290,25.0
bach,Piano_version_of_Bachs_two_part_inventions_No11.mid,processed\cnn\bach\Piano_version_of_Bachs_two_part_inventions_No11.npy,315,27.2
bach,Piano_version_of_Bachs_two_part_inventions_No12.mid,processed\cnn\bach\Piano_version_of_Bachs_two_part_inventions_No12.npy,384,33.1
bach,Piano_version_of_Bachs_two_part_inventions_No13.mid,processed\cnn\bach\Piano_version_of_Bachs_two_part_inventions_No13.npy,276,23.8
bach,Piano_version_of_Bachs_two_part_inventions_No14.mid,processed\cnn\bach\Piano_version_of_Bachs_two_part_inventions_No14.npy,442,38.1
bach,Piano_version_of_Bachs_two_part_inventions_No15.mid,processed\cnn\bach\Piano_version_of_Bachs_two_part_inventions_No15.npy,221,19.1
bach,Piano_version_of_Bachs_two_part_inventions_No2.mid,processed\cnn\bach\Piano_version_of_Bachs_two_part_inventions_No2.npy,326,28.1
bach,Piano_version_of_Bachs_two_part_inventions_No3.mid,processed\cnn\bach\Piano_version_of_Bachs_two_part_inventions_No3.npy,279,24.1
bach,Piano_version_of_Bachs_two_part_inventions_No4.mid,processed\cnn\bach\Piano_version_of_Bachs_two_part_inventions_No4.npy,252,21.8
bach,Piano_version_of_Bachs_two_part_inventions_No5.mid,processed\cnn\bach\Piano_version_of_Bachs_two_part_inventions_No5.npy,447,38.5
bach,Piano_version_of_Bachs_two_part_inventions_No6.mid,processed\cnn\bach\Piano_version_of_Bachs_two_part_inventions_No6.npy,894,77.0
bach,Piano_version_of_Bachs_two_part_inventions_No7.mid,processed\cnn\bach\Piano_version_of_Bachs_two_part_inventions_No7.npy,279,24.1
bach,Piano_version_of_Bachs_two_part_inventions_No8.mid,processed\cnn\bach\Piano_version_of_Bachs_two_part_inventions_No8.npy,243,21.0
bach,Piano_version_of_Bachs_two_part_inventions_No9.mid,processed\cnn\bach\Piano_version_of_Bachs_two_part_inventions_No9.npy,282,24.4
bach,Prelude_and_Fugue_in_A_BWV_888.mid,processed\cnn\bach\Prelude_and_Fugue_in_A_BWV_888.npy,506,43.6
bach,Prelude_and_Fugue_in_C_Sharp_BWV_872.mid,processed\cnn\bach\Prelude_and_Fugue_in_C_Sharp_BWV_872.npy,779,67.1
bach,Prelude_and_Fugue_in_D.mid,processed\cnn\bach\Prelude_and_Fugue_in_D.npy,654,56.3
bach,Prelude_from_Sonata_n6.mid,processed\cnn\bach\Prelude_from_Sonata_n6.npy,819,70.5
bach,Tocatto_No1_in_F_Sharp_Minor_BWV_910.mid,processed\cnn\bach\Tocatto_No1_in_F_Sharp_Minor_BWV_910.npy,2157,185.5
bach,Toccata_and_Fugue_in_D_minor_BWV_565_Busoni_Piano_Arr.mid,processed\cnn\bach\Toccata_and_Fugue_in_D_minor_BWV_565_Busoni_Piano_Arr.npy,1797,154.6
beethoven,32_Variations_on_a_theme.mid,processed\cnn\beethoven\32_Variations_on_a_theme.npy,2475,212.8
beethoven,Andante_in_F_Major.mid,processed\cnn\beethoven\Andante_in_F_Major.npy,1002,86.2
beethoven,Anh06_Rondo.mid,processed\cnn\beethoven\Anh06_Rondo.npy,1347,115.9
beethoven,Anh08Nb1_Gavotte_4_hands.mid,processed\cnn\beethoven\Anh08Nb1_Gavotte_4_hands.npy,668,57.5
beethoven,Bagatella_Fur_Elise.mid,processed\cnn\beethoven\Bagatella_Fur_Elise.npy,524,45.2
beethoven,Bagatella_op33_n1.mid,processed\cnn\beethoven\Bagatella_op33_n1.npy,819,70.5
beethoven,Bagatella_op33_n2.mid,processed\cnn\beethoven\Bagatella_op33_n2.npy,808,69.6
beethoven,Bagatella_op33_n3.mid,processed\cnn\beethoven\Bagatella_op33_n3.npy,398,34.3
beethoven,Bagatella_op33_n4.mid,processed\cnn\beethoven\Bagatella_op33_n4.npy,388,33.5
beethoven,Bagatella_op33_n5.mid,processed\cnn\beethoven\Bagatella_op33_n5.npy,572,49.3
beethoven,Bagatella_op33_n6.mid,processed\cnn\beethoven\Bagatella_op33_n6.npy,536,46.2
beethoven,83.mid,processed\cnn\beethoven\83.npy,3627,311.8
beethoven,Sonata_No_17_in_D_minor_op_31_No_2__Tempest.mid,processed\cnn\beethoven\Sonata_No_17_in_D_minor_op_31_No_2__Tempest.npy,5603,481.6
beethoven,Fur_Elise.mid,processed\cnn\beethoven\Fur_Elise.npy,627,54.0
beethoven,Hess057_Bagatella.mid,processed\cnn\beethoven\Hess057_Bagatella.npy,182,15.8
beethoven,Hess059_Exercizio_Per_Pianoforte.mid,processed\cnn\beethoven\Hess059_Exercizio_Per_Pianoforte.npy,127,11.0
beethoven,Hess061_Anglaise.mid,processed\cnn\beethoven\Hess061_Anglaise.npy,171,14.8
beethoven,Hess063_keyb_Kaplied.mid,processed\cnn\beethoven\Hess063_keyb_Kaplied.npy,110,9.6
beethoven,Hess073_Bagatella.mid,processed\cnn\beethoven\Hess073_Bagatella.npy,108,9.4
beethoven,Hess074_Bagatella.mid,processed\cnn\beethoven\Hess074_Bagatella.npy,161,14.0
beethoven,HessA21_Bagatella.mid,processed\cnn\beethoven\HessA21_Bagatella.npy,254,22.0
beethoven,Lieder_op46_Adelaide.mid,processed\cnn\beethoven\Lieder_op46_Adelaide.npy,1764,151.7
beethoven,Lieder_op48_n1_Bitten.mid,processed\cnn\beethoven\Lieder_op48_n1_Bitten.npy,450,38.8
beethoven,Lieder_op48_n2_Die_Liebe_Des_Nachsten.mid,processed\cnn\beethoven\Lieder_op48_n2_Die_Liebe_Des_Nachsten.npy,219,18.9
beethoven,Lieder_op48_n3_Vom_Tode.mid,processed\cnn\beethoven\Lieder_op48_n3_Vom_Tode.npy,441,38.0
beethoven,Lieder_op48_n4_Die_Ehre_Gottes_Aus_Der_Natur.mid,processed\cnn\beethoven\Lieder_op48_n4_Die_Ehre_Gottes_Aus_Der_Natur.npy,497,42.8
beethoven,Lieder_op48_n5_Gottes_Macht_Und_Vorsehung.mid,processed\cnn\beethoven\Lieder_op48_n5_Gottes_Macht_Und_Vorsehung.npy,128,11.1
beethoven,Lieder_op48_n6_Busslied.mid,processed\cnn\beethoven\Lieder_op48_n6_Busslied.npy,1033,88.9
beethoven,Lieder_op82_n1_Dimmi_Den_Mio_Che_Mi_Ami.mid,processed\cnn\beethoven\Lieder_op82_n1_Dimmi_Den_Mio_Che_Mi_Ami.npy,430,37.1
beethoven,Lieder_op99_Der_Mann_Von_Wort.mid,processed\cnn\beethoven\Lieder_op99_Der_Mann_Von_Wort.npy,463,39.9
beethoven,March_No3.mid,processed\cnn\beethoven\March_No3.npy,2498,214.8
beethoven,Minuetto.mid,processed\cnn\beethoven\Minuetto.npy,209,18.1
beethoven,Op51.mid,processed\cnn\beethoven\Op51.npy,1077,92.7
beethoven,op051_3_Rondos.mid,processed\cnn\beethoven\op051_3_Rondos.npy,4252,365.5
beethoven,op077_Fantaisie.mid,processed\cnn\beethoven\op077_Fantaisie.npy,2019,173.6
beethoven,op089_Polonaise.mid,processed\cnn\beethoven\op089_Polonaise.npy,1323,113.8
beethoven,op119_Douze_Bagatellas.mid,processed\cnn\beethoven\op119_Douze_Bagatellas.npy,3326,286.0
beethoven,op126_Six_Bagatellas.mid,processed\cnn\beethoven\op126_Six_Bagatellas.npy,3633,312.3
beethoven,Op33_No4.mid,processed\cnn\beethoven\Op33_No4.npy,688,59.2
beethoven,Opus045_Three_Grandes_Marches.mid,processed\cnn\beethoven\Opus045_Three_Grandes_Marches.npy,2493,214.4
beethoven,Overture_Corolian_op62.mid,processed\cnn\beethoven\Overture_Corolian_op62.npy,1850,159.1
beethoven,Overture_Creatures_Of_Prometeus_op43.mid,processed\cnn\beethoven\Overture_Creatures_Of_Prometeus_op43.npy,1151,99.0
beethoven,Overture_Egmont.mid,processed\cnn\beethoven\Overture_Egmont.npy,1946,167.4
beethoven,Overture_Fidelio_op72b.mid,processed\cnn\beethoven\Overture_Fidelio_op72b.npy,1460,125.6
beethoven,Overture_Inauguration_of_the_House_op214.mid,processed\cnn\beethoven\Overture_Inauguration_of_the_House_op214.npy,2566,220.6
beethoven,Overture_King_Stephen.mid,processed\cnn\beethoven\Overture_King_Stephen.npy,1770,152.2
beethoven,Overture_Leonore_n2_op72.mid,processed\cnn\beethoven\Overture_Leonore_n2_op72.npy,3139,269.9
beethoven,Overture_Leonore_n3_op72.mid,processed\cnn\beethoven\Overture_Leonore_n3_op72.npy,3279,281.9
beethoven,Overture_Leonore_op138_n1.mid,processed\cnn\beethoven\Overture_Leonore_op138_n1.npy,2324,199.8
beethoven,13.mid,processed\cnn\beethoven\13.npy,2548,219.1
beethoven,137.mid,processed\cnn\beethoven\137.npy,2192,188.5
beethoven,Piano_Concerto_n1_op15_1mov.mid,processed\cnn\beethoven\Piano_Concerto_n1_op15_1mov.npy,3552,305.4
beethoven,Piano_Concerto_n1_op15_2mov.mid,processed\cnn\beethoven\Piano_Concerto_n1_op15_2mov.npy,1929,165.9
beethoven,Piano_Concerto_n1_op15_3mov.mid,processed\cnn\beethoven\Piano_Concerto_n1_op15_3mov.npy,2281,196.1
beethoven,Piano_Concerto_n2_op19_1mov.mid,processed\cnn\beethoven\Piano_Concerto_n2_op19_1mov.npy,3147,270.6
beethoven,Piano_Concerto_n2_op19_2mov.mid,processed\cnn\beethoven\Piano_Concerto_n2_op19_2mov.npy,983,84.6
beethoven,Piano_Concerto_n2_op19_3mov.mid,processed\cnn\beethoven\Piano_Concerto_n2_op19_3mov.npy,1420,122.2
beethoven,Piano_Concerto_n3_op37_1mov.mid,processed\cnn\beethoven\Piano_Concerto_n3_op37_1mov.npy,3673,315.8
beethoven,Piano_Concerto_n3_op37_2mov.mid,processed\cnn\beethoven\Piano_Concerto_n3_op37_2mov.npy,1252,107.7
beethoven,Piano_Concerto_n3_op37_3mov.mid,processed\cnn\beethoven\Piano_Concerto_n3_op37_3mov.npy,1822,156.7
beethoven,Piano_Concerto_n4_op58_1mov.mid,processed\cnn\beethoven\Piano_Concerto_n4_op58_1mov.npy,4183,359.6
beethoven,Piano_Concerto_n4_op58_2mov.mid,processed\cnn\beethoven\Piano_Concerto_n4_op58_2mov.npy,925,79.6
beethoven,Piano_Concerto_n4_op58_3mov.mid,processed\cnn\beethoven\Piano_Concerto_n4_op58_3mov.npy,2211,190.1
beethoven,Piano_Concerto_n5_op73_1mov_Emperor.mid,processed\cnn\beethoven\Piano_Concerto_n5_op73_1mov_Emperor.npy,4903,421.5
beethoven,Piano_Concerto_n5_op73_2-3mov_Emperor.mid,processed\cnn\beethoven\Piano_Concerto_n5_op73_2-3mov_Emperor.npy,4435,381.3
beethoven,Piano_Concerto_No5Mov1.mid,processed\cnn\beethoven\Piano_Concerto_No5Mov1.npy,4509,387.6
beethoven,Piano_Concerto_No5Mov3.mid,processed\cnn\beethoven\Piano_Concerto_No5Mov3.npy,2407,207.0
beethoven,Piano_Romance__No50.mid,processed\cnn\beethoven\Piano_Romance__No50.npy,2094,180.1
beethoven,Piano_Sonata_No_28_in_B_flat_-Hammerklavier-_Op106_2nd_Mov_Scherzo.mid,processed\cnn\beethoven\Piano_Sonata_No_28_in_B_flat_-Hammerklavier-_Op106_2nd_Mov_Scherzo.npy,585,50.4
beethoven,136.mid,processed\cnn\beethoven\136.npy,2627,225.9
beethoven,134.mid,processed\cnn\beethoven\134.npy,1695,145.8
beethoven,Piano_Sonata_No27__3rd_mov.mid,processed\cnn\beethoven\Piano_Sonata_No27__3rd_mov.npy,1659,142.7
beethoven,Piano_Sonata_No27.mid,processed\cnn\beethoven\Piano_Sonata_No27.npy,366,31.6
beethoven,Piano_Sonata_No2_Assai_vivace.mid,processed\cnn\beethoven\Piano_Sonata_No2_Assai_vivace.npy,585,50.4
beethoven,Piano_Sonata_n01.mid,processed\cnn\beethoven\Piano_Sonata_n01.npy,3445,296.2
beethoven,Piano_Sonata_n02.mid,processed\cnn\beethoven\Piano_Sonata_n02.npy,4975,427.7
beethoven,Piano_Sonata_n03.mid,processed\cnn\beethoven\Piano_Sonata_n03.npy,5958,512.1
beethoven,Piano_Sonata_n04.mid,processed\cnn\beethoven\Piano_Sonata_n04.npy,5127,440.7
beethoven,Piano_Sonata_n05.mid,processed\cnn\beethoven\Piano_Sonata_n05.npy,4188,360.0
beethoven,Piano_Sonata_n06.mid,processed\cnn\beethoven\Piano_Sonata_n06.npy,2198,189.0
beethoven,Piano_Sonata_n07.mid,processed\cnn\beethoven\Piano_Sonata_n07.npy,5459,469.3
beethoven,Piano_Sonata_n08_op13_1mov_Pathetique.mid,processed\cnn\beethoven\Piano_Sonata_n08_op13_1mov_Pathetique.npy,1994,171.5
beethoven,Piano_Sonata_n08_op13_2mov_Pathetique.mid,processed\cnn\beethoven\Piano_Sonata_n08_op13_2mov_Pathetique.npy,1163,100.1
beethoven,Piano_Sonata_n08_op13_3mov_Pathetique.mid,processed\cnn\beethoven\Piano_Sonata_n08_op13_3mov_Pathetique.npy,1089,93.7
beethoven,Piano_Sonata_n09.mid,processed\cnn\beethoven\Piano_Sonata_n09.npy,2605,224.0
beethoven,Piano_Sonata_n10_1mov.mid,processed\cnn\beethoven\Piano_Sonata_n10_1mov.npy,1420,122.2
beethoven,Piano_Sonata_n10_2mov.mid,processed\cnn\beethoven\Piano_Sonata_n10_2mov.npy,1268,109.1
beethoven,Piano_Sonata_n10.mid,processed\cnn\beethoven\Piano_Sonata_n10.npy,3569,306.8
beethoven,Piano_Sonata_n11.mid,processed\cnn\beethoven\Piano_Sonata_n11.npy,5559,477.9
beethoven,Piano_Sonata_n12_op26.mid,processed\cnn\beethoven\Piano_Sonata_n12_op26.npy,4045,347.7
beethoven,Piano_Sonata_n13.mid,processed\cnn\beethoven\Piano_Sonata_n13.npy,3196,274.8
beethoven,Piano_Sonata_n14_op27__Moonlight.mid,processed\cnn\beethoven\Piano_Sonata_n14_op27__Moonlight.npy,3392,291.6
beethoven,Piano_Sonata_n14_op27_1mov_Moonlight.mid,processed\cnn\beethoven\Piano_Sonata_n14_op27_1mov_Moonlight.npy,1447,124.5
beethoven,Piano_Sonata_n14_op27_2mov_Moonlight.mid,processed\cnn\beethoven\Piano_Sonata_n14_op27_2mov_Moonlight.npy,496,42.8
beethoven,Piano_Sonata_n14_op27_3mov_Moonlight.mid,processed\cnn\beethoven\Piano_Sonata_n14_op27_3mov_Moonlight.npy,1641,141.1
beethoven,Piano_Sonata_n15_Pastoral.mid,processed\cnn\beethoven\Piano_Sonata_n15_Pastoral.npy,5885,505.9
beethoven,Piano_Sonata_n15_2mov_Pastoral.mid,processed\cnn\beethoven\Piano_Sonata_n15_2mov_Pastoral.npy,1564,134.5
beethoven,Piano_Sonata_n15_3mov_Pastoral.mid,processed\cnn\beethoven\Piano_Sonata_n15_3mov_Pastoral.npy,460,39.7
beethoven,Piano_Sonata_n16.mid,processed\cnn\beethoven\Piano_Sonata_n16.npy,4735,407.0
beethoven,Piano_Sonata_n17_Tempestat.mid,processed\cnn\beethoven\Piano_Sonata_n17_Tempestat.npy,4289,368.7
beethoven,Piano_Sonata_n18_The_Hunt.mid,processed\cnn\beethoven\Piano_Sonata_n18_The_Hunt.npy,3633,312.3
beethoven,Piano_Sonata_n19.mid,processed\cnn\beethoven\Piano_Sonata_n19.npy,1823,156.8
beethoven,Piano_Sonata_n20.mid,processed\cnn\beethoven\Piano_Sonata_n20.npy,1718,147.8
beethoven,Piano_Sonata_n21_1mov_Waldstein.mid,processed\cnn\beethoven\Piano_Sonata_n21_1mov_Waldstein.npy,2473,212.6
beethoven,Piano_Sonata_n21_2mov_Waldstein.mid,processed\cnn\beethoven\Piano_Sonata_n21_2mov_Waldstein.npy,984,84.7
beethoven,Piano_Sonata_n21_3mov_Waldstein.mid,processed\cnn\beethoven\Piano_Sonata_n21_3mov_Waldstein.npy,2315,199.1
beethoven,Piano_Sonata_n22.mid,processed\cnn\beethoven\Piano_Sonata_n22.npy,1974,169.8
beethoven,Piano_Sonata_n23_op57_1mov_Apassionata.mid,processed\cnn\beethoven\Piano_Sonata_n23_op57_1mov_Apassionata.npy,2232,191.9
beethoven,Piano_Sonata_n23_op57_2mov_Apassionata.mid,processed\cnn\beethoven\Piano_Sonata_n23_op57_2mov_Apassionata.npy,1479,127.2
beethoven,Piano_Sonata_n23_op57_3mov_Apassionata.mid,processed\cnn\beethoven\Piano_Sonata_n23_op57_3mov_Apassionata.npy,1858,159.8
beethoven,Piano_Sonata_n24.mid,processed\cnn\beethoven\Piano_Sonata_n24.npy,1745,150.1
beethoven,Piano_Sonata_n25.mid,processed\cnn\beethoven\Piano_Sonata_n25.npy,1662,143.0
beethoven,Piano_sonata_n26_Les_Adieux.mid,processed\cnn\beethoven\Piano_sonata_n26_Les_Adieux.npy,3196,274.8
beethoven,Piano_Sonata_n27.mid,processed\cnn\beethoven\Piano_Sonata_n27.npy,2865,246.3
beethoven,Piano_Sonata_n28.mid,processed\cnn\beethoven\Piano_Sonata_n28.npy,3811,327.6
beethoven,Piano_Sonata_n29_Op106_Hammerklavier.mid,processed\cnn\beethoven\Piano_Sonata_n29_Op106_Hammerklavier.npy,9999,859.4
beethoven,Piano_Sonata_n30.mid,processed\cnn\beethoven\Piano_Sonata_n30.npy,3675,315.9
beethoven,Piano_Sonata_n31_op110.mid,processed\cnn\beethoven\Piano_Sonata_n31_op110.npy,4606,396.0
beethoven,Piano_sonata_n32_op111.mid,processed\cnn\beethoven\Piano_sonata_n32_op111.npy,5041,433.3
beethoven,Piano_Sonatina_in_G_Op79.mid,processed\cnn\beethoven\Piano_Sonatina_in_G_Op79.npy,2501,215.1
beethoven,Piano_Sonatina_No2_Op_49.mid,processed\cnn\beethoven\Piano_Sonatina_No2_Op_49.npy,1082,93.1
beethoven,Preludes_2_Through_Major_keys_39.mid,processed\cnn\beethoven\Preludes_2_Through_Major_keys_39.npy,2458,211.4
beethoven,Rage_over_a_lost_pennny.mid,processed\cnn\beethoven\Rage_over_a_lost_pennny.npy,1608,138.3
beethoven,Romance_piano.mid,processed\cnn\beethoven\Romance_piano.npy,2091,179.8
beethoven,Rondo_in_B_flat.mid,processed\cnn\beethoven\Rondo_in_B_flat.npy,1351,116.2
beethoven,Rondo_Opus51_No1.mid,processed\cnn\beethoven\Rondo_Opus51_No1.npy,914,78.7
beethoven,Rondo_Opus51_No2.mid,processed\cnn\beethoven\Rondo_Opus51_No2.npy,1320,113.6
beethoven,Sechs_Variationen.mid,processed\cnn\beethoven\Sechs_Variationen.npy,1089,93.7
beethoven,Seven_Inversions_of_God_Save_the_King.mid,processed\cnn\beethoven\Seven_Inversions_of_God_Save_the_King.npy,1793,154.2
beethoven,Sieben_Bagatellen_C_Major_Opus33_No2.mid,processed\cnn\beethoven\Sieben_Bagatellen_C_Major_Opus33_No2.npy,808,69.6
beethoven,Sieben_Bagatellen_in_A_Major_Opus33_No4.mid,processed\cnn\beethoven\Sieben_Bagatellen_in_A_Major_Opus33_No4.npy,388,33.5
beethoven,Sieben_Bagatellen_in_C_Major_Opus33_No5.mid,processed\cnn\beethoven\Sieben_Bagatellen_in_C_Major_Opus33_No5.npy,572,49.3
beethoven,Sieben_Bagatellen_in_D_Major_Opus33_No6.mid,processed\cnn\beethoven\Sieben_Bagatellen_in_D_Major_Opus33_No6.npy,536,46.2
beethoven,Sieben_Bagatellen_in_E_flat_Major_Opus33_No1.mid,processed\cnn\beethoven\Sieben_Bagatellen_in_E_flat_Major_Opus33_No1.npy,819,70.5
beethoven,Sieben_Bagatellen_in_F_Major_Opus33_No3.mid,processed\cnn\beethoven\Sieben_Bagatellen_in_F_Major_Opus33_No3.npy,398,34.3
beethoven,Sketch_for_Piano_Alla_Marcia.mid,processed\cnn\beethoven\Sketch_for_Piano_Alla_Marcia.npy,101,8.8
beethoven,Sketch_for_Piano_Allegretto.mid,processed\cnn\beethoven\Sketch_for_Piano_Allegretto.npy,265,22.9
beethoven,Sketch_for_Piano_Allegro_Giocoso.mid,processed\cnn\beethoven\Sketch_for_Piano_Allegro_Giocoso.npy,87,7.6
beethoven,Sketch_for_Piano_Allegro.mid,processed\cnn\beethoven\Sketch_for_Piano_Allegro.npy,100,8.7
beethoven,Sketch_for_Piano_Presto.mid,processed\cnn\beethoven\Sketch_for_Piano_Presto.npy,162,14.0
beethoven,Sonata_for_Piano__Cello_n2_op05.mid,processed\cnn\beethoven\Sonata_for_Piano__Cello_n2_op05.npy,2192,188.5
beethoven,Sonata_in_Bflat_Major_Op106.mid,processed\cnn\beethoven\Sonata_in_Bflat_Major_Op106.npy,580,50.0
beethoven,122.mid,processed\cnn\beethoven\122.npy,1586,136.4
beethoven,Sonata_No14_Op_27_Moonlight_Sonata.mid,processed\cnn\beethoven\Sonata_No14_Op_27_Moonlight_Sonata.npy,1388,119.4
beethoven,Sonata_No14_Op_27_Sonata_Quasi_Una_Fantasia.mid,processed\cnn\beethoven\Sonata_No14_Op_27_Sonata_Quasi_Una_Fantasia.npy,679,58.5
beethoven,Sonata_op78_1st_mov.mid,processed\cnn\beethoven\Sonata_op78_1st_mov.npy,937,80.6
beethoven,Sonata_Opus81a_-Les_Adieux-_E_flat_No1.mid,processed\cnn\beethoven\Sonata_Opus81a_-Les_Adieux-_E_flat_No1.npy,1505,129.5
beethoven,Sonata_Opus81a_-Les_Adieux-_E_flat_No2__3.mid,processed\cnn\beethoven\Sonata_Opus81a_-Les_Adieux-_E_flat_No2__3.npy,2194,188.7
beethoven,Sonata_Presto.mid,processed\cnn\beethoven\Sonata_Presto.npy,1082,93.1
beethoven,Sonata_Opus111_C_minor_No1.mid,processed\cnn\beethoven\Sonata_Opus111_C_minor_No1.npy,2016,173.4
beethoven,Sonata_Opus111_C_minor_No2.mid,processed\cnn\beethoven\Sonata_Opus111_C_minor_No2.npy,2642,227.2
beethoven,Sonatina_Fa_maj_woo.mid,processed\cnn\beethoven\Sonatina_Fa_maj_woo.npy,1234,106.2
beethoven,Sonatina_In_C.mid,processed\cnn\beethoven\Sonatina_In_C.npy,2159,185.7
beethoven,Sonatina_n1_op05.mid,processed\cnn\beethoven\Sonatina_n1_op05.npy,826,71.1
beethoven,Sonatina_op33_4mov.mid,processed\cnn\beethoven\Sonatina_op33_4mov.npy,688,59.2
beethoven,Sonatina_WoO050.mid,processed\cnn\beethoven\Sonatina_WoO050.npy,999,86.0
beethoven,String_Quartet_n1_op18_1mov.mid,processed\cnn\beethoven\String_Quartet_n1_op18_1mov.npy,1960,168.6
beethoven,String_Quartet_n1_op18_2mov.mid,processed\cnn\beethoven\String_Quartet_n1_op18_2mov.npy,2301,197.9
beethoven,String_Quartet_n1_op18_3mov.mid,processed\cnn\beethoven\String_Quartet_n1_op18_3mov.npy,956,82.3
beethoven,String_Quartet_n1_op18_4mov.mid,processed\cnn\beethoven\String_Quartet_n1_op18_4mov.npy,1557,133.9
beethoven,String_Quartet_n16_op135_1mov.mid,processed\cnn\beethoven\String_Quartet_n16_op135_1mov.npy,1450,124.7
beethoven,String_Quartet_n16_op135_2mov.mid,processed\cnn\beethoven\String_Quartet_n16_op135_2mov.npy,1033,88.9
beethoven,String_Quartet_n16_op135_3mov.mid,processed\cnn\beethoven\String_Quartet_n16_op135_3mov.npy,1474,126.8
beethoven,String_Quartet_n16_op135_4mov.mid,processed\cnn\beethoven\String_Quartet_n16_op135_4mov.npy,2742,235.8
beethoven,String_Quartet_n2_op18_n2_1mov.mid,processed\cnn\beethoven\String_Quartet_n2_op18_n2_1mov.npy,1572,135.2
beethoven,String_Quartet_n2_op18_n2_2mov.mid,processed\cnn\beethoven\String_Quartet_n2_op18_n2_2mov.npy,1052,90.5
beethoven,String_Quartet_n2_op18_n2_3mov.mid,processed\cnn\beethoven\String_Quartet_n2_op18_n2_3mov.npy,1043,89.8
beethoven,String_Quartet_n2_op18_n2_4mov.mid,processed\cnn\beethoven\String_Quartet_n2_op18_n2_4mov.npy,1292,111.2
beethoven,Symphony_n1_1mov.mid,processed\cnn\beethoven\Symphony_n1_1mov.npy,2125,182.7
beethoven,Symphony_n1_2mov.mid,processed\cnn\beethoven\Symphony_n1_2mov.npy,2139,183.9
beethoven,Symphony_n1_3mov.mid,processed\cnn\beethoven\Symphony_n1_3mov.npy,894,77.0
beethoven,Symphony_n1_4mov.mid,processed\cnn\beethoven\Symphony_n1_4mov.npy,1395,120.0
beethoven,Symphony_n2_op36_1mov.mid,processed\cnn\beethoven\Symphony_n2_op36_1mov.npy,2877,247.4
beethoven,Symphony_n2_op36_2mov.mid,processed\cnn\beethoven\Symphony_n2_op36_2mov.npy,2595,223.1
beethoven,Symphony_n2_op36_3mov.mid,processed\cnn\beethoven\Symphony_n2_op36_3mov.npy,929,80.0
beethoven,Symphony_n2_op36_4mov.mid,processed\cnn\beethoven\Symphony_n2_op36_4mov.npy,1520,130.8
beethoven,Symphony_n3_1mov_Eroica.mid,processed\cnn\beethoven\Symphony_n3_1mov_Eroica.npy,3365,289.3
beethoven,Symphony_n3_2mov_Eroica.mid,processed\cnn\beethoven\Symphony_n3_2mov_Eroica.npy,3076,264.5
beethoven,Symphony_n3_3mov_Eroica.mid,processed\cnn\beethoven\Symphony_n3_3mov_Eroica.npy,1322,113.7
beethoven,Symphony_n3_4mov_Eroica.mid,processed\cnn\beethoven\Symphony_n3_4mov_Eroica.npy,2226,191.4
beethoven,Symphony_n4_1mov.mid,processed\cnn\beethoven\Symphony_n4_1mov.npy,2886,248.1
beethoven,Symphony_n4_2mov.mid,processed\cnn\beethoven\Symphony_n4_2mov.npy,2518,216.5
beethoven,Symphony_n4_3mov.mid,processed\cnn\beethoven\Symphony_n4_3mov.npy,1263,108.7
beethoven,Symphony_n4_4mov.mid,processed\cnn\beethoven\Symphony_n4_4mov.npy,1684,144.8
beethoven,Symphony_n5_op67_1mov.mid,processed\cnn\beethoven\Symphony_n5_op67_1mov.npy,1303,112.1
beethoven,Symphony_n5_op67_3-4mov.mid,processed\cnn\beethoven\Symphony_n5_op67_3-4mov.npy,3156,271.3
beethoven,Symphony_n7_1mov.mid,processed\cnn\beethoven\Symphony_n7_1mov.npy,3787,325.6
beethoven,Symphony_n7_2mov.mid,processed\cnn\beethoven\Symphony_n7_2mov.npy,1119,96.3
beethoven,Symphony_n7_3mov.mid,processed\cnn\beethoven\Symphony_n7_3mov.npy,2909,250.1
beethoven,Symphony_n7_4mov.mid,processed\cnn\beethoven\Symphony_n7_4mov.npy,2024,174.1
beethoven,Symphony_op125_n9_1mov_Choral.mid,processed\cnn\beethoven\Symphony_op125_n9_1mov_Choral.npy,3552,305.4
beethoven,Symphony_op125_n9_2mov_Choral.mid,processed\cnn\beethoven\Symphony_op125_n9_2mov_Choral.npy,3345,287.6
beethoven,Symphony_op125_n9_3mov_Choral.mid,processed\cnn\beethoven\Symphony_op125_n9_3mov_Choral.npy,3411,293.3
beethoven,Symphony_op125_n9_4mov_Choral.mid,processed\cnn\beethoven\Symphony_op125_n9_4mov_Choral.npy,5103,438.7
beethoven,Symphony_op68_n6_Pastorale.mid,processed\cnn\beethoven\Symphony_op68_n6_Pastorale.npy,6852,589.0
beethoven,Symphony_op68_n6_1mov_Pastorale.mid,processed\cnn\beethoven\Symphony_op68_n6_1mov_Pastorale.npy,3050,262.2
beethoven,Symphony_op68_n6_2mov_Pastorale.mid,processed\cnn\beethoven\Symphony_op68_n6_2mov_Pastorale.npy,3289,282.8
beethoven,Symphony_op68_n6_3mov_Pastorale.mid,processed\cnn\beethoven\Symphony_op68_n6_3mov_Pastorale.npy,4329,372.1
beethoven,Symphony_op93_n8_1mov.mid,processed\cnn\beethoven\Symphony_op93_n8_1mov.npy,2118,182.1
beethoven,Symphony_op93_n8_2mov.mid,processed\cnn\beethoven\Symphony_op93_n8_2mov.npy,928,79.9
beethoven,Symphony_op93_n8_3mov.mid,processed\cnn\beethoven\Symphony_op93_n8_3mov.npy,1277,109.9
beethoven,Symphony_op93_n8_4mov.mid,processed\cnn\beethoven\Symphony_op93_n8_4mov.npy,1832,157.6
beethoven,Violin_Concerto_op61_1mov.mid,processed\cnn\beethoven\Violin_Concerto_op61_1mov.npy,5272,453.2
beethoven,Violin_Concerto_op61_2-3movs.mid,processed\cnn\beethoven\Violin_Concerto_op61_2-3movs.npy,4118,354.0
beethoven,WoO010_Six_Menuets_for_Orchestra.mid,processed\cnn\beethoven\WoO010_Six_Menuets_for_Orchestra.npy,2423,208.4
beethoven,WoO048_Rondo.mid,processed\cnn\beethoven\WoO048_Rondo.npy,568,48.9
beethoven,WoO049_Rondo.mid,processed\cnn\beethoven\WoO049_Rondo.npy,519,44.7
beethoven,WoO051_Sonatina_1-2_movs.mid,processed\cnn\beethoven\WoO051_Sonatina_1-2_movs.npy,1807,155.4
beethoven,WoO052_Bagatella.mid,processed\cnn\beethoven\WoO052_Bagatella.npy,1415,121.7
beethoven,WoO054_Lustig_Traurig.mid,processed\cnn\beethoven\WoO054_Lustig_Traurig.npy,269,23.2
beethoven,WoO055_Prelude.mid,processed\cnn\beethoven\WoO055_Prelude.npy,990,85.2
beethoven,WoO056_Bagatella.mid,processed\cnn\beethoven\WoO056_Bagatella.npy,475,40.9
beethoven,WoO060_Mouvement_Pour_Piano.mid,processed\cnn\beethoven\WoO060_Mouvement_Pour_Piano.npy,222,19.2
beethoven,WoO061_Mouvement_Pour_Piano.mid,processed\cnn\beethoven\WoO061_Mouvement_Pour_Piano.npy,410,35.4
beethoven,WoO061a_Mouvement_Pour_Piano.mid,processed\cnn\beethoven\WoO061a_Mouvement_Pour_Piano.npy,123,10.7
beethoven,WoO081_Allemande.mid,processed\cnn\beethoven\WoO081_Allemande.npy,291,25.1
beethoven,WoO082_Menuet.mid,processed\cnn\beethoven\WoO082_Menuet.npy,1015,87.4
beethoven,WoO083_Six_Escotish_Dances_for_Piano.mid,processed\cnn\beethoven\WoO083_Six_Escotish_Dances_for_Piano.npy,593,51.1
beethoven,WoO086_Scotish.mid,processed\cnn\beethoven\WoO086_Scotish.npy,110,9.6
chopin,2542Prelude_opus28_No16_in_B_flat_minor.mid,processed\cnn\chopin\2542Prelude_opus28_No16_in_B_flat_minor.npy,255,22.0
chopin,19_Polish_Songs_for_Solo_Voice_and_Piano_accomplements_No10.mid,processed\cnn\chopin\19_Polish_Songs_for_Solo_Voice_and_Piano_accomplements_No10.npy,431,37.2
chopin,19_Polish_Songs_for_Solo_Voice_and_Piano_accomplements_No11.mid,processed\cnn\chopin\19_Polish_Songs_for_Solo_Voice_and_Piano_accomplements_No11.npy,232,20.1
chopin,19_Polish_Songs_for_Solo_Voice_and_Piano_accomplements_No12.mid,processed\cnn\chopin\19_Polish_Songs_for_Solo_Voice_and_Piano_accomplements_No12.npy,488,42.1
chopin,19_Polish_Songs_for_Solo_Voice_and_Piano_accomplements_No13.mid,processed\cnn\chopin\19_Polish_Songs_for_Solo_Voice_and_Piano_accomplements_No13.npy,967,83.2
chopin,19_Polish_Songs_for_Solo_Voice_and_Piano_accomplements_No14.mid,processed\cnn\chopin\19_Polish_Songs_for_Solo_Voice_and_Piano_accomplements_No14.npy,374,32.3
chopin,19_Polish_Songs_for_Solo_Voice_and_Piano_accomplements_No15.mid,processed\cnn\chopin\19_Polish_Songs_for_Solo_Voice_and_Piano_accomplements_No15.npy,468,40.3
chopin,19_Polish_Songs_for_Solo_Voice_and_Piano_accomplements_No16.mid,processed\cnn\chopin\19_Polish_Songs_for_Solo_Voice_and_Piano_accomplements_No16.npy,606,52.2
chopin,19_Polish_Songs_for_Solo_Voice_and_Piano_accomplements_No17.mid,processed\cnn\chopin\19_Polish_Songs_for_Solo_Voice_and_Piano_accomplements_No17.npy,887,76.4
chopin,19_Polish_Songs_for_Solo_Voice_and_Piano_accomplements_No18.mid,processed\cnn\chopin\19_Polish_Songs_for_Solo_Voice_and_Piano_accomplements_No18.npy,782,67.3
chopin,19_Polish_Songs_for_Solo_Voice_and_Piano_accomplements_No19.mid,processed\cnn\chopin\19_Polish_Songs_for_Solo_Voice_and_Piano_accomplements_No19.npy,153,13.3
chopin,19_Polish_Songs_for_Solo_Voice_and_Piano_accomplements_No2.mid,processed\cnn\chopin\19_Polish_Songs_for_Solo_Voice_and_Piano_accomplements_No2.npy,453,39.1
chopin,19_Polish_Songs_for_Solo_Voice_and_Piano_accomplements_No3.mid,processed\cnn\chopin\19_Polish_Songs_for_Solo_Voice_and_Piano_accomplements_No3.npy,753,64.8
chopin,19_Polish_Songs_for_Solo_Voice_and_Piano_accomplements_No4.mid,processed\cnn\chopin\19_Polish_Songs_for_Solo_Voice_and_Piano_accomplements_No4.npy,493,42.5
chopin,19_Polish_Songs_for_Solo_Voice_and_Piano_accomplements_No5.mid,processed\cnn\chopin\19_Polish_Songs_for_Solo_Voice_and_Piano_accomplements_No5.npy,195,16.9
chopin,19_Polish_Songs_for_Solo_Voice_and_Piano_accomplements_No6.mid,processed\cnn\chopin\19_Polish_Songs_for_Solo_Voice_and_Piano_accomplements_No6.npy,653,56.2
chopin,19_Polish_Songs_for_Solo_Voice_and_Piano_accomplements_No7.mid,processed\cnn\chopin\19_Polish_Songs_for_Solo_Voice_and_Piano_accomplements_No7.npy,456,39.3
chopin,19_Polish_Songs_for_Solo_Voice_and_Piano_accomplements_No8.mid,processed\cnn\chopin\19_Polish_Songs_for_Solo_Voice_and_Piano_accomplements_No8.npy,672,57.9
chopin,19_Polish_Songs_for_Solo_Voice_and_Piano_accomplements_No9.mid,processed\cnn\chopin\19_Polish_Songs_for_Solo_Voice_and_Piano_accomplements_No9.npy,495,42.7
chopin,2_Polonaises_op26_n1.mid,processed\cnn\chopin\2_Polonaises_op26_n1.npy,1696,145.9
chopin,Ballad_op32.mid,processed\cnn\chopin\Ballad_op32.npy,2155,185.3
chopin,Ballad_op53.mid,processed\cnn\chopin\Ballad_op53.npy,1390,119.6
chopin,Ballade_No2_in_F_Major.mid,processed\cnn\chopin\Ballade_No2_in_F_Major.npy,1573,135.3
chopin,Barcarolle_in_F_sharp_Major.mid,processed\cnn\chopin\Barcarolle_in_F_sharp_Major.npy,2313,198.9
chopin,Ecossaise_No2_in_G.mid,processed\cnn\chopin\Ecossaise_No2_in_G.npy,127,11.0
chopin,Etude_No1.mid,processed\cnn\chopin\Etude_No1.npy,444,38.3
chopin,Etude_No2_in_A_Minor.mid,processed\cnn\chopin\Etude_No2_in_A_Minor.npy,337,29.1
chopin,Etude_No7_in_C_Major_Opus10_No7.mid,processed\cnn\chopin\Etude_No7_in_C_Major_Opus10_No7.npy,336,29.0
chopin,Etude_Op_25_No1.mid,processed\cnn\chopin\Etude_Op_25_No1.npy,1085,93.4
chopin,Etude_op_10-5_Black_keys.mid,processed\cnn\chopin\Etude_op_10-5_Black_keys.npy,370,31.9
chopin,Etude_Op10_No11.mid,processed\cnn\chopin\Etude_Op10_No11.npy,567,48.9
chopin,Etude_op10_n01.mid,processed\cnn\chopin\Etude_op10_n01.npy,441,38.0
chopin,Etude_op10_n02.mid,processed\cnn\chopin\Etude_op10_n02.npy,337,29.1
chopin,Etude_op10_n03.mid,processed\cnn\chopin\Etude_op10_n03.npy,819,70.5
chopin,Etude_op10_n04_Drchew.mid,processed\cnn\chopin\Etude_op10_n04_Drchew.npy,621,53.5
chopin,Etude_op10_n05_Black_Key.mid,processed\cnn\chopin\Etude_op10_n05_Black_Key.npy,365,31.5
chopin,Etude_op10_n06.mid,processed\cnn\chopin\Etude_op10_n06.npy,756,65.1
chopin,Etude_op10_n07.mid,processed\cnn\chopin\Etude_op10_n07.npy,336,29.0
chopin,Etude_op10_n08.mid,processed\cnn\chopin\Etude_op10_n08.npy,542,46.7
chopin,Etude_op10_n09.mid,processed\cnn\chopin\Etude_op10_n09.npy,550,47.4
chopin,Etude_op10_n10.mid,processed\cnn\chopin\Etude_op10_n10.npy,528,45.5
chopin,Etude_op10_n11.mid,processed\cnn\chopin\Etude_op10_n11.npy,576,49.6
chopin,Etude_op10_n12_Revolutionary.mid,processed\cnn\chopin\Etude_op10_n12_Revolutionary.npy,555,47.8
chopin,Etude_op25_n01_Harp_Etude.mid,processed\cnn\chopin\Etude_op25_n01_Harp_Etude.npy,503,43.4
chopin,Etude_op25_n02.mid,processed\cnn\chopin\Etude_op25_n02.npy,355,30.6
chopin,Etude_op25_n03.mid,processed\cnn\chopin\Etude_op25_n03.npy,416,35.9
chopin,Etude_op25_n04.mid,processed\cnn\chopin\Etude_op25_n04.npy,363,31.3
chopin,Etude_op25_n05.mid,processed\cnn\chopin\Etude_op25_n05.npy,725,62.4
chopin,Etude_op25_n06.mid,processed\cnn\chopin\Etude_op25_n06.npy,686,59.1
chopin,Etude_op25_n07.mid,processed\cnn\chopin\Etude_op25_n07.npy,1276,109.8
chopin,Etude_op25_n08.mid,processed\cnn\chopin\Etude_op25_n08.npy,252,21.8
chopin,Etude_op25_n09.mid,processed\cnn\chopin\Etude_op25_n09.npy,206,17.8
chopin,Etude_op25_n10.mid,processed\cnn\chopin\Etude_op25_n10.npy,915,78.8
chopin,Etude_op25_n11_Winter_Wind.mid,processed\cnn\chopin\Etude_op25_n11_Winter_Wind.npy,747,64.3
chopin,Etude_op25_n12_The_Ocean.mid,processed\cnn\chopin\Etude_op25_n12_The_Ocean.npy,545,47.0
chopin,Fantasie_Impromptu_op66.mid,processed\cnn\chopin\Fantasie_Impromptu_op66.npy,1097,94.4
chopin,Finale_to_B_Minor_Paino_Sonata.mid,processed\cnn\chopin\Finale_to_B_Minor_Paino_Sonata.npy,1465,126.0
chopin,Grande_Waltz_op18.mid,processed\cnn\chopin\Grande_Waltz_op18.npy,1235,106.3
chopin,Imprompt_Fantastique.mid,processed\cnn\chopin\Imprompt_Fantastique.npy,1160,99.8
chopin,Impromptu_n3_op51.mid,processed\cnn\chopin\Impromptu_n3_op51.npy,1298,111.7
chopin,Mazurka_op30_n2_Drchew.mid,processed\cnn\chopin\Mazurka_op30_n2_Drchew.npy,261,22.6
chopin,Mazurka_op33_n2_Drchew.mid,processed\cnn\chopin\Mazurka_op33_n2_Drchew.npy,527,45.4
chopin,Mazurka_op67_n3_Drchew.mid,processed\cnn\chopin\Mazurka_op67_n3_Drchew.npy,267,23.1
chopin,Mazurka_op68_n2_Drchew.mid,processed\cnn\chopin\Mazurka_op68_n2_Drchew.npy,303,26.2
chopin,Mazurka_op7_n1.mid,processed\cnn\chopin\Mazurka_op7_n1.npy,539,46.4
chopin,Mazurka_op7_n2.mid,processed\cnn\chopin\Mazurka_op7_n2.npy,636,54.8
chopin,Nocturne_No1_Opus62.mid,processed\cnn\chopin\Nocturne_No1_Opus62.npy,1393,119.8
chopin,Nocturne_No15_in_F_Minor_Opus55_-1.mid,processed\cnn\chopin\Nocturne_No15_in_F_Minor_Opus55_-1.npy,1190,102.4
chopin,Nocturne_No18_in_E_Major_Op62.mid,processed\cnn\chopin\Nocturne_No18_in_E_Major_Op62.npy,1427,122.8
chopin,Nocturne_op09_n2.mid,processed\cnn\chopin\Nocturne_op09_n2.npy,962,82.8
chopin,Nocturne_op09_n3.mid,processed\cnn\chopin\Nocturne_op09_n3.npy,1577,135.6
chopin,Nocturne_op15_n2.mid,processed\cnn\chopin\Nocturne_op15_n2.npy,875,75.3
chopin,Nocturne_op15_n3.mid,processed\cnn\chopin\Nocturne_op15_n3.npy,817,70.3
chopin,Nocturne_op27_n1.mid,processed\cnn\chopin\Nocturne_op27_n1.npy,1158,99.6
chopin,Nocturne_op27_n2.mid,processed\cnn\chopin\Nocturne_op27_n2.npy,1237,106.4
chopin,Nocturne_op32_n1.mid,processed\cnn\chopin\Nocturne_op32_n1.npy,1236,106.3
chopin,Nocturne_op32_n2.mid,processed\cnn\chopin\Nocturne_op32_n2.npy,1393,119.8
chopin,Nocturne_op33_n2.mid,processed\cnn\chopin\Nocturne_op33_n2.npy,561,48.3
chopin,Nocturne_op33_n4.mid,processed\cnn\chopin\Nocturne_op33_n4.npy,1261,108.5
chopin,Nocturne_op37_01.mid,processed\cnn\chopin\Nocturne_op37_01.npy,1531,131.7
chopin,Nocturne_op37_n2.mid,processed\cnn\chopin\Nocturne_op37_n2.npy,1580,135.9
chopin,Nocturne_op48_n1.mid,processed\cnn\chopin\Nocturne_op48_n1.npy,1507,129.6
chopin,Nocturne_op48_n2.mid,processed\cnn\chopin\Nocturne_op48_n2.npy,1776,152.8
chopin,Nocturne_op55_n1.mid,processed\cnn\chopin\Nocturne_op55_n1.npy,1190,102.4
chopin,Nocturne_op55_n2.mid,processed\cnn\chopin\Nocturne_op55_n2.npy,1291,111.1
chopin,Nocturne_op62_n2.mid,processed\cnn\chopin\Nocturne_op62_n2.npy,1427,122.8
chopin,Nocturne_op72_n1.mid,processed\cnn\chopin\Nocturne_op72_n1.npy,1108,95.3
chopin,Op53_Polonaise_in_A_flat_Heroic.mid,processed\cnn\chopin\Op53_Polonaise_in_A_flat_Heroic.npy,1540,132.5
chopin,Piano_Concerto_n1_op11_1mov.mid,processed\cnn\chopin\Piano_Concerto_n1_op11_1mov.npy,5410,465.0
chopin,Piano_Concerto_n1_op11_2mov.mid,processed\cnn\chopin\Piano_Concerto_n1_op11_2mov.npy,2658,228.5
chopin,Piano_Concerto_n1_op11_3mov.mid,processed\cnn\chopin\Piano_Concerto_n1_op11_3mov.npy,2886,248.1
chopin,Piano_Concerto_n2_1mov.mid,processed\cnn\chopin\Piano_Concerto_n2_1mov.npy,3250,279.4
chopin,Piano_Concerto_n2_2mov.mid,processed\cnn\chopin\Piano_Concerto_n2_2mov.npy,1744,150.0
chopin,Piano_Concerto_n2_3mov.mid,processed\cnn\chopin\Piano_Concerto_n2_3mov.npy,2135,183.6
chopin,Polonaise_Opus40_No1_Military.mid,processed\cnn\chopin\Polonaise_Opus40_No1_Military.npy,1092,94.0
chopin,Prelude_n01_op28_Reunion.mid,processed\cnn\chopin\Prelude_n01_op28_Reunion.npy,122,10.6
chopin,Prelude_n02_op28_Presentiment_of_Death.mid,processed\cnn\chopin\Prelude_n02_op28_Presentiment_of_Death.npy,462,39.8
chopin,Prelude_n03_op28_Thou_Art_So_Like_A_Flower.mid,processed\cnn\chopin\Prelude_n03_op28_Thou_Art_So_Like_A_Flower.npy,204,17.7
chopin,Prelude_n04_op28_Suffocation.mid,processed\cnn\chopin\Prelude_n04_op28_Suffocation.npy,407,35.1
chopin,Prelude_n05_op28_Uncertainty.mid,processed\cnn\chopin\Prelude_n05_op28_Uncertainty.npy,120,10.4
chopin,Prelude_n06_op28_Tolling_Bells.mid,processed\cnn\chopin\Prelude_n06_op28_Tolling_Bells.npy,361,31.1
chopin,Prelude_n07_op28_The_Polish_Dance.mid,processed\cnn\chopin\Prelude_n07_op28_The_Polish_Dance.npy,147,12.8
chopin,Prelude_n08_op28_Desparation.mid,processed\cnn\chopin\Prelude_n08_op28_Desparation.npy,354,30.5
chopin,Prelude_n09_op28_Vision.mid,processed\cnn\chopin\Prelude_n09_op28_Vision.npy,355,30.6
chopin,Prelude_n10_op28_The_Night_Moth.mid,processed\cnn\chopin\Prelude_n10_op28_The_Night_Moth.npy,93,8.1
chopin,Prelude_n11_op28_Dragonfly.mid,processed\cnn\chopin\Prelude_n11_op28_Dragonfly.npy,121,10.5
chopin,Prelude_n12_op28_Duel.mid,processed\cnn\chopin\Prelude_n12_op28_Duel.npy,226,19.5
chopin,Prelude_n13_op28_Loss.mid,processed\cnn\chopin\Prelude_n13_op28_Loss.npy,611,52.6
chopin,Prelude_n14_op28_Fear.mid,processed\cnn\chopin\Prelude_n14_op28_Fear.npy,108,9.4
chopin,Prelude_n15_op28_Raindrop.mid,processed\cnn\chopin\Prelude_n15_op28_Raindrop.npy,1088,93.6
chopin,Prelude_n16_op28_Hades.mid,processed\cnn\chopin\Prelude_n16_op28_Hades.npy,240,20.8
chopin,Prelude_n17_op28_Scene_On_the_Place_of_Notre_Dame.mid,processed\cnn\chopin\Prelude_n17_op28_Scene_On_the_Place_of_Notre_Dame.npy,640,55.1
chopin,Prelude_n18_op28_Suicide.mid,processed\cnn\chopin\Prelude_n18_op28_Suicide.npy,185,16.0
chopin,Prelude_n19_op28.mid,processed\cnn\chopin\Prelude_n19_op28.npy,266,23.0
chopin,Prelude_n20_op28_Funeral_March.mid,processed\cnn\chopin\Prelude_n20_op28_Funeral_March.npy,345,29.8
chopin,Prelude_n21_op28_Sunday.mid,processed\cnn\chopin\Prelude_n21_op28_Sunday.npy,409,35.3
chopin,Prelude_n22_op28_Impatience.mid,processed\cnn\chopin\Prelude_n22_op28_Impatience.npy,163,14.1
chopin,Prelude_n23_op28_A_Pleasure_Boat.mid,processed\cnn\chopin\Prelude_n23_op28_A_Pleasure_Boat.npy,204,17.7
chopin,Prelude_n24_op28_The_Storm.mid,processed\cnn\chopin\Prelude_n24_op28_The_Storm.npy,490,42.2
chopin,Prelude_op28-15_Raindrop.mid,processed\cnn\chopin\Prelude_op28-15_Raindrop.npy,924,79.5
chopin,Revolutionary.mid,processed\cnn\chopin\Revolutionary.npy,758,65.3
chopin,Scherzo_n1_op20.mid,processed\cnn\chopin\Scherzo_n1_op20.npy,1908,164.1
chopin,Scherzo_No2_Opus31.mid,processed\cnn\chopin\Scherzo_No2_Opus31.npy,1985,170.7
chopin,Scherzo_op31.mid,processed\cnn\chopin\Scherzo_op31.npy,2056,176.8
chopin,Sonata_No3_1st_Mov_Allegro.mid,processed\cnn\chopin\Sonata_No3_1st_Mov_Allegro.npy,1957,168.3
chopin,Sonata_No3_2nd_Mov_Scherzo.mid,processed\cnn\chopin\Sonata_No3_2nd_Mov_Scherzo.npy,613,52.8
chopin,Sonata_op35_n1.mid,processed\cnn\chopin\Sonata_op35_n1.npy,1569,135.0
chopin,Sonata_op35_n2.mid,processed\cnn\chopin\Sonata_op35_n2.npy,1561,134.3
chopin,Sonata_op35_n3.mid,processed\cnn\chopin\Sonata_op35_n3.npy,1782,153.3
chopin,Sonata_op35_n4.mid,processed\cnn\chopin\Sonata_op35_n4.npy,327,28.2
chopin,Tarantella.mid,processed\cnn\chopin\Tarantella.npy,861,74.1
chopin,Trois_Nouvelles_Etudes_Opposth.mid,processed\cnn\chopin\Trois_Nouvelles_Etudes_Opposth.npy,1605,138.1
chopin,Waltz_in_Ab_Opposth_Brown21.mid,processed\cnn\chopin\Waltz_in_Ab_Opposth_Brown21.npy,662,57.0
chopin,Waltz_op64_n1.mid,processed\cnn\chopin\Waltz_op64_n1.npy,424,36.6
chopin,Waltz_op70_n2.mid,processed\cnn\chopin\Waltz_op70_n2.npy,585,50.4
chopin,Winter_wind_etude.mid,processed\cnn\chopin\Winter_wind_etude.npy,915,78.8
mozart,A_piece_for_PianoK176.mid,processed\cnn\mozart\A_piece_for_PianoK176.npy,465,40.1
mozart,Adagio_in_B_flat.mid,processed\cnn\mozart\Adagio_in_B_flat.npy,2866,246.4
mozart,Another_piece_for_PianoK176.mid,processed\cnn\mozart\Another_piece_for_PianoK176.npy,515,44.4
mozart,Contradance_n1.mid,processed\cnn\mozart\Contradance_n1.npy,139,12.1
mozart,Contradance_n2.mid,processed\cnn\mozart\Contradance_n2.npy,237,20.5
mozart,Contradance_n3.mid,processed\cnn\mozart\Contradance_n3.npy,644,55.5
mozart,Fantasia_in_C_K475.mid,processed\cnn\mozart\Fantasia_in_C_K475.npy,2912,250.4
mozart,Fantasia_in_D_K397.mid,processed\cnn\mozart\Fantasia_in_D_K397.npy,1288,110.8
mozart,K02_Minuet_in_F.mid,processed\cnn\mozart\K02_Minuet_in_F.npy,224,19.4
mozart,K03_Allegro_in_Bb.mid,processed\cnn\mozart\K03_Allegro_in_Bb.npy,241,20.8
mozart,K04_Minuet_in_F.mid,processed\cnn\mozart\K04_Minuet_in_F.npy,330,28.5
mozart,K05_Minuet_for_Harpsichord.mid,processed\cnn\mozart\K05_Minuet_for_Harpsichord.npy,253,21.9
mozart,K117_Offertorio_Jubilate_Deo.mid,processed\cnn\mozart\K117_Offertorio_Jubilate_Deo.npy,1011,87.0
mozart,K136_Divertimento_1mov.mid,processed\cnn\mozart\K136_Divertimento_1mov.npy,1061,91.3
mozart,K136_Divertimento_2mov.mid,processed\cnn\mozart\K136_Divertimento_2mov.npy,1069,92.0
mozart,K136_Divertimento_3mov.mid,processed\cnn\mozart\K136_Divertimento_3mov.npy,676,58.2
mozart,K191_Bassoon_Concerto_1mov.mid,processed\cnn\mozart\K191_Bassoon_Concerto_1mov.npy,1694,145.7
mozart,K191_Bassoon_Concerto_2mov.mid,processed\cnn\mozart\K191_Bassoon_Concerto_2mov.npy,1319,113.5
mozart,K191_Bassoon_Concerto_3mov.mid,processed\cnn\mozart\K191_Bassoon_Concerto_3mov.npy,1072,92.2
mozart,K299_Flute_Harp_Concerto_1mov.mid,processed\cnn\mozart\K299_Flute_Harp_Concerto_1mov.npy,2218,190.7
mozart,K299_Flute_Harp_Concerto_2mov.mid,processed\cnn\mozart\K299_Flute_Harp_Concerto_2mov.npy,1809,155.6
mozart,K299_Flute_Harp_Concerto_3mov.mid,processed\cnn\mozart\K299_Flute_Harp_Concerto_3mov.npy,2505,215.4
mozart,K314_Flute_Concerto_n2_1mov.mid,processed\cnn\mozart\K314_Flute_Concerto_n2_1mov.npy,1879,161.6
mozart,K314_Flute_Concerto_n2_2mov.mid,processed\cnn\mozart\K314_Flute_Concerto_n2_2mov.npy,1686,145.0
mozart,K314_Flute_Concerto_n2_3mov.mid,processed\cnn\mozart\K314_Flute_Concerto_n2_3mov.npy,1340,115.3
mozart,K317_Coronation_Mass_1mov.mid,processed\cnn\mozart\K317_Coronation_Mass_1mov.npy,490,42.2
mozart,K317_Coronation_Mass_2mov.mid,processed\cnn\mozart\K317_Coronation_Mass_2mov.npy,1340,115.3
mozart,K317_Coronation_Mass_3mov.mid,processed\cnn\mozart\K317_Coronation_Mass_3mov.npy,1691,145.4
mozart,K317_Coronation_Mass_4mov.mid,processed\cnn\mozart\K317_Coronation_Mass_4mov.npy,375,32.4
mozart,K317_Coronation_Mass_5mov.mid,processed\cnn\mozart\K317_Coronation_Mass_5mov.npy,556,47.9
mozart,K317_Coronation_Mass_6mov.mid,processed\cnn\mozart\K317_Coronation_Mass_6mov.npy,979,84.3
mozart,K335_Laudate_Dominus.mid,processed\cnn\mozart\K335_Laudate_Dominus.npy,819,70.5
mozart,K339_Vesperae_solemnes_de_confessore_Vespers_1mov_Dixit_Dominus.mid,processed\cnn\mozart\K339_Vesperae_solemnes_de_confessore_Vespers_1mov_Dixit_Dominus.npy,734,63.2
mozart,K354_Piano_Variations_Je_Suis_Lindor.mid,processed\cnn\mozart\K354_Piano_Variations_Je_Suis_Lindor.npy,3586,308.3
mozart,K361_Serenade_n10_3mov.mid,processed\cnn\mozart\K361_Serenade_n10_3mov.npy,1351,116.2
mozart,K393_Solfeggi_n1.mid,processed\cnn\mozart\K393_Solfeggi_n1.npy,799,68.8
mozart,K393_Solfeggi_n2.mid,processed\cnn\mozart\K393_Solfeggi_n2.npy,537,46.3
mozart,K393_Solfeggi_n3.mid,processed\cnn\mozart\K393_Solfeggi_n3.npy,728,62.7
mozart,K393_Solfeggi_n4.mid,processed\cnn\mozart\K393_Solfeggi_n4.npy,327,28.2
mozart,K393_Solfeggi_n5.mid,processed\cnn\mozart\K393_Solfeggi_n5.npy,830,71.5
mozart,K398_Piano_Variations_Salve_Tu_Domine.mid,processed\cnn\mozart\K398_Piano_Variations_Salve_Tu_Domine.npy,1667,143.4
mozart,K401_Fuga_in_G_minor.mid,processed\cnn\mozart\K401_Fuga_in_G_minor.npy,840,72.3
mozart,K427_Great_Mass_1mov.mid,processed\cnn\mozart\K427_Great_Mass_1mov.npy,1552,133.5
mozart,K492_Overture_Le_Nozze_di_Figaro.mid,processed\cnn\mozart\K492_Overture_Le_Nozze_di_Figaro.npy,1214,104.5
mozart,K495_Horn_Concerto_n4_1mov.mid,processed\cnn\mozart\K495_Horn_Concerto_n4_1mov.npy,1608,138.3
mozart,K495_Horn_Concerto_n4_2mov.mid,processed\cnn\mozart\K495_Horn_Concerto_n4_2mov.npy,974,83.8
mozart,K495_Horn_Concerto_n4_3mov.mid,processed\cnn\mozart\K495_Horn_Concerto_n4_3mov.npy,765,65.9
mozart,K501_Andante_with_5_Variations_for_Piano_Duet.mid,processed\cnn\mozart\K501_Andante_with_5_Variations_for_Piano_Duet.npy,1578,135.7
mozart,K525_Serenade_1mov_Eine_Kleine_Natchmusik.mid,processed\cnn\mozart\K525_Serenade_1mov_Eine_Kleine_Natchmusik.npy,1372,118.0
mozart,K525_Serenade_2mov_Eine_Kleine_Natchmusik.mid,processed\cnn\mozart\K525_Serenade_2mov_Eine_Kleine_Natchmusik.npy,1391,119.7
mozart,K525_Serenade_3mov_Eine_Kleine_Natchmusik.mid,processed\cnn\mozart\K525_Serenade_3mov_Eine_Kleine_Natchmusik.npy,532,45.8
mozart,K525_Serenade_4mov_Eine_Kleine_Natchmusik.mid,processed\cnn\mozart\K525_Serenade_4mov_Eine_Kleine_Natchmusik.npy,948,81.6
mozart,K527_Overture_Don_Giovanni.mid,processed\cnn\mozart\K527_Overture_Don_Giovanni.npy,1463,125.9
mozart,K546_Adagio__Fugue_for_Strings.mid,processed\cnn\mozart\K546_Adagio__Fugue_for_Strings.npy,2025,174.1
mozart,K573_9_Variations_for_Piano_Uber_Duport.mid,processed\cnn\mozart\K573_9_Variations_for_Piano_Uber_Duport.npy,3239,278.5
mozart,K594_Adagio__Allegro_for_Mechanical_Organ.mid,processed\cnn\mozart\K594_Adagio__Allegro_for_Mechanical_Organ.npy,2379,204.6
mozart,K608_Fantasia_for_Mechanical_Organ.mid,processed\cnn\mozart\K608_Fantasia_for_Mechanical_Organ.npy,2138,183.9
mozart,K617_Adagio.mid,processed\cnn\mozart\K617_Adagio.npy,768,66.1
mozart,K618_Ave_Verum_Corpus.mid,processed\cnn\mozart\K618_Ave_Verum_Corpus.npy,659,56.8
mozart,K620_Overture_The_Magic_Flute.mid,processed\cnn\mozart\K620_Overture_The_Magic_Flute.npy,557,48.0
mozart,K622_Clarinet_Concerto_1mov.mid,processed\cnn\mozart\K622_Clarinet_Concerto_1mov.npy,2888,248.3
mozart,K622_Clarinet_Concerto_2mov.mid,processed\cnn\mozart\K622_Clarinet_Concerto_2mov.npy,1422,122.3
mozart,K622_Clarinet_Concerto_3mov.mid,processed\cnn\mozart\K622_Clarinet_Concerto_3mov.npy,2121,182.4
mozart,K626_Requiem_01_Introitus__Kyrie.mid,processed\cnn\mozart\K626_Requiem_01_Introitus__Kyrie.npy,1412,121.5
mozart,K626_Requiem_02_rextremendae.mid,processed\cnn\mozart\K626_Requiem_02_rextremendae.npy,417,36.0
mozart,K626_Requiem_03_tuba_mirum.mid,processed\cnn\mozart\K626_Requiem_03_tuba_mirum.npy,920,79.2
mozart,K626_Requiem_04_Dies_Irae.mid,processed\cnn\mozart\K626_Requiem_04_Dies_Irae.npy,444,38.3
mozart,K626_Requiem_05_Recordare.mid,processed\cnn\mozart\K626_Requiem_05_Recordare.npy,1436,123.5
mozart,K626_Requiem_06_confutatis.mid,processed\cnn\mozart\K626_Requiem_06_confutatis.npy,594,51.2
mozart,K626_Requiem_07_Lacrimosa.mid,processed\cnn\mozart\K626_Requiem_07_Lacrimosa.npy,664,57.2
mozart,K626_Requiem_08_offertorio_domine_jesu.mid,processed\cnn\mozart\K626_Requiem_08_offertorio_domine_jesu.npy,998,85.9
mozart,K626_Requiem_09_hostias.mid,processed\cnn\mozart\K626_Requiem_09_hostias.npy,1050,90.4
mozart,K626_Requiem_10_Sanctus.mid,processed\cnn\mozart\K626_Requiem_10_Sanctus.npy,355,30.6
mozart,K626_Requiem_11_Benedictus.mid,processed\cnn\mozart\K626_Requiem_11_Benedictus.npy,1151,99.0
mozart,K626_Requiem_12_agnus_dei.mid,processed\cnn\mozart\K626_Requiem_12_agnus_dei.npy,1641,141.1
mozart,K626_Requiem_kyrie.mid,processed\cnn\mozart\K626_Requiem_kyrie.npy,575,49.5
mozart,Piano_Concerto_n12_K414_1mov.mid,processed\cnn\mozart\Piano_Concerto_n12_K414_1mov.npy,2542,218.6
mozart,Piano_Concerto_n12_K414_3mov.mid,processed\cnn\mozart\Piano_Concerto_n12_K414_3mov.npy,1598,137.5
mozart,Piano_Concerto_n14_K449_1mov.mid,processed\cnn\mozart\Piano_Concerto_n14_K449_1mov.npy,1817,156.3
mozart,Piano_Concerto_n14_K449_2mov.mid,processed\cnn\mozart\Piano_Concerto_n14_K449_2mov.npy,1565,134.6
mozart,Piano_Concerto_n14_K449_3mov.mid,processed\cnn\mozart\Piano_Concerto_n14_K449_3mov.npy,1406,121.0
mozart,Piano_Concerto_n16_K451_1mov.mid,processed\cnn\mozart\Piano_Concerto_n16_K451_1mov.npy,2404,206.7
mozart,Piano_Concerto_n16_K451_3mov.mid,processed\cnn\mozart\Piano_Concerto_n16_K451_3mov.npy,1460,125.6
mozart,Piano_Concerto_n17_K453_3mov.mid,processed\cnn\mozart\Piano_Concerto_n17_K453_3mov.npy,2131,183.3
mozart,Piano_Concerto_n18_K456_1mov_Paradis.mid,processed\cnn\mozart\Piano_Concerto_n18_K456_1mov_Paradis.npy,2949,253.6
mozart,Piano_Concerto_n18_K456_2mov_Paradis.mid,processed\cnn\mozart\Piano_Concerto_n18_K456_2mov_Paradis.npy,2059,177.1
mozart,Piano_Concerto_n18_K456_3mov_Paradis.mid,processed\cnn\mozart\Piano_Concerto_n18_K456_3mov_Paradis.npy,1701,146.3
mozart,Piano_Concerto_n20_K466_1mov.mid,processed\cnn\mozart\Piano_Concerto_n20_K466_1mov.npy,3485,299.6
mozart,Piano_Concerto_n20_K466_2mov.mid,processed\cnn\mozart\Piano_Concerto_n20_K466_2mov.npy,2243,192.9
mozart,Piano_Concerto_n20_K466_3mov.mid,processed\cnn\mozart\Piano_Concerto_n20_K466_3mov.npy,1911,164.4
mozart,Piano_Concerto_n21_K467_1mov_Elvira_Madigan.mid,processed\cnn\mozart\Piano_Concerto_n21_K467_1mov_Elvira_Madigan.npy,3545,304.8
mozart,Piano_Concerto_n21_K467_2mov_Elvira_Madigan.mid,processed\cnn\mozart\Piano_Concerto_n21_K467_2mov_Elvira_Madigan.npy,1684,144.8
mozart,Piano_Concerto_n21_K467_3mov_Elvira_Madigan.mid,processed\cnn\mozart\Piano_Concerto_n21_K467_3mov_Elvira_Madigan.npy,1618,139.2
mozart,Piano_Concerto_n23_K488_1mov.mid,processed\cnn\mozart\Piano_Concerto_n23_K488_1mov.npy,2742,235.8
mozart,Piano_Concerto_n23_K488_2mov.mid,processed\cnn\mozart\Piano_Concerto_n23_K488_2mov.npy,1783,153.4
mozart,Piano_Concerto_n23_K488_3mov.mid,processed\cnn\mozart\Piano_Concerto_n23_K488_3mov.npy,2016,173.4
mozart,Piano_Concerto_n24_K491_1mov.mid,processed\cnn\mozart\Piano_Concerto_n24_K491_1mov.npy,3405,292.7
mozart,Piano_Concerto_n24_K491_2mov.mid,processed\cnn\mozart\Piano_Concerto_n24_K491_2mov.npy,1450,124.7
mozart,Piano_Concerto_n24_K491_3mov.mid,processed\cnn\mozart\Piano_Concerto_n24_K491_3mov.npy,2010,172.9
mozart,Piano_Concerto_n25_K503_1mov.mid,processed\cnn\mozart\Piano_Concerto_n25_K503_1mov.npy,3705,318.5
mozart,Piano_Concerto_n25_K503_2mov.mid,processed\cnn\mozart\Piano_Concerto_n25_K503_2mov.npy,1363,117.3
mozart,Piano_Concerto_n25_K503_3mov.mid,processed\cnn\mozart\Piano_Concerto_n25_K503_3mov.npy,2081,179.0
mozart,Piano_Concerto_n26_K537_1mov_Coronation.mid,processed\cnn\mozart\Piano_Concerto_n26_K537_1mov_Coronation.npy,3711,319.0
mozart,Piano_Concerto_n26_K537_2mov_Coronation.mid,processed\cnn\mozart\Piano_Concerto_n26_K537_2mov_Coronation.npy,1560,134.2
mozart,Piano_Concerto_n26_K537_3mov_Coronation.mid,processed\cnn\mozart\Piano_Concerto_n26_K537_3mov_Coronation.npy,2585,222.3
mozart,Piano_Concerto_n6_K238_1mov.mid,processed\cnn\mozart\Piano_Concerto_n6_K238_1mov.npy,1621,139.4
mozart,Piano_Concerto_n6_K238_3mov.mid,processed\cnn\mozart\Piano_Concerto_n6_K238_3mov.npy,2546,218.9
mozart,Piano_Concerto_n7_for_3_Pianos_K242_1mov_Lodron.mid,processed\cnn\mozart\Piano_Concerto_n7_for_3_Pianos_K242_1mov_Lodron.npy,2209,190.0
mozart,Piano_Concerto_n7_for_3_Pianos_K242_2mov_Lodron.mid,processed\cnn\mozart\Piano_Concerto_n7_for_3_Pianos_K242_2mov_Lodron.npy,2003,172.3
mozart,Piano_Concerto_n7_for_3_Pianos_K242_3mov_Lodron.mid,processed\cnn\mozart\Piano_Concerto_n7_for_3_Pianos_K242_3mov_Lodron.npy,1349,116.1
mozart,Piano_Concerto_n8_K246_1mov.mid,processed\cnn\mozart\Piano_Concerto_n8_K246_1mov.npy,1692,145.5
mozart,Piano_Concerto_n8_K246_3mov.mid,processed\cnn\mozart\Piano_Concerto_n8_K246_3mov.npy,1779,153.0
mozart,K19d_Piano_Sonata_Duet.mid,processed\cnn\mozart\K19d_Piano_Sonata_Duet.npy,2552,219.4
mozart,K279_Piano_sonata_n01_1mov.mid,processed\cnn\mozart\K279_Piano_sonata_n01_1mov.npy,1101,94.7
mozart,K279_Piano_sonata_n01_2mov.mid,processed\cnn\mozart\K279_Piano_sonata_n01_2mov.npy,916,78.8
mozart,K279_Piano_sonata_n01_3mov.mid,processed\cnn\mozart\K279_Piano_sonata_n01_3mov.npy,812,69.9
mozart,K280_Piano_sonata_n02_1mov.mid,processed\cnn\mozart\K280_Piano_sonata_n02_1mov.npy,991,85.3
mozart,K280_Piano_sonata_n02_2mov.mid,processed\cnn\mozart\K280_Piano_sonata_n02_2mov.npy,957,82.4
mozart,K280_Piano_sonata_n02_3mov.mid,processed\cnn\mozart\K280_Piano_sonata_n02_3mov.npy,1141,98.2
mozart,K281_Piano_Sonata_n03_1mov.mid,processed\cnn\mozart\K281_Piano_Sonata_n03_1mov.npy,1549,133.2
mozart,K281_Piano_Sonata_n03_2mov.mid,processed\cnn\mozart\K281_Piano_Sonata_n03_2mov.npy,1925,165.6
mozart,K282_Piano_Sonata_n04.mid,processed\cnn\mozart\K282_Piano_Sonata_n04.npy,2553,219.5
mozart,K284_Piano_Sonata_n06.mid,processed\cnn\mozart\K284_Piano_Sonata_n06.npy,5014,431.0
mozart,K309_Piano_Sonata_n10_1mov.mid,processed\cnn\mozart\K309_Piano_Sonata_n10_1mov.npy,2193,188.6
mozart,K309_Piano_Sonata_n10_2mov.mid,processed\cnn\mozart\K309_Piano_Sonata_n10_2mov.npy,1148,98.8
mozart,K309_Piano_Sonata_n10_3mov.mid,processed\cnn\mozart\K309_Piano_Sonata_n10_3mov.npy,1414,121.6
mozart,K330_Piano_Sonata_n10_1mov.mid,processed\cnn\mozart\K330_Piano_Sonata_n10_1mov.npy,2146,184.5
mozart,K330_Piano_Sonata_n10_2mov.mid,processed\cnn\mozart\K330_Piano_Sonata_n10_2mov.npy,1572,135.2
mozart,K330_Piano_Sonata_n10_3mov.mid,processed\cnn\mozart\K330_Piano_Sonata_n10_3mov.npy,2003,172.3
mozart,K331_Piano_Sonata_n11.mid,processed\cnn\mozart\K331_Piano_Sonata_n11.npy,4357,374.6
mozart,K331_Piano_sonata_n11_3mov.mid,processed\cnn\mozart\K331_Piano_sonata_n11_3mov.npy,851,73.3
mozart,K332_Piano_Sonata_n12_1mov.mid,processed\cnn\mozart\K332_Piano_Sonata_n12_1mov.npy,2735,235.2
mozart,K332_Piano_Sonata_n12_2mov.mid,processed\cnn\mozart\K332_Piano_Sonata_n12_2mov.npy,1061,91.3
mozart,K332_Piano_Sonata_n12_3mov.mid,processed\cnn\mozart\K332_Piano_Sonata_n12_3mov.npy,2817,242.2
mozart,K333_Piano_Sonata_n13.mid,processed\cnn\mozart\K333_Piano_Sonata_n13.npy,4709,404.8
mozart,K333_Piano_Sonata_n13_1mov.mid,processed\cnn\mozart\K333_Piano_Sonata_n13_1mov.npy,2766,237.8
mozart,K333_Piano_Sonata_n13_2mov.mid,processed\cnn\mozart\K333_Piano_Sonata_n13_2mov.npy,2088,179.6
mozart,K333_Piano_Sonata_n13_3mov.mid,processed\cnn\mozart\K333_Piano_Sonata_n13_3mov.npy,1389,119.5
mozart,K357_Piano_Sonata_4_Hands.mid,processed\cnn\mozart\K357_Piano_Sonata_4_Hands.npy,2993,257.3
mozart,K358_Piano_Sonata_4_Hands.mid,processed\cnn\mozart\K358_Piano_Sonata_4_Hands.npy,2668,229.4
mozart,K381_Piano_Sonata_4_Hands.mid,processed\cnn\mozart\K381_Piano_Sonata_4_Hands.npy,2485,213.7
mozart,K457_Piano_Sonata_n14.mid,processed\cnn\mozart\K457_Piano_Sonata_n14.npy,3644,313.3
mozart,K497_Piano_Sonata_4_Hands.mid,processed\cnn\mozart\K497_Piano_Sonata_4_Hands.npy,5912,508.2
mozart,K521_Piano_Sonata_4_Hands.mid,processed\cnn\mozart\K521_Piano_Sonata_4_Hands.npy,5323,457.6
mozart,K545_Piano_Sonata.mid,processed\cnn\mozart\K545_Piano_Sonata.npy,2754,236.8
mozart,K570_Piano_Sonata_1mov.mid,processed\cnn\mozart\K570_Piano_Sonata_1mov.npy,1157,99.6
mozart,K570_Piano_Sonata_2mov.mid,processed\cnn\mozart\K570_Piano_Sonata_2mov.npy,1149,98.9
mozart,K570_Piano_Sonata_3mov.mid,processed\cnn\mozart\K570_Piano_Sonata_3mov.npy,1064,91.6
mozart,K576_Piano_Sonata_n19.mid,processed\cnn\mozart\K576_Piano_Sonata_n19.npy,3052,262.4
mozart,Piano_Sonata_n01_K279.mid,processed\cnn\mozart\Piano_Sonata_n01_K279.npy,2753,236.7
mozart,Piano_Sonata_n02_K280.mid,processed\cnn\mozart\Piano_Sonata_n02_K280.npy,3301,283.8
mozart,Piano_Sonata_n03_K281.mid,processed\cnn\mozart\Piano_Sonata_n03_K281.npy,2565,220.6
mozart,Piano_Sonata_n04_K282.mid,processed\cnn\mozart\Piano_Sonata_n04_K282.npy,2165,186.2
mozart,Piano_Sonata_n05_K283.mid,processed\cnn\mozart\Piano_Sonata_n05_K283.npy,2492,214.3
mozart,Piano_Sonata_n06_K284.mid,processed\cnn\mozart\Piano_Sonata_n06_K284.npy,5230,449.6
mozart,Piano_Sonata_n07_K309.mid,processed\cnn\mozart\Piano_Sonata_n07_K309.npy,3663,314.9
mozart,Piano_Sonata_n08_K311.mid,processed\cnn\mozart\Piano_Sonata_n08_K311.npy,3479,299.1
mozart,Piano_Sonata_n09_K310.mid,processed\cnn\mozart\Piano_Sonata_n09_K310.npy,3397,292.1
mozart,Piano_Sonata_n10_K330.mid,processed\cnn\mozart\Piano_Sonata_n10_K330.npy,3339,287.1
mozart,Piano_Sonata_n11_K331.mid,processed\cnn\mozart\Piano_Sonata_n11_K331.npy,4344,373.4
mozart,Piano_Sonata_n12_K332.mid,processed\cnn\mozart\Piano_Sonata_n12_K332.npy,3710,319.0
mozart,Piano_Sonata_n13_K333.mid,processed\cnn\mozart\Piano_Sonata_n13_K333.npy,4124,354.5
mozart,Piano_Sonata_n14_K457.mid,processed\cnn\mozart\Piano_Sonata_n14_K457.npy,4014,345.1
mozart,Piano_Sonata_n15_K593-494.mid,processed\cnn\mozart\Piano_Sonata_n15_K593-494.npy,4002,344.0
mozart,Piano_Sonata_n16_K545.mid,processed\cnn\mozart\Piano_Sonata_n16_K545.npy,1716,147.6
mozart,Piano_Sonata_n17_K547a.mid,processed\cnn\mozart\Piano_Sonata_n17_K547a.npy,1346,115.8
mozart,Piano_Sonata_n18_K570.mid,processed\cnn\mozart\Piano_Sonata_n18_K570.npy,4078,350.6
mozart,Piano_Sonata_n19_K576.mid,processed\cnn\mozart\Piano_Sonata_n19_K576.npy,2961,254.6
mozart,Rondo_in_C.mid,processed\cnn\mozart\Rondo_in_C.npy,1311,112.8
mozart,Rondo.mid,processed\cnn\mozart\Rondo.npy,1778,152.9
mozart,Sonatina_n21_3mov.mid,processed\cnn\mozart\Sonatina_n21_3mov.npy,528,45.5
mozart,Sonatina_n22_4mov.mid,processed\cnn\mozart\Sonatina_n22_4mov.npy,601,51.8
mozart,Sonatina_n3_1mov.mid,processed\cnn\mozart\Sonatina_n3_1mov.npy,571,49.2
mozart,Sonatina_n3_2mov.mid,processed\cnn\mozart\Sonatina_n3_2mov.npy,902,77.6
mozart,Sonatina_n3_3mov.mid,processed\cnn\mozart\Sonatina_n3_3mov.npy,585,50.4
mozart,Symphony_n22_K162_1mov.mid,processed\cnn\mozart\Symphony_n22_K162_1mov.npy,871,75.0
mozart,Symphony_n22_K162_3mov.mid,processed\cnn\mozart\Symphony_n22_K162_3mov.npy,332,28.7
mozart,Symphony_n25_K183_1mov.mid,processed\cnn\mozart\Symphony_n25_K183_1mov.npy,1910,164.3
mozart,Symphony_n25_K183_2mov.mid,processed\cnn\mozart\Symphony_n25_K183_2mov.npy,1188,102.2
mozart,Symphony_n25_K183_3mov.mid,processed\cnn\mozart\Symphony_n25_K183_3mov.npy,881,75.8
mozart,Symphony_n25_K183_4mov.mid,processed\cnn\mozart\Symphony_n25_K183_4mov.npy,1326,114.1
mozart,Symphony_n28_K200_1mov.mid,processed\cnn\mozart\Symphony_n28_K200_1mov.npy,1197,103.0
mozart,Symphony_n28_K200_2mov.mid,processed\cnn\mozart\Symphony_n28_K200_2mov.npy,1213,104.4
mozart,Symphony_n28_K200_3mov.mid,processed\cnn\mozart\Symphony_n28_K200_3mov.npy,928,79.9
mozart,Symphony_n28_K200_4mov.mid,processed\cnn\mozart\Symphony_n28_K200_4mov.npy,1000,86.1
mozart,Symphony_n29_K201_1mov.mid,processed\cnn\mozart\Symphony_n29_K201_1mov.npy,1729,148.7
mozart,Symphony_n29_K201_2mov.mid,processed\cnn\mozart\Symphony_n29_K201_2mov.npy,1763,151.6
mozart,Symphony_n29_K201_4mov.mid,processed\cnn\mozart\Symphony_n29_K201_4mov.npy,1129,97.1
mozart,Symphony_n30_K202_1mov.mid,processed\cnn\mozart\Symphony_n30_K202_1mov.npy,1391,119.7
mozart,Symphony_n30_K202_2mov.mid,processed\cnn\mozart\Symphony_n30_K202_2mov.npy,955,82.2
mozart,Symphony_n30_K202_3mov.mid,processed\cnn\mozart\Symphony_n30_K202_3mov.npy,1020,87.8
mozart,Symphony_n30_K202_4mov.mid,processed\cnn\mozart\Symphony_n30_K202_4mov.npy,835,71.9
mozart,Symphony_n31_K297_1mov_Paris.mid,processed\cnn\mozart\Symphony_n31_K297_1mov_Paris.npy,1669,143.6
mozart,Symphony_n31_K297_2mov_Paris.mid,processed\cnn\mozart\Symphony_n31_K297_2mov_Paris.npy,1415,121.7
mozart,Symphony_n31_K297_3mov_Paris.mid,processed\cnn\mozart\Symphony_n31_K297_3mov_Paris.npy,882,75.9
mozart,Symphony_n33_K319_1mov.mid,processed\cnn\mozart\Symphony_n33_K319_1mov.npy,1613,138.7
mozart,Symphony_n33_K319_2mov.mid,processed\cnn\mozart\Symphony_n33_K319_2mov.npy,1208,103.9
mozart,Symphony_n33_K319_3mov.mid,processed\cnn\mozart\Symphony_n33_K319_3mov.npy,723,62.3
mozart,Symphony_n33_K319_4mov.mid,processed\cnn\mozart\Symphony_n33_K319_4mov.npy,1537,132.2
mozart,Symphony_n34_K338_1mov.mid,processed\cnn\mozart\Symphony_n34_K338_1mov.npy,1704,146.6
mozart,Symphony_n34_K338_2mov.mid,processed\cnn\mozart\Symphony_n34_K338_2mov.npy,1736,149.3
mozart,Symphony_n34_K338_3mov.mid,processed\cnn\mozart\Symphony_n34_K338_3mov.npy,1265,108.8
mozart,Symphony_n35_K385_1mov_Haffner.mid,processed\cnn\mozart\Symphony_n35_K385_1mov_Haffner.npy,1421,122.2
mozart,Symphony_n35_K385_2mov_Haffner.mid,processed\cnn\mozart\Symphony_n35_K385_2mov_Haffner.npy,1974,169.8
mozart,Symphony_n35_K385_3mov_Haffner.mid,processed\cnn\mozart\Symphony_n35_K385_3mov_Haffner.npy,872,75.1
mozart,Symphony_n35_K385_4mov_Haffner.mid,processed\cnn\mozart\Symphony_n35_K385_4mov_Haffner.npy,837,72.1
mozart,Symphony_n36_K425_1mov_Linz.mid,processed\cnn\mozart\Symphony_n36_K425_1mov_Linz.npy,2426,208.6
mozart,Symphony_n36_K425_2mov_Linz.mid,processed\cnn\mozart\Symphony_n36_K425_2mov_Linz.npy,1793,154.2
mozart,Symphony_n36_K425_3mov_Linz.mid,processed\cnn\mozart\Symphony_n36_K425_3mov_Linz.npy,816,70.2
mozart,Symphony_n36_K425_4mov_Linz.mid,processed\cnn\mozart\Symphony_n36_K425_4mov_Linz.npy,1755,150.9
mozart,Symphony_n37_K444_1mov.mid,processed\cnn\mozart\Symphony_n37_K444_1mov.npy,401,34.6
mozart,Symphony_n38_K504_1mov_Prague.mid,processed\cnn\mozart\Symphony_n38_K504_1mov_Prague.npy,2842,244.4
mozart,Symphony_n38_K504_2mov_Prague.mid,processed\cnn\mozart\Symphony_n38_K504_2mov_Prague.npy,2491,214.2
mozart,Symphony_n38_K504_3mov_Prague.mid,processed\cnn\mozart\Symphony_n38_K504_3mov_Prague.npy,893,76.9
mozart,Symphony_n39_K543_1mov.mid,processed\cnn\mozart\Symphony_n39_K543_1mov.npy,2583,222.1
mozart,Symphony_n39_K543_2mov.mid,processed\cnn\mozart\Symphony_n39_K543_2mov.npy,1925,165.6
mozart,Symphony_n39_K543_3mov.mid,processed\cnn\mozart\Symphony_n39_K543_3mov.npy,980,84.3
mozart,Symphony_n39_K543_4mov.mid,processed\cnn\mozart\Symphony_n39_K543_4mov.npy,1353,116.4
mozart,Symphony_n4_K019_1mov.mid,processed\cnn\mozart\Symphony_n4_K019_1mov.npy,1068,91.9
mozart,Symphony_n4_K19_3mov.mid,processed\cnn\mozart\Symphony_n4_K19_3mov.npy,442,38.1
mozart,Symphony_n40_K550_1mov.mid,processed\cnn\mozart\Symphony_n40_K550_1mov.npy,1850,159.1
mozart,Symphony_n40_K550_2mov.mid,processed\cnn\mozart\Symphony_n40_K550_2mov.npy,1922,165.3
mozart,Symphony_n40_K550_3mov.mid,processed\cnn\mozart\Symphony_n40_K550_3mov.npy,1148,98.8
mozart,Symphony_n40_K550_4mov.mid,processed\cnn\mozart\Symphony_n40_K550_4mov.npy,1541,132.6
mozart,Symphony_n41_K551_1mov_Jupiter.mid,processed\cnn\mozart\Symphony_n41_K551_1mov_Jupiter.npy,2792,240.1
mozart,Symphony_n41_K551_2mov_Jupiter.mid,processed\cnn\mozart\Symphony_n41_K551_2mov_Jupiter.npy,1846,158.8
mozart,Symphony_n41_K551_3mov_Jupiter.mid,processed\cnn\mozart\Symphony_n41_K551_3mov_Jupiter.npy,608,52.4
mozart,Symphony_n41_K551_4mov_Jupiter.mid,processed\cnn\mozart\Symphony_n41_K551_4mov_Jupiter.npy,2067,177.8
mozart,Symphony_n5_K022.mid,processed\cnn\mozart\Symphony_n5_K022.npy,1789,153.9
mozart,Early_Pieces_n1_Andante.mid,processed\cnn\mozart\Early_Pieces_n1_Andante.npy,272,23.5
mozart,Early_Pieces_n10_Air.mid,processed\cnn\mozart\Early_Pieces_n10_Air.npy,164,14.2
mozart,Early_Pieces_n11_Country_dance.mid,processed\cnn\mozart\Early_Pieces_n11_Country_dance.npy,182,15.8
mozart,Early_Pieces_n12_Rondino.mid,processed\cnn\mozart\Early_Pieces_n12_Rondino.npy,308,26.6
mozart,Early_Pieces_n13_Prelude.mid,processed\cnn\mozart\Early_Pieces_n13_Prelude.npy,409,35.3
mozart,Early_Pieces_n14_Rondo.mid,processed\cnn\mozart\Early_Pieces_n14_Rondo.npy,280,24.2
mozart,Early_Pieces_n15_Andantino.mid,processed\cnn\mozart\Early_Pieces_n15_Andantino.npy,358,30.9
mozart,Early_Pieces_n16_Minuet.mid,processed\cnn\mozart\Early_Pieces_n16_Minuet.npy,244,21.1
mozart,Early_Pieces_n17_Siciliano.mid,processed\cnn\mozart\Early_Pieces_n17_Siciliano.npy,546,47.0
mozart,Early_Pieces_n18_Little_Song.mid,processed\cnn\mozart\Early_Pieces_n18_Little_Song.npy,258,22.3
mozart,Early_Pieces_n19_Giga.mid,processed\cnn\mozart\Early_Pieces_n19_Giga.npy,516,44.5
mozart,Early_Pieces_n2_Minuet.mid,processed\cnn\mozart\Early_Pieces_n2_Minuet.npy,194,16.8
mozart,Early_Pieces_n20_Presto.mid,processed\cnn\mozart\Early_Pieces_n20_Presto.npy,203,17.6
mozart,Early_Pieces_n3_Little_march.mid,processed\cnn\mozart\Early_Pieces_n3_Little_march.npy,133,11.6
mozart,Early_Pieces_n4_Minuet.mid,processed\cnn\mozart\Early_Pieces_n4_Minuet.npy,233,20.1
mozart,Early_Pieces_n5_Country_Dance.mid,processed\cnn\mozart\Early_Pieces_n5_Country_Dance.npy,236,20.4
mozart,Early_Pieces_n6_Llittle_minuet.mid,processed\cnn\mozart\Early_Pieces_n6_Llittle_minuet.npy,104,9.1
mozart,Early_Pieces_n7_Country_dance.mid,processed\cnn\mozart\Early_Pieces_n7_Country_dance.npy,265,22.9
mozart,Early_Pieces_n8_Minuet.mid,processed\cnn\mozart\Early_Pieces_n8_Minuet.npy,225,19.5
mozart,Early_Pieces_n9_Allegretto.mid,processed\cnn\mozart\Early_Pieces_n9_Allegretto.npy,278,24.0
mozart,Vesperae_solemnes_de_confessore_Vespers_K339_1_Dixit_Dominus.mid,processed\cnn\mozart\Vesperae_solemnes_de_confessore_Vespers_K339_1_Dixit_Dominus.npy,855,73.6
mozart,Viennese_Sonatinas_K439b_n2_1mov.mid,processed\cnn\mozart\Viennese_Sonatinas_K439b_n2_1mov.npy,528,45.5
mozart,Viennese_Sonatinas_K439b_n2_2mov.mid,processed\cnn\mozart\Viennese_Sonatinas_K439b_n2_2mov.npy,601,51.8
mozart,Viennese_Sonatinas_K439b_n2_3mov.mid,processed\cnn\mozart\Viennese_Sonatinas_K439b_n2_3mov.npy,699,60.2
mozart,Viennese_Sonatinas_K439b_n2_4mov.mid,processed\cnn\mozart\Viennese_Sonatinas_K439b_n2_4mov.npy,846,72.8
mozart,Viennese_Sonatinas_K439b_n6_1mov.mid,processed\cnn\mozart\Viennese_Sonatinas_K439b_n6_1mov.npy,1285,110.6
mozart,Viennese_Sonatinas_K439b_n6_2mov.mid,processed\cnn\mozart\Viennese_Sonatinas_K439b_n6_2mov.npy,765,65.9
