composer,filename,npz_path,seq_len
bach,AveMaria.mid,processed\lstm\bach\AveMaria.npz,793
bach,01_Menuet.mid,processed\lstm\bach\01_Menuet.npz,524
bach,02_Menuet.mid,processed\lstm\bach\02_Menuet.npz,428
bach,03_Menuet.mid,processed\lstm\bach\03_Menuet.npz,418
bach,04_Menuet.mid,processed\lstm\bach\04_Menuet.npz,622
bach,05_Polonaise.mid,processed\lstm\bach\05_Polonaise.npz,1034
bach,06_Menuet.mid,processed\lstm\bach\06_Menuet.npz,440
bach,07_Rondo.mid,processed\lstm\bach\07_Rondo.npz,1631
bach,08_Polonaise.mid,processed\lstm\bach\08_Polonaise.npz,296
bach,09_Menuet.mid,processed\lstm\bach\09_Menuet.npz,392
bach,10_Menuet.mid,processed\lstm\bach\10_Menuet.npz,458
bach,11_Marche.mid,processed\lstm\bach\11_Marche.npz,876
bach,12_Polonaise.mid,processed\lstm\bach\12_Polonaise.npz,531
bach,13_Marche.mid,processed\lstm\bach\13_Marche.npz,530
bach,14_Polonaise.mid,processed\lstm\bach\14_Polonaise.npz,706
bach,15_Musette.mid,processed\lstm\bach\15_Musette.npz,482
bach,16_Marche.mid,processed\lstm\bach\16_Marche.npz,786
bach,17_Polonaise.mid,processed\lstm\bach\17_Polonaise.npz,424
bach,003706b_.mid,processed\lstm\bach\003706b_.npz,304
bach,003806b_.mid,processed\lstm\bach\003806b_.npz,253
bach,003907b_.mid,processed\lstm\bach\003907b_.npz,285
bach,003907bv.mid,processed\lstm\bach\003907bv.npz,285
bach,004003b_.mid,processed\lstm\bach\004003b_.npz,204
bach,004006b_.mid,processed\lstm\bach\004006b_.npz,250
bach,004008b_.mid,processed\lstm\bach\004008b_.npz,358
bach,004106b_.mid,processed\lstm\bach\004106b_.npz,927
bach,004106bs.mid,processed\lstm\bach\004106bs.npz,541
bach,004207b_.mid,processed\lstm\bach\004207b_.npz,599
bach,004311b_.mid,processed\lstm\bach\004311b_.npz,261
bach,004407b_.mid,processed\lstm\bach\004407b_.npz,208
bach,004507b_.mid,processed\lstm\bach\004507b_.npz,297
bach,004606b_.mid,processed\lstm\bach\004606b_.npz,851
bach,004606bs.mid,processed\lstm\bach\004606bs.npz,239
bach,004705b_.mid,processed\lstm\bach\004705b_.npz,186
bach,004803b_.mid,processed\lstm\bach\004803b_.npz,157
bach,004807b_.mid,processed\lstm\bach\004807b_.npz,280
bach,005206b_.mid,processed\lstm\bach\005206b_.npz,323
bach,005505b_.mid,processed\lstm\bach\005505b_.npz,278
bach,005605b_.mid,processed\lstm\bach\005605b_.npz,353
bach,005708b_.mid,processed\lstm\bach\005708b_.npz,213
bach,005903b_.mid,processed\lstm\bach\005903b_.npz,745
bach,006005b_.mid,processed\lstm\bach\006005b_.npz,282
bach,006106b_.mid,processed\lstm\bach\006106b_.npz,551
bach,006206b_.mid,processed\lstm\bach\006206b_.npz,188
bach,006206bv.mid,processed\lstm\bach\006206bv.npz,188
bach,006402b_.mid,processed\lstm\bach\006402b_.npz,173
bach,006404b_.mid,processed\lstm\bach\006404b_.npz,368
bach,006408b_.mid,processed\lstm\bach\006408b_.npz,272
bach,006502b_.mid,processed\lstm\bach\006502b_.npz,147
bach,006507b_.mid,processed\lstm\bach\006507b_.npz,332
bach,006606b_.mid,processed\lstm\bach\006606b_.npz,163
bach,006704b_.mid,processed\lstm\bach\006704b_.npz,173
bach,006707b_.mid,processed\lstm\bach\006707b_.npz,190
bach,006906b_.mid,processed\lstm\bach\006906b_.npz,619
bach,006906ba.mid,processed\lstm\bach\006906ba.npz,305
bach,006906bav.mid,processed\lstm\bach\006906bav.npz,245
bach,007007b_.mid,processed\lstm\bach\007007b_.npz,276
bach,007011b_.mid,processed\lstm\bach\007011b_.npz,388
bach,007011ch.mid,processed\lstm\bach\007011ch.npz,221
bach,007206b_.mid,processed\lstm\bach\007206b_.npz,409
bach,007305b_.mid,processed\lstm\bach\007305b_.npz,233
bach,007305bv.mid,processed\lstm\bach\007305bv.npz,233
bach,007408b_.mid,processed\lstm\bach\007408b_.npz,257
bach,007507b_.mid,processed\lstm\bach\007507b_.npz,1256
bach,007514b_.mid,processed\lstm\bach\007514b_.npz,1256
bach,007607b_.mid,processed\lstm\bach\007607b_.npz,1393
bach,007614b_.mid,processed\lstm\bach\007614b_.npz,1393
bach,007706b_.mid,processed\lstm\bach\007706b_.npz,255
bach,007807b_.mid,processed\lstm\bach\007807b_.npz,283
bach,007903b_.mid,processed\lstm\bach\007903b_.npz,1230
bach,007903bs.mid,processed\lstm\bach\007903bs.npz,215
bach,007906b_.mid,processed\lstm\bach\007906b_.npz,231
bach,008008b_.mid,processed\lstm\bach\008008b_.npz,338
bach,008107b_.mid,processed\lstm\bach\008107b_.npz,283
bach,008305b_.mid,processed\lstm\bach\008305b_.npz,202
bach,008405b_.mid,processed\lstm\bach\008405b_.npz,218
bach,008506b_.mid,processed\lstm\bach\008506b_.npz,292
bach,008606b_.mid,processed\lstm\bach\008606b_.npz,270
bach,008707b_.mid,processed\lstm\bach\008707b_.npz,314
bach,008807b_.mid,processed\lstm\bach\008807b_.npz,245
bach,008906b_.mid,processed\lstm\bach\008906b_.npz,193
bach,009005b_.mid,processed\lstm\bach\009005b_.npz,234
bach,009106b_.mid,processed\lstm\bach\009106b_.npz,336
bach,009106ch.mid,processed\lstm\bach\009106ch.npz,197
bach,009207b_.mid,processed\lstm\bach\009207b_.npz,693
bach,009209b_.mid,processed\lstm\bach\009209b_.npz,320
bach,009307b_.mid,processed\lstm\bach\009307b_.npz,220
bach,009408b_.mid,processed\lstm\bach\009408b_.npz,239
bach,009507b_.mid,processed\lstm\bach\009507b_.npz,347
bach,009606b_.mid,processed\lstm\bach\009606b_.npz,219
bach,009709b_.mid,processed\lstm\bach\009709b_.npz,388
bach,009709ch.mid,processed\lstm\bach\009709ch.npz,221
bach,009801b_.mid,processed\lstm\bach\009801b_.npz,2562
bach,009906b_.mid,processed\lstm\bach\009906b_.npz,273
bach,010006b_.mid,processed\lstm\bach\010006b_.npz,2905
bach,010107b_.mid,processed\lstm\bach\010107b_.npz,314
bach,010107bv.mid,processed\lstm\bach\010107bv.npz,326
bach,010207b_.mid,processed\lstm\bach\010207b_.npz,228
bach,010306b_.mid,processed\lstm\bach\010306b_.npz,325
bach,010406b_.mid,processed\lstm\bach\010406b_.npz,280
bach,010406bv.mid,processed\lstm\bach\010406bv.npz,280
bach,010506b_.mid,processed\lstm\bach\010506b_.npz,1128
bach,010602b_.mid,processed\lstm\bach\010602b_.npz,1606
bach,010707b_.mid,processed\lstm\bach\010707b_.npz,1212
bach,010806b_.mid,processed\lstm\bach\010806b_.npz,291
bach,011007b_.mid,processed\lstm\bach\011007b_.npz,206
bach,011106b_.mid,processed\lstm\bach\011106b_.npz,353
bach,011205b_.mid,processed\lstm\bach\011205b_.npz,504
bach,011308b_.mid,processed\lstm\bach\011308b_.npz,285
bach,011407b_.mid,processed\lstm\bach\011407b_.npz,291
bach,011506b_.mid,processed\lstm\bach\011506b_.npz,333
bach,011506bv.mid,processed\lstm\bach\011506bv.npz,333
bach,011606b_.mid,processed\lstm\bach\011606b_.npz,215
bach,011704b_.mid,processed\lstm\bach\011704b_.npz,360
bach,011704v1.mid,processed\lstm\bach\011704v1.npz,366
bach,011704v2.mid,processed\lstm\bach\011704v2.npz,360
bach,011909b_.mid,processed\lstm\bach\011909b_.npz,180
bach,012006b_.mid,processed\lstm\bach\012006b_.npz,294
bach,012008ba.mid,processed\lstm\bach\012008ba.npz,400
bach,012106b_.mid,processed\lstm\bach\012106b_.npz,344
bach,012206b_.mid,processed\lstm\bach\012206b_.npz,198
bach,012306b_.mid,processed\lstm\bach\012306b_.npz,276
bach,012406b_.mid,processed\lstm\bach\012406b_.npz,327
bach,012506b_.mid,processed\lstm\bach\012506b_.npz,215
bach,012606b_.mid,processed\lstm\bach\012606b_.npz,479
bach,012606bv.mid,processed\lstm\bach\012606bv.npz,479
bach,012705b_.mid,processed\lstm\bach\012705b_.npz,242
bach,012805b_.mid,processed\lstm\bach\012805b_.npz,382
bach,012905b_.mid,processed\lstm\bach\012905b_.npz,1885
bach,013006b_.mid,processed\lstm\bach\013006b_.npz,394
bach,013306b_.mid,processed\lstm\bach\013306b_.npz,237
bach,013506b_.mid,processed\lstm\bach\013506b_.npz,276
bach,013606b_.mid,processed\lstm\bach\013606b_.npz,338
bach,013701b_.mid,processed\lstm\bach\013701b_.npz,5094
bach,013702b_.mid,processed\lstm\bach\013702b_.npz,1304
bach,013703b_.mid,processed\lstm\bach\013703b_.npz,1627
bach,013705b_.mid,processed\lstm\bach\013705b_.npz,400
bach,013705ch.mid,processed\lstm\bach\013705ch.npz,206
bach,013807b_.mid,processed\lstm\bach\013807b_.npz,2610
bach,013906b_.mid,processed\lstm\bach\013906b_.npz,226
bach,014001b_.mid,processed\lstm\bach\014001b_.npz,6253
bach,014004b_.mid,processed\lstm\bach\014004b_.npz,1609
bach,014007b_.mid,processed\lstm\bach\014007b_.npz,405
bach,014403b_.mid,processed\lstm\bach\014403b_.npz,270
bach,014406b_.mid,processed\lstm\bach\014406b_.npz,334
bach,014500ba.mid,processed\lstm\bach\014500ba.npz,213
bach,014505b_.mid,processed\lstm\bach\014505b_.npz,176
bach,014505bv.mid,processed\lstm\bach\014505bv.npz,175
bach,014608b_.mid,processed\lstm\bach\014608b_.npz,287
bach,014706b_.mid,processed\lstm\bach\014706b_.npz,1670
bach,014710b_.mid,processed\lstm\bach\014710b_.npz,1670
bach,014806b_.mid,processed\lstm\bach\014806b_.npz,206
bach,014806bv.mid,processed\lstm\bach\014806bv.npz,204
bach,014907b_.mid,processed\lstm\bach\014907b_.npz,768
bach,014907ch.mid,processed\lstm\bach\014907ch.npz,508
bach,015105b_.mid,processed\lstm\bach\015105b_.npz,168
bach,015301b_.mid,processed\lstm\bach\015301b_.npz,271
bach,015305b_.mid,processed\lstm\bach\015305b_.npz,241
bach,015309b_.mid,processed\lstm\bach\015309b_.npz,143
bach,015403b_.mid,processed\lstm\bach\015403b_.npz,274
bach,015408b_.mid,processed\lstm\bach\015408b_.npz,242
bach,015505b_.mid,processed\lstm\bach\015505b_.npz,298
bach,015606b_.mid,processed\lstm\bach\015606b_.npz,278
bach,015705b_.mid,processed\lstm\bach\015705b_.npz,246
bach,015804b_.mid,processed\lstm\bach\015804b_.npz,273
bach,015905b_.mid,processed\lstm\bach\015905b_.npz,343
bach,016106b_.mid,processed\lstm\bach\016106b_.npz,524
bach,016206b_.mid,processed\lstm\bach\016206b_.npz,291
bach,016406b_.mid,processed\lstm\bach\016406b_.npz,236
bach,016506b_.mid,processed\lstm\bach\016506b_.npz,157
bach,016606b_.mid,processed\lstm\bach\016606b_.npz,212
bach,016806b_.mid,processed\lstm\bach\016806b_.npz,280
bach,016907b_.mid,processed\lstm\bach\016907b_.npz,248
bach,017106b_.mid,processed\lstm\bach\017106b_.npz,927
bach,017206b_.mid,processed\lstm\bach\017206b_.npz,483
bach,017206ch.mid,processed\lstm\bach\017206ch.npz,483
bach,017206vn.mid,processed\lstm\bach\017206vn.npz,123
bach,017405b_.mid,processed\lstm\bach\017405b_.npz,494
bach,017507b_.mid,processed\lstm\bach\017507b_.npz,745
bach,017507ch.mid,processed\lstm\bach\017507ch.npz,424
bach,017606b_.mid,processed\lstm\bach\017606b_.npz,361
bach,017705b_.mid,processed\lstm\bach\017705b_.npz,426
bach,017705bv.mid,processed\lstm\bach\017705bv.npz,426
bach,017807b_.mid,processed\lstm\bach\017807b_.npz,266
bach,017906b_.mid,processed\lstm\bach\017906b_.npz,331
bach,018007b_.mid,processed\lstm\bach\018007b_.npz,332
bach,018007bv.mid,processed\lstm\bach\018007bv.npz,332
bach,018305b_.mid,processed\lstm\bach\018305b_.npz,324
bach,018405b_.mid,processed\lstm\bach\018405b_.npz,404
bach,018405bv.mid,processed\lstm\bach\018405bv.npz,404
bach,018506b_.mid,processed\lstm\bach\018506b_.npz,432
bach,018707b_.mid,processed\lstm\bach\018707b_.npz,282
bach,018806b_.mid,processed\lstm\bach\018806b_.npz,204
bach,019007b_.mid,processed\lstm\bach\019007b_.npz,1643
bach,019007ch.mid,processed\lstm\bach\019007ch.npz,444
bach,019406b_.mid,processed\lstm\bach\019406b_.npz,293
bach,019406bv.mid,processed\lstm\bach\019406bv.npz,293
bach,019412b_.mid,processed\lstm\bach\019412b_.npz,189
bach,019506b_.mid,processed\lstm\bach\019506b_.npz,372
bach,019705b_.mid,processed\lstm\bach\019705b_.npz,279
bach,019707ba.mid,processed\lstm\bach\019707ba.npz,258
bach,019710b_.mid,processed\lstm\bach\019710b_.npz,228
bach,022602b_.mid,processed\lstm\bach\022602b_.npz,426
bach,022602bv.mid,processed\lstm\bach\022602bv.npz,426
bach,022701b_.mid,processed\lstm\bach\022701b_.npz,279
bach,022703b_.mid,processed\lstm\bach\022703b_.npz,370
bach,022707b_.mid,processed\lstm\bach\022707b_.npz,413
bach,022709b_.mid,processed\lstm\bach\022709b_.npz,972
bach,022711b_.mid,processed\lstm\bach\022711b_.npz,279
bach,022902b_.mid,processed\lstm\bach\022902b_.npz,359
bach,024310b_.mid,processed\lstm\bach\024310b_.npz,570
bach,024403b_.mid,processed\lstm\bach\024403b_.npz,193
bach,024410b_.mid,processed\lstm\bach\024410b_.npz,221
bach,024415b_.mid,processed\lstm\bach\024415b_.npz,259
bach,024415bv.mid,processed\lstm\bach\024415bv.npz,259
bach,024417b_.mid,processed\lstm\bach\024417b_.npz,259
bach,024417bv.mid,processed\lstm\bach\024417bv.npz,259
bach,024425b_.mid,processed\lstm\bach\024425b_.npz,310
bach,024429bb.mid,processed\lstm\bach\024429bb.npz,344
bach,024432b_.mid,processed\lstm\bach\024432b_.npz,207
bach,024437b_.mid,processed\lstm\bach\024437b_.npz,218
bach,024440b_.mid,processed\lstm\bach\024440b_.npz,310
bach,024444b_.mid,processed\lstm\bach\024444b_.npz,258
bach,024446b_.mid,processed\lstm\bach\024446b_.npz,186
bach,024454b_.mid,processed\lstm\bach\024454b_.npz,253
bach,024462b_.mid,processed\lstm\bach\024462b_.npz,262
bach,024462bv.mid,processed\lstm\bach\024462bv.npz,262
bach,024503b_.mid,processed\lstm\bach\024503b_.npz,232
bach,024505b_.mid,processed\lstm\bach\024505b_.npz,290
bach,024511b_.mid,processed\lstm\bach\024511b_.npz,206
bach,024514b_.mid,processed\lstm\bach\024514b_.npz,318
bach,024515B_.mid,processed\lstm\bach\024515B_.npz,249
bach,024517b_.mid,processed\lstm\bach\024517b_.npz,218
bach,024522b_.mid,processed\lstm\bach\024522b_.npz,229
bach,024526b_.mid,processed\lstm\bach\024526b_.npz,225
bach,024528b_.mid,processed\lstm\bach\024528b_.npz,235
bach,024537b_.mid,processed\lstm\bach\024537b_.npz,248
bach,024540b_.mid,processed\lstm\bach\024540b_.npz,495
bach,024805b1.mid,processed\lstm\bach\024805b1.npz,362
bach,024809b1.mid,processed\lstm\bach\024809b1.npz,532
bach,024809bs.mid,processed\lstm\bach\024809bs.npz,224
bach,024812b2.mid,processed\lstm\bach\024812b2.npz,412
bach,024817b2.mid,processed\lstm\bach\024817b2.npz,253
bach,024823b2.mid,processed\lstm\bach\024823b2.npz,500
bach,024823bs.mid,processed\lstm\bach\024823bs.npz,185
bach,024828b3.mid,processed\lstm\bach\024828b3.npz,223
bach,024833b3.mid,processed\lstm\bach\024833b3.npz,208
bach,024835b3.mid,processed\lstm\bach\024835b3.npz,306
bach,024842b4.mid,processed\lstm\bach\024842b4.npz,1788
bach,024842bs.mid,processed\lstm\bach\024842bs.npz,283
bach,024846b5.mid,processed\lstm\bach\024846b5.npz,233
bach,024853b5.mid,processed\lstm\bach\024853b5.npz,241
bach,024859b6.mid,processed\lstm\bach\024859b6.npz,387
bach,024864b6.mid,processed\lstm\bach\024864b6.npz,3587
bach,024864bs.mid,processed\lstm\bach\024864bs.npz,275
bach,024864qt.mid,processed\lstm\bach\024864qt.npz,3585
bach,025000b_.mid,processed\lstm\bach\025000b_.npz,473
bach,025100b_.mid,processed\lstm\bach\025100b_.npz,459
bach,025200b_.mid,processed\lstm\bach\025200b_.npz,498
bach,025300b_.mid,processed\lstm\bach\025300b_.npz,164
bach,025400b_.mid,processed\lstm\bach\025400b_.npz,205
bach,025500b_.mid,processed\lstm\bach\025500b_.npz,139
bach,025600b_.mid,processed\lstm\bach\025600b_.npz,282
bach,025700b_.mid,processed\lstm\bach\025700b_.npz,282
bach,025800b_.mid,processed\lstm\bach\025800b_.npz,266
bach,025900b_.mid,processed\lstm\bach\025900b_.npz,227
bach,026000b_.mid,processed\lstm\bach\026000b_.npz,302
bach,026100b_.mid,processed\lstm\bach\026100b_.npz,401
bach,026200b_.mid,processed\lstm\bach\026200b_.npz,260
bach,026300b_.mid,processed\lstm\bach\026300b_.npz,231
bach,026400b_.mid,processed\lstm\bach\026400b_.npz,142
bach,026500b_.mid,processed\lstm\bach\026500b_.npz,148
bach,026600b_.mid,processed\lstm\bach\026600b_.npz,236
bach,026700b_.mid,processed\lstm\bach\026700b_.npz,404
bach,026700ba.mid,processed\lstm\bach\026700ba.npz,404
bach,026800b_.mid,processed\lstm\bach\026800b_.npz,245
bach,026900b_.mid,processed\lstm\bach\026900b_.npz,302
bach,027000b_.mid,processed\lstm\bach\027000b_.npz,271
bach,027100b_.mid,processed\lstm\bach\027100b_.npz,260
bach,027200b_.mid,processed\lstm\bach\027200b_.npz,253
bach,027300b_.mid,processed\lstm\bach\027300b_.npz,206
bach,027400b_.mid,processed\lstm\bach\027400b_.npz,181
bach,027500b_.mid,processed\lstm\bach\027500b_.npz,224
bach,027600b_.mid,processed\lstm\bach\027600b_.npz,554
bach,027700b_.mid,processed\lstm\bach\027700b_.npz,315
bach,027800b_.mid,processed\lstm\bach\027800b_.npz,336
bach,027900b_.mid,processed\lstm\bach\027900b_.npz,273
bach,028000b_.mid,processed\lstm\bach\028000b_.npz,354
bach,028100b_.mid,processed\lstm\bach\028100b_.npz,120
bach,028200b_.mid,processed\lstm\bach\028200b_.npz,149
bach,028300b_.mid,processed\lstm\bach\028300b_.npz,311
bach,028400b_.mid,processed\lstm\bach\028400b_.npz,257
bach,028500b_.mid,processed\lstm\bach\028500b_.npz,235
bach,028600b_.mid,processed\lstm\bach\028600b_.npz,103
bach,028700b_.mid,processed\lstm\bach\028700b_.npz,267
bach,028800b_.mid,processed\lstm\bach\028800b_.npz,245
bach,028900b_.mid,processed\lstm\bach\028900b_.npz,219
bach,029000b_.mid,processed\lstm\bach\029000b_.npz,147
bach,029100b_.mid,processed\lstm\bach\029100b_.npz,184
bach,029200b_.mid,processed\lstm\bach\029200b_.npz,250
bach,029300b_.mid,processed\lstm\bach\029300b_.npz,145
bach,029400b_.mid,processed\lstm\bach\029400b_.npz,366
bach,029500b_.mid,processed\lstm\bach\029500b_.npz,180
bach,029600b_.mid,processed\lstm\bach\029600b_.npz,190
bach,029700b_.mid,processed\lstm\bach\029700b_.npz,206
bach,029800b_.mid,processed\lstm\bach\029800b_.npz,184
bach,029900b_.mid,processed\lstm\bach\029900b_.npz,319
bach,030000b_.mid,processed\lstm\bach\030000b_.npz,227
bach,030100b_.mid,processed\lstm\bach\030100b_.npz,296
bach,030200b_.mid,processed\lstm\bach\030200b_.npz,313
bach,030300b_.mid,processed\lstm\bach\030300b_.npz,328
bach,030400b_.mid,processed\lstm\bach\030400b_.npz,378
bach,030500b_.mid,processed\lstm\bach\030500b_.npz,362
bach,030600b_.mid,processed\lstm\bach\030600b_.npz,190
bach,030700b_.mid,processed\lstm\bach\030700b_.npz,271
bach,030800b_.mid,processed\lstm\bach\030800b_.npz,248
bach,030900b_.mid,processed\lstm\bach\030900b_.npz,331
bach,031000b_.mid,processed\lstm\bach\031000b_.npz,168
bach,031100b_.mid,processed\lstm\bach\031100b_.npz,384
bach,031200b_.mid,processed\lstm\bach\031200b_.npz,415
bach,031300b_.mid,processed\lstm\bach\031300b_.npz,284
bach,031400b_.mid,processed\lstm\bach\031400b_.npz,188
bach,031500b_.mid,processed\lstm\bach\031500b_.npz,353
bach,031600b_.mid,processed\lstm\bach\031600b_.npz,331
bach,031700b_.mid,processed\lstm\bach\031700b_.npz,483
bach,031800b_.mid,processed\lstm\bach\031800b_.npz,199
bach,031900b_.mid,processed\lstm\bach\031900b_.npz,200
bach,032000b_.mid,processed\lstm\bach\032000b_.npz,378
bach,032100b_.mid,processed\lstm\bach\032100b_.npz,230
bach,032200b_.mid,processed\lstm\bach\032200b_.npz,440
bach,032300b_.mid,processed\lstm\bach\032300b_.npz,99
bach,032400b_.mid,processed\lstm\bach\032400b_.npz,83
bach,032500b_.mid,processed\lstm\bach\032500b_.npz,287
bach,032600b_.mid,processed\lstm\bach\032600b_.npz,189
bach,032700b_.mid,processed\lstm\bach\032700b_.npz,149
bach,032800b_.mid,processed\lstm\bach\032800b_.npz,2129
bach,032900b_.mid,processed\lstm\bach\032900b_.npz,224
bach,033000b_.mid,processed\lstm\bach\033000b_.npz,267
bach,033100b_.mid,processed\lstm\bach\033100b_.npz,219
bach,033200b_.mid,processed\lstm\bach\033200b_.npz,152
bach,033300b_.mid,processed\lstm\bach\033300b_.npz,295
bach,033400b_.mid,processed\lstm\bach\033400b_.npz,271
bach,033500b_.mid,processed\lstm\bach\033500b_.npz,154
bach,033500bv.mid,processed\lstm\bach\033500bv.npz,154
bach,033600b_.mid,processed\lstm\bach\033600b_.npz,156
bach,033700b_.mid,processed\lstm\bach\033700b_.npz,200
bach,033800b_.mid,processed\lstm\bach\033800b_.npz,282
bach,033900b_.mid,processed\lstm\bach\033900b_.npz,276
bach,034000b_.mid,processed\lstm\bach\034000b_.npz,530
bach,034100b_.mid,processed\lstm\bach\034100b_.npz,141
bach,034200b_.mid,processed\lstm\bach\034200b_.npz,230
bach,034300b_.mid,processed\lstm\bach\034300b_.npz,308
bach,034400b_.mid,processed\lstm\bach\034400b_.npz,238
bach,034500b_.mid,processed\lstm\bach\034500b_.npz,331
bach,034600b_.mid,processed\lstm\bach\034600b_.npz,241
bach,034700b_.mid,processed\lstm\bach\034700b_.npz,296
bach,034800b_.mid,processed\lstm\bach\034800b_.npz,275
bach,034900b_.mid,processed\lstm\bach\034900b_.npz,161
bach,035000b_.mid,processed\lstm\bach\035000b_.npz,352
bach,035100b_.mid,processed\lstm\bach\035100b_.npz,178
bach,035200b_.mid,processed\lstm\bach\035200b_.npz,321
bach,035300b_.mid,processed\lstm\bach\035300b_.npz,315
bach,035400b_.mid,processed\lstm\bach\035400b_.npz,318
bach,035500b_.mid,processed\lstm\bach\035500b_.npz,278
bach,035600b_.mid,processed\lstm\bach\035600b_.npz,303
bach,035700b_.mid,processed\lstm\bach\035700b_.npz,287
bach,035800b_.mid,processed\lstm\bach\035800b_.npz,292
bach,035900b_.mid,processed\lstm\bach\035900b_.npz,272
bach,036000b_.mid,processed\lstm\bach\036000b_.npz,265
bach,036100b_.mid,processed\lstm\bach\036100b_.npz,221
bach,036200b_.mid,processed\lstm\bach\036200b_.npz,605
bach,036300b_.mid,processed\lstm\bach\036300b_.npz,208
bach,036400b_.mid,processed\lstm\bach\036400b_.npz,164
bach,036500b_.mid,processed\lstm\bach\036500b_.npz,223
bach,036600b_.mid,processed\lstm\bach\036600b_.npz,265
bach,036700b_.mid,processed\lstm\bach\036700b_.npz,202
bach,036800b_.mid,processed\lstm\bach\036800b_.npz,312
bach,036900b_.mid,processed\lstm\bach\036900b_.npz,255
bach,037000b_.mid,processed\lstm\bach\037000b_.npz,144
bach,037100b_.mid,processed\lstm\bach\037100b_.npz,791
bach,037200b_.mid,processed\lstm\bach\037200b_.npz,309
bach,037300b_.mid,processed\lstm\bach\037300b_.npz,234
bach,037300bv.mid,processed\lstm\bach\037300bv.npz,236
bach,037400b_.mid,processed\lstm\bach\037400b_.npz,321
bach,037500b_.mid,processed\lstm\bach\037500b_.npz,187
bach,037600b_.mid,processed\lstm\bach\037600b_.npz,183
bach,037700b_.mid,processed\lstm\bach\037700b_.npz,226
bach,037800b_.mid,processed\lstm\bach\037800b_.npz,248
bach,037900b_.mid,processed\lstm\bach\037900b_.npz,227
bach,038000b_.mid,processed\lstm\bach\038000b_.npz,258
bach,038100b_.mid,processed\lstm\bach\038100b_.npz,270
bach,038200b_.mid,processed\lstm\bach\038200b_.npz,232
bach,038300b_.mid,processed\lstm\bach\038300b_.npz,525
bach,038400b_.mid,processed\lstm\bach\038400b_.npz,197
bach,038500b_.mid,processed\lstm\bach\038500b_.npz,233
bach,038600b_.mid,processed\lstm\bach\038600b_.npz,254
bach,038700b_.mid,processed\lstm\bach\038700b_.npz,160
bach,038800b_.mid,processed\lstm\bach\038800b_.npz,286
bach,038900b_.mid,processed\lstm\bach\038900b_.npz,452
bach,039000b_.mid,processed\lstm\bach\039000b_.npz,430
bach,039100b_.mid,processed\lstm\bach\039100b_.npz,252
bach,039200b_.mid,processed\lstm\bach\039200b_.npz,213
bach,039300b_.mid,processed\lstm\bach\039300b_.npz,198
bach,039400b_.mid,processed\lstm\bach\039400b_.npz,243
bach,039500b_.mid,processed\lstm\bach\039500b_.npz,209
bach,039600b_.mid,processed\lstm\bach\039600b_.npz,127
bach,039700b_.mid,processed\lstm\bach\039700b_.npz,333
bach,039800b_.mid,processed\lstm\bach\039800b_.npz,258
bach,039900b_.mid,processed\lstm\bach\039900b_.npz,264
bach,040000b_.mid,processed\lstm\bach\040000b_.npz,179
bach,040100b_.mid,processed\lstm\bach\040100b_.npz,284
bach,040200b_.mid,processed\lstm\bach\040200b_.npz,458
bach,040300b_.mid,processed\lstm\bach\040300b_.npz,240
bach,040400b_.mid,processed\lstm\bach\040400b_.npz,137
bach,040400bv.mid,processed\lstm\bach\040400bv.npz,137
bach,040500b_.mid,processed\lstm\bach\040500b_.npz,181
bach,040600b_.mid,processed\lstm\bach\040600b_.npz,198
bach,040700b_.mid,processed\lstm\bach\040700b_.npz,381
bach,040800b_.mid,processed\lstm\bach\040800b_.npz,174
bach,040900b_.mid,processed\lstm\bach\040900b_.npz,179
bach,040900bv.mid,processed\lstm\bach\040900bv.npz,171
bach,041000b_.mid,processed\lstm\bach\041000b_.npz,228
bach,041100b_.mid,processed\lstm\bach\041100b_.npz,338
bach,041200b_.mid,processed\lstm\bach\041200b_.npz,254
bach,041300b_.mid,processed\lstm\bach\041300b_.npz,475
bach,041400b_.mid,processed\lstm\bach\041400b_.npz,240
bach,041500b_.mid,processed\lstm\bach\041500b_.npz,278
bach,041600b_.mid,processed\lstm\bach\041600b_.npz,216
bach,041700b_.mid,processed\lstm\bach\041700b_.npz,311
bach,041800b_.mid,processed\lstm\bach\041800b_.npz,275
bach,041900b_.mid,processed\lstm\bach\041900b_.npz,271
bach,042000b_.mid,processed\lstm\bach\042000b_.npz,198
bach,042100b_.mid,processed\lstm\bach\042100b_.npz,180
bach,042200b_.mid,processed\lstm\bach\042200b_.npz,216
bach,042300b_.mid,processed\lstm\bach\042300b_.npz,288
bach,042400b_.mid,processed\lstm\bach\042400b_.npz,181
bach,042500b_.mid,processed\lstm\bach\042500b_.npz,517
bach,042600b_.mid,processed\lstm\bach\042600b_.npz,272
bach,042700b_.mid,processed\lstm\bach\042700b_.npz,201
bach,042800b_.mid,processed\lstm\bach\042800b_.npz,275
bach,042900b_.mid,processed\lstm\bach\042900b_.npz,287
bach,043000b_.mid,processed\lstm\bach\043000b_.npz,296
bach,043100b_.mid,processed\lstm\bach\043100b_.npz,171
bach,043200b_.mid,processed\lstm\bach\043200b_.npz,177
bach,043300b_.mid,processed\lstm\bach\043300b_.npz,403
bach,043400b_.mid,processed\lstm\bach\043400b_.npz,263
bach,043500b_.mid,processed\lstm\bach\043500b_.npz,216
bach,043600b_.mid,processed\lstm\bach\043600b_.npz,325
bach,043700b_.mid,processed\lstm\bach\043700b_.npz,600
bach,043800b_.mid,processed\lstm\bach\043800b_.npz,159
bach,051000b_.mid,processed\lstm\bach\051000b_.npz,269
bach,060600b_.mid,processed\lstm\bach\060600b_.npz,323
bach,060800b_.mid,processed\lstm\bach\060800b_.npz,698
bach,060800qt.mid,processed\lstm\bach\060800qt.npz,764
bach,064200b_.mid,processed\lstm\bach\064200b_.npz,651
bach,064500b_.mid,processed\lstm\bach\064500b_.npz,1614
bach,064600b_.mid,processed\lstm\bach\064600b_.npz,763
bach,064700b_.mid,processed\lstm\bach\064700b_.npz,1188
bach,064800b_.mid,processed\lstm\bach\064800b_.npz,428
bach,064900b_.mid,processed\lstm\bach\064900b_.npz,922
bach,065000b_.mid,processed\lstm\bach\065000b_.npz,1369
bach,065100b_.mid,processed\lstm\bach\065100b_.npz,2994
bach,065200b_.mid,processed\lstm\bach\065200b_.npz,2716
bach,065300b_.mid,processed\lstm\bach\065300b_.npz,1432
bach,065400b_.mid,processed\lstm\bach\065400b_.npz,1967
bach,065500b_.mid,processed\lstm\bach\065500b_.npz,2277
bach,065600b_.mid,processed\lstm\bach\065600b_.npz,2731
bach,065700b_.mid,processed\lstm\bach\065700b_.npz,1867
bach,065800b_.mid,processed\lstm\bach\065800b_.npz,1220
bach,065900b_.mid,processed\lstm\bach\065900b_.npz,925
bach,066000b_.mid,processed\lstm\bach\066000b_.npz,1386
bach,066100b_.mid,processed\lstm\bach\066100b_.npz,1347
bach,066200b_.mid,processed\lstm\bach\066200b_.npz,1931
bach,066300b_.mid,processed\lstm\bach\066300b_.npz,2652
bach,066400b_.mid,processed\lstm\bach\066400b_.npz,2855
bach,066500b_.mid,processed\lstm\bach\066500b_.npz,1347
bach,066600b_.mid,processed\lstm\bach\066600b_.npz,1063
bach,066700b_.mid,processed\lstm\bach\066700b_.npz,996
bach,066800b_.mid,processed\lstm\bach\066800b_.npz,576
bach,066800com.mid,processed\lstm\bach\066800com.npz,1053
bach,069000b_.mid,processed\lstm\bach\069000b_.npz,795
bach,069100b_.mid,processed\lstm\bach\069100b_.npz,269
bach,069100orn.mid,processed\lstm\bach\069100orn.npz,394
bach,069400b_.mid,processed\lstm\bach\069400b_.npz,1629
bach,070000b_.mid,processed\lstm\bach\070000b_.npz,824
bach,070100b_.mid,processed\lstm\bach\070100b_.npz,614
bach,073300b_.mid,processed\lstm\bach\073300b_.npz,1652
bach,073800b_.mid,processed\lstm\bach\073800b_.npz,468
bach,076901b_.mid,processed\lstm\bach\076901b_.npz,702
bach,076902b_.mid,processed\lstm\bach\076902b_.npz,573
bach,076903b_.mid,processed\lstm\bach\076903b_.npz,745
bach,076904b_.mid,processed\lstm\bach\076904b_.npz,1269
bach,076905b_.mid,processed\lstm\bach\076905b_.npz,1137
bach,109100b_.mid,processed\lstm\bach\109100b_.npz,510
bach,Bwv0016.mid,processed\lstm\bach\Bwv0016.npz,657
bach,Bwv001.mid,processed\lstm\bach\Bwv001.npz,11297
bach,Bwv0026.mid,processed\lstm\bach\Bwv0026.npz,256
bach,Bwv0036.mid,processed\lstm\bach\Bwv0036.npz,167
bach,Bwv0036v.mid,processed\lstm\bach\Bwv0036v.npz,167
bach,Bwv0048.mid,processed\lstm\bach\Bwv0048.npz,294
bach,Bwv0048v.mid,processed\lstm\bach\Bwv0048v.npz,294
bach,Bwv0057.mid,processed\lstm\bach\Bwv0057.npz,198
bach,Bwv0063.mid,processed\lstm\bach\Bwv0063.npz,1611
bach,Bwv0066.mid,processed\lstm\bach\Bwv0066.npz,164
bach,Bwv0077.mid,processed\lstm\bach\Bwv0077.npz,361
bach,Bwv0086.mid,processed\lstm\bach\Bwv0086.npz,385
bach,Bwv0097.mid,processed\lstm\bach\Bwv0097.npz,293
bach,Bwv0107.mid,processed\lstm\bach\Bwv0107.npz,205
bach,Bwv0116.mid,processed\lstm\bach\Bwv0116.npz,446
bach,Bwv0127.mid,processed\lstm\bach\Bwv0127.npz,309
bach,Bwv0136.mid,processed\lstm\bach\Bwv0136.npz,261
bach,Bwv0145.mid,processed\lstm\bach\Bwv0145.npz,309
bach,Bwv0166.mid,processed\lstm\bach\Bwv0166.npz,256
bach,Bwv0177.mid,processed\lstm\bach\Bwv0177.npz,417
bach,Bwv0185.mid,processed\lstm\bach\Bwv0185.npz,314
bach,Bwv018a5.mid,processed\lstm\bach\Bwv018a5.npz,307
bach,Bwv0197.mid,processed\lstm\bach\Bwv0197.npz,513
bach,Bwv0197ch.mid,processed\lstm\bach\Bwv0197ch.npz,280
bach,Bwv02011.mid,processed\lstm\bach\Bwv02011.npz,283
bach,Bwv0207.mid,processed\lstm\bach\Bwv0207.npz,283
bach,Bwv0246.mid,processed\lstm\bach\Bwv0246.npz,1424
bach,Bwv0246s.mid,processed\lstm\bach\Bwv0246s.npz,275
bach,Bwv0256.mid,processed\lstm\bach\Bwv0256.npz,285
bach,Bwv0256v1.mid,processed\lstm\bach\Bwv0256v1.npz,286
bach,Bwv0256v2.mid,processed\lstm\bach\Bwv0256v2.npz,287
bach,Bwv0266.mid,processed\lstm\bach\Bwv0266.npz,242
bach,Bwv0276.mid,processed\lstm\bach\Bwv0276.npz,294
bach,Bwv0286.mid,processed\lstm\bach\Bwv0286.npz,252
bach,Bwv0298.mid,processed\lstm\bach\Bwv0298.npz,807
bach,Bwv0298ch.mid,processed\lstm\bach\Bwv0298ch.npz,517
bach,Bwv0306.mid,processed\lstm\bach\Bwv0306.npz,393
bach,Bwv0306v.mid,processed\lstm\bach\Bwv0306v.npz,393
bach,Bwv0319.mid,processed\lstm\bach\Bwv0319.npz,355
bach,Bwv0326.mid,processed\lstm\bach\Bwv0326.npz,283
bach,Bwv0336.mid,processed\lstm\bach\Bwv0336.npz,515
bach,Bwv03624.mid,processed\lstm\bach\Bwv03624.npz,350
bach,Bwv03628.mid,processed\lstm\bach\Bwv03628.npz,151
bach,bsgjg_a.mid,processed\lstm\bach\bsgjg_a.npz,253
bach,bsgjg_b.mid,processed\lstm\bach\bsgjg_b.npz,1820
bach,bsgjg_c.mid,processed\lstm\bach\bsgjg_c.npz,361
bach,bsgjg_d.mid,processed\lstm\bach\bsgjg_d.npz,326
bach,bsgjg_e.mid,processed\lstm\bach\bsgjg_e.npz,349
bach,bsgjg_f.mid,processed\lstm\bach\bsgjg_f.npz,497
bach,bsgjg_g.mid,processed\lstm\bach\bsgjg_g.npz,393
bach,bsgjg_h.mid,processed\lstm\bach\bsgjg_h.npz,720
bach,bsgjg_i.mid,processed\lstm\bach\bsgjg_i.npz,570
bach,bsgjg_j.mid,processed\lstm\bach\bsgjg_j.npz,722
bach,bsgjg_k.mid,processed\lstm\bach\bsgjg_k.npz,2044
bach,bsgjg_l.mid,processed\lstm\bach\bsgjg_l.npz,531
bach,Bwv0525_Sonate_en_trio_n1.mid,processed\lstm\bach\Bwv0525_Sonate_en_trio_n1.npz,6077
bach,Bwv0526_Sonate_en_trio_n2.mid,processed\lstm\bach\Bwv0526_Sonate_en_trio_n2.npz,5379
bach,Bwv0527_Sonate_en_trio_n3.mid,processed\lstm\bach\Bwv0527_Sonate_en_trio_n3.npz,6056
bach,Bwv0528_Sonate_en_trio_n4.mid,processed\lstm\bach\Bwv0528_Sonate_en_trio_n4.npz,4221
bach,Bwv0529_Sonate_en_trio_n5.mid,processed\lstm\bach\Bwv0529_Sonate_en_trio_n5.npz,6489
bach,Bwv0530_Sonate_en_trio_n6.mid,processed\lstm\bach\Bwv0530_Sonate_en_trio_n6.npz,6294
bach,Bwv0531_Prelude_and_Fugue.mid,processed\lstm\bach\Bwv0531_Prelude_and_Fugue.npz,2887
bach,Bwv0532_Toccata_and_Fugue.mid,processed\lstm\bach\Bwv0532_Toccata_and_Fugue.npz,7574
bach,Bwv0533_Prelude_and_Fugue.mid,processed\lstm\bach\Bwv0533_Prelude_and_Fugue.npz,1452
bach,Bwv0535_Prelude_and_Fugue.mid,processed\lstm\bach\Bwv0535_Prelude_and_Fugue.npz,3157
bach,Bwv0536_Prelude_and_Fugue.mid,processed\lstm\bach\Bwv0536_Prelude_and_Fugue.npz,2425
bach,Bwv0537_Fantasia_and_Fugue.mid,processed\lstm\bach\Bwv0537_Fantasia_and_Fugue.npz,3018
bach,Bwv0538_Toccata_and_Fugue_Dorian.mid,processed\lstm\bach\Bwv0538_Toccata_and_Fugue_Dorian.npz,5846
bach,Bwv0539_Prelude_and_Fugue.mid,processed\lstm\bach\Bwv0539_Prelude_and_Fugue.npz,3049
bach,Bwv0540_Toccata_and_Fugue.mid,processed\lstm\bach\Bwv0540_Toccata_and_Fugue.npz,6604
bach,Bwv0541_Prelude_and_Fugue.mid,processed\lstm\bach\Bwv0541_Prelude_and_Fugue.npz,4148
bach,Bwv0542_Fantasia_and_Fugue.mid,processed\lstm\bach\Bwv0542_Fantasia_and_Fugue.npz,4717
bach,Bwv0543_Prelude_and_Fugue.mid,processed\lstm\bach\Bwv0543_Prelude_and_Fugue.npz,4365
bach,Bwv0544_Prelude_and_Fugue.mid,processed\lstm\bach\Bwv0544_Prelude_and_Fugue.npz,4676
bach,Bwv0546_Prelude_and_Fugue.mid,processed\lstm\bach\Bwv0546_Prelude_and_Fugue.npz,4493
bach,Bwv0547_Prelude_and_Fugue.mid,processed\lstm\bach\Bwv0547_Prelude_and_Fugue.npz,3959
bach,Bwv0549_Prelude_and_Fugue.mid,processed\lstm\bach\Bwv0549_Prelude_and_Fugue.npz,2092
bach,Bwv0550_Prelude_and_Fugue.mid,processed\lstm\bach\Bwv0550_Prelude_and_Fugue.npz,3395
bach,Bwv0551_Prelude_and_Fugue.mid,processed\lstm\bach\Bwv0551_Prelude_and_Fugue.npz,1968
bach,Bwv0552_Prelude_and_Fugue_St_Anne.mid,processed\lstm\bach\Bwv0552_Prelude_and_Fugue_St_Anne.npz,6463
bach,Bwv0554_Short_Prelude_and_Fugue_n2_Spurious.mid,processed\lstm\bach\Bwv0554_Short_Prelude_and_Fugue_n2_Spurious.npz,1257
bach,Bwv0555_Short_Prelude_and_Fugue_n3_Spurious.mid,processed\lstm\bach\Bwv0555_Short_Prelude_and_Fugue_n3_Spurious.npz,968
bach,Bwv0556_Short_Prelude_and_Fugue_n4_Spurious.mid,processed\lstm\bach\Bwv0556_Short_Prelude_and_Fugue_n4_Spurious.npz,1256
bach,Bwv0557_Short_Prelude_and_Fugue_n5_Spurious.mid,processed\lstm\bach\Bwv0557_Short_Prelude_and_Fugue_n5_Spurious.npz,937
bach,Bwv0558_Short_Prelude_and_Fugue_n6_Spurious.mid,processed\lstm\bach\Bwv0558_Short_Prelude_and_Fugue_n6_Spurious.npz,1179
bach,Bwv0559_Short_Prelude_and_Fugue_n7_Spurious.mid,processed\lstm\bach\Bwv0559_Short_Prelude_and_Fugue_n7_Spurious.npz,953
bach,Bwv0560_Short_Prelude_and_Fugue_n8_Spurious.mid,processed\lstm\bach\Bwv0560_Short_Prelude_and_Fugue_n8_Spurious.npz,1559
bach,Bwv0561_Fantasie_and_Fuga.mid,processed\lstm\bach\Bwv0561_Fantasie_and_Fuga.npz,3456
bach,Bwv0563_Fantasie_con_imitation.mid,processed\lstm\bach\Bwv0563_Fantasie_con_imitation.npz,1136
bach,Bwv0564_Toccata_Adagio_and_Fugue.mid,processed\lstm\bach\Bwv0564_Toccata_Adagio_and_Fugue.npz,5803
bach,Bwv0565_Toccata_and_Fugue_In_Dm_A.mid,processed\lstm\bach\Bwv0565_Toccata_and_Fugue_In_Dm_A.npz,3425
bach,Bwv0565_Toccata_and_Fugue_In_Dm_B.mid,processed\lstm\bach\Bwv0565_Toccata_and_Fugue_In_Dm_B.npz,3784
bach,Bwv0565_Toccata_and_Fugue_In_Dm_C.mid,processed\lstm\bach\Bwv0565_Toccata_and_Fugue_In_Dm_C.npz,3804
bach,Bwv0566_Prelude_and_Fugue.mid,processed\lstm\bach\Bwv0566_Prelude_and_Fugue.npz,4421
bach,Bwv0568_Prelude.mid,processed\lstm\bach\Bwv0568_Prelude.npz,1398
bach,Bwv0570_Fantasia.mid,processed\lstm\bach\Bwv0570_Fantasia.npz,1506
bach,Bwv0572_Fantasia.mid,processed\lstm\bach\Bwv0572_Fantasia.npz,3171
bach,Bwv0582_Passacaglia_and_Fugue_Orchestral.mid,processed\lstm\bach\Bwv0582_Passacaglia_and_Fugue_Orchestral.npz,20062
bach,Bwv0582_Passacaglia_and_Fugue.mid,processed\lstm\bach\Bwv0582_Passacaglia_and_Fugue.npz,5823
bach,Bwv0590_Pastorale.mid,processed\lstm\bach\Bwv0590_Pastorale.npz,4855
bach,Bwv0593_Vivaldi_Concerto_Arrangement_RV522.mid,processed\lstm\bach\Bwv0593_Vivaldi_Concerto_Arrangement_RV522.npz,5930
bach,Bwv0594_Vivaldi_Concerto_Arrangement_RV208.mid,processed\lstm\bach\Bwv0594_Vivaldi_Concerto_Arrangement_RV208.npz,9785
bach,Bwv0733_Fuga_Sopra_Magnificat.mid,processed\lstm\bach\Bwv0733_Fuga_Sopra_Magnificat.npz,1646
bach,Bwv0806_English_Suite_n1_01mov.mid,processed\lstm\bach\Bwv0806_English_Suite_n1_01mov.npz,802
bach,Bwv0806_English_Suite_n1_02mov.mid,processed\lstm\bach\Bwv0806_English_Suite_n1_02mov.npz,1734
bach,Bwv0806_English_Suite_n1_03mov.mid,processed\lstm\bach\Bwv0806_English_Suite_n1_03mov.npz,858
bach,Bwv0806_English_Suite_n1_04mov.mid,processed\lstm\bach\Bwv0806_English_Suite_n1_04mov.npz,986
bach,Bwv0806_English_Suite_n1_05mov.mid,processed\lstm\bach\Bwv0806_English_Suite_n1_05mov.npz,1050
bach,Bwv0806_English_Suite_n1_06mov.mid,processed\lstm\bach\Bwv0806_English_Suite_n1_06mov.npz,1130
bach,Bwv0806_English_Suite_n1_07mov.mid,processed\lstm\bach\Bwv0806_English_Suite_n1_07mov.npz,966
bach,Bwv0806_English_Suite_n1_08mov.mid,processed\lstm\bach\Bwv0806_English_Suite_n1_08mov.npz,1179
bach,Bwv0806_English_Suite_n1_09mov.mid,processed\lstm\bach\Bwv0806_English_Suite_n1_09mov.npz,874
bach,Bwv0806_English_Suite_n1_10mov.mid,processed\lstm\bach\Bwv0806_English_Suite_n1_10mov.npz,1968
bach,Bwv0811_English_Suite_n6_1mov.mid,processed\lstm\bach\Bwv0811_English_Suite_n6_1mov.npz,4683
bach,Bwv0811_English_Suite_n6_2mov.mid,processed\lstm\bach\Bwv0811_English_Suite_n6_2mov.npz,1492
bach,Bwv0811_English_Suite_n6_3mov.mid,processed\lstm\bach\Bwv0811_English_Suite_n6_3mov.npz,1404
bach,Bwv0811_English_Suite_n6_4mov.mid,processed\lstm\bach\Bwv0811_English_Suite_n6_4mov.npz,696
bach,Bwv0811_English_Suite_n6_5mov.mid,processed\lstm\bach\Bwv0811_English_Suite_n6_5mov.npz,908
bach,Bwv0811_English_Suite_n6_6mov.mid,processed\lstm\bach\Bwv0811_English_Suite_n6_6mov.npz,1095
bach,Bwv0811_English_Suite_n6_7mov.mid,processed\lstm\bach\Bwv0811_English_Suite_n6_7mov.npz,754
bach,Bwv0811_English_Suite_n6_8mov.mid,processed\lstm\bach\Bwv0811_English_Suite_n6_8mov.npz,2858
bach,Bwv0815_French_Suite_n4.mid,processed\lstm\bach\Bwv0815_French_Suite_n4.npz,9065
bach,Bwv0816_French_Suite_n5.mid,processed\lstm\bach\Bwv0816_French_Suite_n5.npz,8308
bach,Bwv0817_French_Suite_n6.mid,processed\lstm\bach\Bwv0817_French_Suite_n6.npz,7937
bach,Bwv0906_Fantasia_and_Fugue.mid,processed\lstm\bach\Bwv0906_Fantasia_and_Fugue.npz,3830
bach,Bwv0910_Toccata.mid,processed\lstm\bach\Bwv0910_Toccata.npz,4167
bach,Bwv0911_Toccata.mid,processed\lstm\bach\Bwv0911_Toccata.npz,4657
bach,Bwv0912_Toccata.mid,processed\lstm\bach\Bwv0912_Toccata.npz,4833
bach,Bwv0913_Toccata.mid,processed\lstm\bach\Bwv0913_Toccata.npz,4820
bach,Bwv0914_Toccata.mid,processed\lstm\bach\Bwv0914_Toccata.npz,2998
bach,Bwv0915_Toccata.mid,processed\lstm\bach\Bwv0915_Toccata.npz,4609
bach,Bwv0916_Toccata.mid,processed\lstm\bach\Bwv0916_Toccata.npz,3634
bach,Bwv0933_Little_Prelude_n1.mid,processed\lstm\bach\Bwv0933_Little_Prelude_n1.npz,762
bach,Bwv0934_Little_Prelude_n2.mid,processed\lstm\bach\Bwv0934_Little_Prelude_n2.npz,702
bach,Bwv0935_Little_Prelude_n3.mid,processed\lstm\bach\Bwv0935_Little_Prelude_n3.npz,873
bach,Bwv0936_Little_Prelude_n4.mid,processed\lstm\bach\Bwv0936_Little_Prelude_n4.npz,950
bach,Bwv0937_Little_Prelude_n5.mid,processed\lstm\bach\Bwv0937_Little_Prelude_n5.npz,962
bach,Bwv0938_Little_Prelude_n6.mid,processed\lstm\bach\Bwv0938_Little_Prelude_n6.npz,895
bach,Bwv0963_Sonata.mid,processed\lstm\bach\Bwv0963_Sonata.npz,3367
bach,Bwv0967_Sonata.mid,processed\lstm\bach\Bwv0967_Sonata.npz,1827
bach,Bwv0992_Capriccio.mid,processed\lstm\bach\Bwv0992_Capriccio.npz,3083
bach,Bwv0996_Suite_for_Lute.mid,processed\lstm\bach\Bwv0996_Suite_for_Lute.npz,4907
bach,Bwv0997_Partita_for_Lute_1mov.mid,processed\lstm\bach\Bwv0997_Partita_for_Lute_1mov.npz,977
bach,Bwv0997_Partita_for_Lute_2mov.mid,processed\lstm\bach\Bwv0997_Partita_for_Lute_2mov.npz,2056
bach,Bwv0997_Partita_for_Lute_3mov.mid,processed\lstm\bach\Bwv0997_Partita_for_Lute_3mov.npz,942
bach,Bwv0997_Partita_for_Lute_4mov.mid,processed\lstm\bach\Bwv0997_Partita_for_Lute_4mov.npz,966
bach,Bwv0997_Partita_for_Lute_5mov.mid,processed\lstm\bach\Bwv0997_Partita_for_Lute_5mov.npz,1334
bach,Bwv0998_Prelude_Fugue_Allegro_for_Lute_1mov.mid,processed\lstm\bach\Bwv0998_Prelude_Fugue_Allegro_for_Lute_1mov.npz,669
bach,Bwv0998_Prelude_Fugue_Allegro_for_Lute_2mov.mid,processed\lstm\bach\Bwv0998_Prelude_Fugue_Allegro_for_Lute_2mov.npz,1796
bach,Bwv0998_Prelude_Fugue_Allegro_for_Lute_3mov.mid,processed\lstm\bach\Bwv0998_Prelude_Fugue_Allegro_for_Lute_3mov.npz,748
bach,Bwv1005_Violin_Sonata_n3_1mov_Adagio.mid,processed\lstm\bach\Bwv1005_Violin_Sonata_n3_1mov_Adagio.npz,556
bach,Bwv1005_Violin_Sonata_n3_2mov_Fugue.mid,processed\lstm\bach\Bwv1005_Violin_Sonata_n3_2mov_Fugue.npz,3038
bach,Bwv1005_Violin_Sonata_n3_3mov_Largo.mid,processed\lstm\bach\Bwv1005_Violin_Sonata_n3_3mov_Largo.npz,416
bach,Bwv1005_Violin_Sonata_n3_4mov_Allegro.mid,processed\lstm\bach\Bwv1005_Violin_Sonata_n3_4mov_Allegro.npz,2392
bach,Bwv1014_Harpsicord_and_Violin_Sonata_1mov.mid,processed\lstm\bach\Bwv1014_Harpsicord_and_Violin_Sonata_1mov.npz,1166
bach,Bwv1014_Harpsicord_and_Violin_Sonata_2mov.mid,processed\lstm\bach\Bwv1014_Harpsicord_and_Violin_Sonata_2mov.npz,2572
bach,Bwv1014_Harpsicord_and_Violin_Sonata_3mov.mid,processed\lstm\bach\Bwv1014_Harpsicord_and_Violin_Sonata_3mov.npz,1009
bach,Bwv1014_Harpsicord_and_Violin_Sonata_4mov.mid,processed\lstm\bach\Bwv1014_Harpsicord_and_Violin_Sonata_4mov.npz,3203
bach,Bwv1046_aSinfonia_h.mid,processed\lstm\bach\Bwv1046_aSinfonia_h.npz,7634
bach,Bwv1066_Orchestral_Suite_n1_1mov.mid,processed\lstm\bach\Bwv1066_Orchestral_Suite_n1_1mov.npz,20248
bach,Bwv1066_Orchestral_Suite_n1_2mov.mid,processed\lstm\bach\Bwv1066_Orchestral_Suite_n1_2mov.npz,4796
bach,Bwv1066_Orchestral_Suite_n1_3mov.mid,processed\lstm\bach\Bwv1066_Orchestral_Suite_n1_3mov.npz,7408
bach,Bwv1066_Orchestral_Suite_n1_4mov.mid,processed\lstm\bach\Bwv1066_Orchestral_Suite_n1_4mov.npz,2762
bach,Bwv1066_Orchestral_Suite_n1_5mov.mid,processed\lstm\bach\Bwv1066_Orchestral_Suite_n1_5mov.npz,5398
bach,Bwv1066_Orchestral_Suite_n1_6mov.mid,processed\lstm\bach\Bwv1066_Orchestral_Suite_n1_6mov.npz,5450
bach,Bwv1066_Orchestral_Suite_n1_7mov.mid,processed\lstm\bach\Bwv1066_Orchestral_Suite_n1_7mov.npz,6498
bach,Bwv1067_Orchestral_Suite_n2_1mov.mid,processed\lstm\bach\Bwv1067_Orchestral_Suite_n2_1mov.npz,18318
bach,Bwv1067_Orchestral_Suite_n2_2mov.mid,processed\lstm\bach\Bwv1067_Orchestral_Suite_n2_2mov.npz,2067
bach,Bwv1067_Orchestral_Suite_n2_3mov.mid,processed\lstm\bach\Bwv1067_Orchestral_Suite_n2_3mov.npz,2788
bach,Bwv1067_Orchestral_Suite_n2_4mov.mid,processed\lstm\bach\Bwv1067_Orchestral_Suite_n2_4mov.npz,4394
bach,Bwv1067_Orchestral_Suite_n2_5mov.mid,processed\lstm\bach\Bwv1067_Orchestral_Suite_n2_5mov.npz,3791
bach,Bwv1067_Orchestral_Suite_n2_6mov.mid,processed\lstm\bach\Bwv1067_Orchestral_Suite_n2_6mov.npz,1628
bach,Bwv1067_Orchestral_Suite_n2_7mov.mid,processed\lstm\bach\Bwv1067_Orchestral_Suite_n2_7mov.npz,3214
bach,Bwv1068_Orchestral_Suite_n3_1mov.mid,processed\lstm\bach\Bwv1068_Orchestral_Suite_n3_1mov.npz,17278
bach,Bwv1068_Orchestral_Suite_n3_2mov.mid,processed\lstm\bach\Bwv1068_Orchestral_Suite_n3_2mov.npz,1280
bach,Bwv1068_Orchestral_Suite_n3_3mov.mid,processed\lstm\bach\Bwv1068_Orchestral_Suite_n3_3mov.npz,6210
bach,Bwv1068_Orchestral_Suite_n3_4mov.mid,processed\lstm\bach\Bwv1068_Orchestral_Suite_n3_4mov.npz,2400
bach,Bwv1068_Orchestral_Suite_n3_5mov.mid,processed\lstm\bach\Bwv1068_Orchestral_Suite_n3_5mov.npz,5058
bach,Bwv1069_Orchestral_Suite_n4_1mov.mid,processed\lstm\bach\Bwv1069_Orchestral_Suite_n4_1mov.npz,18720
bach,Bwv1069_Orchestral_Suite_n4_2mov.mid,processed\lstm\bach\Bwv1069_Orchestral_Suite_n4_2mov.npz,4992
bach,Bwv1069_Orchestral_Suite_n4_3mov.mid,processed\lstm\bach\Bwv1069_Orchestral_Suite_n4_3mov.npz,2644
bach,Bwv1069_Orchestral_Suite_n4_4mov.mid,processed\lstm\bach\Bwv1069_Orchestral_Suite_n4_4mov.npz,5447
bach,Bwv1069_Orchestral_Suite_n4_5mov.mid,processed\lstm\bach\Bwv1069_Orchestral_Suite_n4_5mov.npz,5748
bach,Bwv1066_Orchestral_suite_n1_Bouree.mid,processed\lstm\bach\Bwv1066_Orchestral_suite_n1_Bouree.npz,3900
bach,Bwv1066_Orchestral_suite_n1_Courante.mid,processed\lstm\bach\Bwv1066_Orchestral_suite_n1_Courante.npz,2886
bach,Bwv1066_Orchestral_suite_n1_Forlane.mid,processed\lstm\bach\Bwv1066_Orchestral_suite_n1_Forlane.npz,2106
bach,Bwv1066_Orchestral_suite_n1_Gavotte.mid,processed\lstm\bach\Bwv1066_Orchestral_suite_n1_Gavotte.npz,4624
bach,Bwv1066_Orchestral_suite_n1_Menuet.mid,processed\lstm\bach\Bwv1066_Orchestral_suite_n1_Menuet.npz,3333
bach,Bwv1066_Orchestral_suite_n1_Overture.mid,processed\lstm\bach\Bwv1066_Orchestral_suite_n1_Overture.npz,14179
bach,Bwv1066_Orchestral_suite_n1_Passpied.mid,processed\lstm\bach\Bwv1066_Orchestral_suite_n1_Passpied.npz,4404
bach,Bwv1067_Orchestral_suite_n2_Badineri.mid,processed\lstm\bach\Bwv1067_Orchestral_suite_n2_Badineri.npz,1658
bach,Bwv1067_Orchestral_suite_n2_Bouree.mid,processed\lstm\bach\Bwv1067_Orchestral_suite_n2_Bouree.npz,2570
bach,Bwv1067_Orchestral_suite_n2_Menuet.mid,processed\lstm\bach\Bwv1067_Orchestral_suite_n2_Menuet.npz,858
bach,Bwv1067_Orchestral_suite_n2_Overture.mid,processed\lstm\bach\Bwv1067_Orchestral_suite_n2_Overture.npz,10170
bach,Bwv1067_Orchestral_suite_n2_Polonais.mid,processed\lstm\bach\Bwv1067_Orchestral_suite_n2_Polonais.npz,2209
bach,Bwv1067_Orchestral_suite_n2_Rondeau.mid,processed\lstm\bach\Bwv1067_Orchestral_suite_n2_Rondeau.npz,1276
bach,Bwv1067_Orchestral_suite_n2_Sarabande.mid,processed\lstm\bach\Bwv1067_Orchestral_suite_n2_Sarabande.npz,1217
bach,Bwv1068_Orchestral_suite_n3_Air.mid,processed\lstm\bach\Bwv1068_Orchestral_suite_n3_Air.npz,1032
bach,Bwv1068_Orchestral_suite_n3_Bourree.mid,processed\lstm\bach\Bwv1068_Orchestral_suite_n3_Bourree.npz,2152
bach,Bwv1068_Orchestral_suite_n3_Gavotte.mid,processed\lstm\bach\Bwv1068_Orchestral_suite_n3_Gavotte.npz,5522
bach,Bwv1068_Orchestral_suite_n3_Gigue.mid,processed\lstm\bach\Bwv1068_Orchestral_suite_n3_Gigue.npz,4405
bach,Bwv1068_Orchestral_suite_n3_Overture.mid,processed\lstm\bach\Bwv1068_Orchestral_suite_n3_Overture.npz,15013
bach,Bwv1069_Orchestral_suite_n4_Bourree.mid,processed\lstm\bach\Bwv1069_Orchestral_suite_n4_Bourree.npz,4469
bach,Bwv1069_Orchestral_suite_n4_Gavotte.mid,processed\lstm\bach\Bwv1069_Orchestral_suite_n4_Gavotte.npz,2339
bach,Bwv1069_Orchestral_suite_n4_Menuet.mid,processed\lstm\bach\Bwv1069_Orchestral_suite_n4_Menuet.npz,4631
bach,Bwv1069_Orchestral_suite_n4_Overture.mid,processed\lstm\bach\Bwv1069_Orchestral_suite_n4_Overture.npz,16665
bach,Bwv1069_Orchestral_suite_n4_Rejouissance.mid,processed\lstm\bach\Bwv1069_Orchestral_suite_n4_Rejouissance.npz,5411
bach,Musical_Offering_n1_Ricercare_a_3.mid,processed\lstm\bach\Musical_Offering_n1_Ricercare_a_3.npz,2385
bach,Musical_Offering_n10.mid,processed\lstm\bach\Musical_Offering_n10.npz,3096
bach,Musical_Offering_n11.mid,processed\lstm\bach\Musical_Offering_n11.npz,356
bach,Musical_Offering_n12.mid,processed\lstm\bach\Musical_Offering_n12.npz,1101
bach,Musical_Offering_n13.mid,processed\lstm\bach\Musical_Offering_n13.npz,418
bach,Musical_Offering_n14.mid,processed\lstm\bach\Musical_Offering_n14.npz,495
bach,Musical_Offering_n15_Trio-Largo.mid,processed\lstm\bach\Musical_Offering_n15_Trio-Largo.npz,453
bach,Musical_Offering_n16_Trio-Allegro.mid,processed\lstm\bach\Musical_Offering_n16_Trio-Allegro.npz,376
bach,Musical_Offering_n17_Trio-Andante.mid,processed\lstm\bach\Musical_Offering_n17_Trio-Andante.npz,1727
bach,Musical_Offering_n18_Trio-Allegro.mid,processed\lstm\bach\Musical_Offering_n18_Trio-Allegro.npz,1005
bach,Musical_Offering_n19.mid,processed\lstm\bach\Musical_Offering_n19.npz,2692
bach,Musical_Offering_n2_Canon_Perpetuus.mid,processed\lstm\bach\Musical_Offering_n2_Canon_Perpetuus.npz,464
bach,Musical_Offering_n3.mid,processed\lstm\bach\Musical_Offering_n3.npz,517
bach,Musical_Offering_n4.mid,processed\lstm\bach\Musical_Offering_n4.npz,431
bach,Musical_Offering_n5.mid,processed\lstm\bach\Musical_Offering_n5.npz,782
bach,Musical_Offering_n6.mid,processed\lstm\bach\Musical_Offering_n6.npz,1161
bach,Musical_Offering_n7.mid,processed\lstm\bach\Musical_Offering_n7.npz,2951
bach,Musical_Offering_n8.mid,processed\lstm\bach\Musical_Offering_n8.npz,5883
bach,Musical_Offering_n9_Ricercare_a_6.mid,processed\lstm\bach\Musical_Offering_n9_Ricercare_a_6.npz,1229
bach,Canon_Fugue_n1.mid,processed\lstm\bach\Canon_Fugue_n1.npz,1431
bach,Canon_Fugue_n2.mid,processed\lstm\bach\Canon_Fugue_n2.npz,1446
bach,Canon_Fugue_n3.mid,processed\lstm\bach\Canon_Fugue_n3.npz,1524
bach,Canon_Fugue_n4.mid,processed\lstm\bach\Canon_Fugue_n4.npz,1005
bach,Counter_Fugue_n1.mid,processed\lstm\bach\Counter_Fugue_n1.npz,1376
bach,Counter_Fugue_n2.mid,processed\lstm\bach\Counter_Fugue_n2.npz,1913
bach,Counter_Fugue_n3.mid,processed\lstm\bach\Counter_Fugue_n3.npz,1640
bach,Double_Fugue_n1.mid,processed\lstm\bach\Double_Fugue_n1.npz,1802
bach,Double_Fugue_n2.mid,processed\lstm\bach\Double_Fugue_n2.npz,1862
bach,Mirror_Fugue_n1.mid,processed\lstm\bach\Mirror_Fugue_n1.npz,2225
bach,Mirror_Fugue_n2.mid,processed\lstm\bach\Mirror_Fugue_n2.npz,2406
bach,Simple_Fugue_Inverted_Subject_n1.mid,processed\lstm\bach\Simple_Fugue_Inverted_Subject_n1.npz,1174
bach,Simple_Fugue_Inverted_Subject_n2.mid,processed\lstm\bach\Simple_Fugue_Inverted_Subject_n2.npz,2008
bach,Simple_Fugue_Regular_Subject_n1.mid,processed\lstm\bach\Simple_Fugue_Regular_Subject_n1.npz,1014
bach,Simple_Fugue_Regular_Subject_n2.mid,processed\lstm\bach\Simple_Fugue_Regular_Subject_n2.npz,1191
bach,The_Art_of_the_Fugue_BWV1080.mid,processed\lstm\bach\The_Art_of_the_Fugue_BWV1080.npz,33004
bach,Triple_Fugue_n1.mid,processed\lstm\bach\Triple_Fugue_n1.npz,2907
bach,Triple_Fugue_n2.mid,processed\lstm\bach\Triple_Fugue_n2.npz,3156
bach,Unfinished_Fugue.mid,processed\lstm\bach\Unfinished_Fugue.npz,2852
bach,01_Kyrie_Eleison.mid,processed\lstm\bach\01_Kyrie_Eleison.npz,8993
bach,02_Christe_Eleison.mid,processed\lstm\bach\02_Christe_Eleison.npz,3734
bach,03_Kyrie_Eleison.mid,processed\lstm\bach\03_Kyrie_Eleison.npz,4098
bach,04_Chor_Gloria_In_Exelcis.mid,processed\lstm\bach\04_Chor_Gloria_In_Exelcis.npz,10623
bach,05_Aria_For_Soprano.mid,processed\lstm\bach\05_Aria_For_Soprano.npz,3823
bach,06_Chor_Gratias_Animus_Tibi.mid,processed\lstm\bach\06_Chor_Gratias_Animus_Tibi.npz,3035
bach,07_Duet_Domine_Deus.mid,processed\lstm\bach\07_Duet_Domine_Deus.npz,4598
bach,08_Chor_Qui_Tollis.mid,processed\lstm\bach\08_Chor_Qui_Tollis.npz,2113
bach,09_Aria_Qui_Sedes.mid,processed\lstm\bach\09_Aria_Qui_Sedes.npz,3087
bach,10_Aria_Quoniam.mid,processed\lstm\bach\10_Aria_Quoniam.npz,3810
bach,11_Chor_Cum_Sancto.mid,processed\lstm\bach\11_Chor_Cum_Sancto.npz,10652
bach,12_Chor_Credo_In_Unum_Deum.mid,processed\lstm\bach\12_Chor_Credo_In_Unum_Deum.npz,1540
bach,13_Chor_Patrem_Omnipotentem.mid,processed\lstm\bach\13_Chor_Patrem_Omnipotentem.npz,4085
bach,14_Duet_In_Unum.mid,processed\lstm\bach\14_Duet_In_Unum.npz,3564
bach,15_Et_Incarnatus__Cricifixus.mid,processed\lstm\bach\15_Et_Incarnatus__Cricifixus.npz,3029
bach,16_Et_Ressurexit.mid,processed\lstm\bach\16_Et_Ressurexit.npz,9856
bach,17_Bass_Aria_Et_In_Spritum.mid,processed\lstm\bach\17_Bass_Aria_Et_In_Spritum.npz,3761
bach,18_Confiteor.mid,processed\lstm\bach\18_Confiteor.npz,8965
bach,19_Sanctus.mid,processed\lstm\bach\19_Sanctus.npz,9909
bach,20_Osanna.mid,processed\lstm\bach\20_Osanna.npz,7322
bach,21_Benedictus.mid,processed\lstm\bach\21_Benedictus.npz,2036
bach,22_Agnus_Dei.mid,processed\lstm\bach\22_Agnus_Dei.npz,1396
bach,23_Donna_Nobis_Pacem.mid,processed\lstm\bach\23_Donna_Nobis_Pacem.npz,3453
bach,1Bass_Aria.mid,processed\lstm\bach\1Bass_Aria.npz,2183
bach,10Wir_setzen_uns_mit_Tra_nen_nieder_Chorus.mid,processed\lstm\bach\10Wir_setzen_uns_mit_Tra_nen_nieder_Chorus.npz,7420
bach,2Aus_Liebe_will_mein_Heiland_sterban_Soprano_Aria.mid,processed\lstm\bach\2Aus_Liebe_will_mein_Heiland_sterban_Soprano_Aria.npz,1273
bach,3Gebt_mir_meinen_Jesum_weider_Bass_Aria.mid,processed\lstm\bach\3Gebt_mir_meinen_Jesum_weider_Bass_Aria.npz,3473
bach,4Blute_nur_du_liebes_Herz_Soprano_Aria.mid,processed\lstm\bach\4Blute_nur_du_liebes_Herz_Soprano_Aria.npz,2817
bach,5Erbarme_dicht_mein_Gott_Alto_Aria.mid,processed\lstm\bach\5Erbarme_dicht_mein_Gott_Alto_Aria.npz,7517
bach,6Herzliebster_Jesu_Chorus.mid,processed\lstm\bach\6Herzliebster_Jesu_Chorus.npz,576
bach,7Ko_nnen_Tra_nen_meiner_Wangen_nichts_erlangen_Alto_Aria.mid,processed\lstm\bach\7Ko_nnen_Tra_nen_meiner_Wangen_nichts_erlangen_Alto_Aria.npz,6435
bach,8Mache_dich_mein_herz_Bass_Aria.mid,processed\lstm\bach\8Mache_dich_mein_herz_Bass_Aria.npz,6649
bach,9O_Haupt_voll_Blut_und_Wunden_Chorus.mid,processed\lstm\bach\9O_Haupt_voll_Blut_und_Wunden_Chorus.npz,1606
bach,Bwv772_Invention_n01.mid,processed\lstm\bach\Bwv772_Invention_n01.npz,472
bach,invent1.mid,processed\lstm\bach\invent1.npz,471
bach,invent10.mid,processed\lstm\bach\invent10.npz,584
bach,invent11.mid,processed\lstm\bach\invent11.npz,617
bach,invent12.mid,processed\lstm\bach\invent12.npz,826
bach,invent13.mid,processed\lstm\bach\invent13.npz,564
bach,invent14.mid,processed\lstm\bach\invent14.npz,592
bach,invent15.mid,processed\lstm\bach\invent15.npz,527
bach,invent2.mid,processed\lstm\bach\invent2.npz,689
bach,invent3.mid,processed\lstm\bach\invent3.npz,524
bach,invent4.mid,processed\lstm\bach\invent4.npz,543
bach,invent5.mid,processed\lstm\bach\invent5.npz,795
bach,invent8.mid,processed\lstm\bach\invent8.npz,596
bach,invent9.mid,processed\lstm\bach\invent9.npz,583
bach,Bwv773_Invention_n02.mid,processed\lstm\bach\Bwv773_Invention_n02.npz,687
bach,Bwv774_Invention_n03.mid,processed\lstm\bach\Bwv774_Invention_n03.npz,599
bach,Bwv775_Invention_n04.mid,processed\lstm\bach\Bwv775_Invention_n04.npz,556
bach,Bwv776_Invention_n05.mid,processed\lstm\bach\Bwv776_Invention_n05.npz,793
bach,Bwv777_Invention_n06.mid,processed\lstm\bach\Bwv777_Invention_n06.npz,1094
bach,Bwv778_Invention_n07.mid,processed\lstm\bach\Bwv778_Invention_n07.npz,631
bach,Bwv779_Invention_n08.mid,processed\lstm\bach\Bwv779_Invention_n08.npz,596
bach,Bwv780_Invention_n09.mid,processed\lstm\bach\Bwv780_Invention_n09.npz,593
bach,Bwv781_Invention_n10.mid,processed\lstm\bach\Bwv781_Invention_n10.npz,663
bach,Bwv782_Invention_n11.mid,processed\lstm\bach\Bwv782_Invention_n11.npz,616
bach,Bwv783_Invention_n12.mid,processed\lstm\bach\Bwv783_Invention_n12.npz,732
bach,Bwv784_Invention_n13.mid,processed\lstm\bach\Bwv784_Invention_n13.npz,563
bach,Bwv785_Invention_n14.mid,processed\lstm\bach\Bwv785_Invention_n14.npz,591
bach,Bwv786_Invention_n15.mid,processed\lstm\bach\Bwv786_Invention_n15.npz,529
bach,Bwv0787_Sinfonia_n1.mid,processed\lstm\bach\Bwv0787_Sinfonia_n1.npz,574
bach,Bwv0788_Sinfonia_n2.mid,processed\lstm\bach\Bwv0788_Sinfonia_n2.npz,877
bach,Bwv0789_Sinfonia_n3.mid,processed\lstm\bach\Bwv0789_Sinfonia_n3.npz,668
bach,Bwv0790_Sinfonia_n4.mid,processed\lstm\bach\Bwv0790_Sinfonia_n4.npz,554
bach,Bwv0791_Sinfonia_n5.mid,processed\lstm\bach\Bwv0791_Sinfonia_n5.npz,657
bach,Bwv0792_Sinfonia_n6.mid,processed\lstm\bach\Bwv0792_Sinfonia_n6.npz,527
bach,Bwv0793_Sinfonia_n7.mid,processed\lstm\bach\Bwv0793_Sinfonia_n7.npz,725
bach,Bwv0794_Sinfonia_n8.mid,processed\lstm\bach\Bwv0794_Sinfonia_n8.npz,579
bach,Bwv0795_Sinfonia_n9.mid,processed\lstm\bach\Bwv0795_Sinfonia_n9.npz,655
bach,Bwv0796_Sinfonia_n10.mid,processed\lstm\bach\Bwv0796_Sinfonia_n10.npz,624
bach,Bwv0797_Sinfonia_n11.mid,processed\lstm\bach\Bwv0797_Sinfonia_n11.npz,532
bach,Bwv0798_Sinfonia_n12.mid,processed\lstm\bach\Bwv0798_Sinfonia_n12.npz,771
bach,Bwv0799_Sinfonia_n13.mid,processed\lstm\bach\Bwv0799_Sinfonia_n13.npz,652
bach,Bwv0800_Sinfonia_n14.mid,processed\lstm\bach\Bwv0800_Sinfonia_n14.npz,637
bach,Bwv0801_Sinfonia_n15.mid,processed\lstm\bach\Bwv0801_Sinfonia_n15.npz,675
bach,Bwv802_Four_Inventions_Duettos_Clavier-U_bung_III_n1.mid,processed\lstm\bach\Bwv802_Four_Inventions_Duettos_Clavier-U_bung_III_n1.npz,992
bach,WT1_1A.mid,processed\lstm\bach\WT1_1A.npz,551
bach,WT1_1B.mid,processed\lstm\bach\WT1_1B.npz,749
bach,WT1_2A.mid,processed\lstm\bach\WT1_2A.npz,1095
bach,WT1_2B.mid,processed\lstm\bach\WT1_2B.npz,754
bach,WT1_3A.mid,processed\lstm\bach\WT1_3A.npz,811
bach,WT1_3B.mid,processed\lstm\bach\WT1_3B.npz,1446
bach,WT1_4A.mid,processed\lstm\bach\WT1_4A.npz,719
bach,WT1_4B.mid,processed\lstm\bach\WT1_4B.npz,1316
bach,WT1_5A.mid,processed\lstm\bach\WT1_5A.npz,718
bach,WT1_5B.mid,processed\lstm\bach\WT1_5B.npz,821
bach,WT1_6A.mid,processed\lstm\bach\WT1_6A.npz,784
bach,WT1_6B.mid,processed\lstm\bach\WT1_6B.npz,892
bach,WT1_7A.mid,processed\lstm\bach\WT1_7A.npz,1419
bach,WT1_7B.mid,processed\lstm\bach\WT1_7B.npz,957
bach,WT1_8A.mid,processed\lstm\bach\WT1_8A.npz,755
bach,WT1_8B.mid,processed\lstm\bach\WT1_8B.npz,1386
bach,WT1_9A.mid,processed\lstm\bach\WT1_9A.npz,437
bach,WT1_9B.mid,processed\lstm\bach\WT1_9B.npz,733
bach,WT1_X1A.mid,processed\lstm\bach\WT1_X1A.npz,907
bach,WT1_X1B.mid,processed\lstm\bach\WT1_X1B.npz,720
bach,WT1_X2A.mid,processed\lstm\bach\WT1_X2A.npz,541
bach,WT1_X2B.mid,processed\lstm\bach\WT1_X2B.npz,1349
bach,WT1_X3A.mid,processed\lstm\bach\WT1_X3A.npz,499
bach,WT1_X3B.mid,processed\lstm\bach\WT1_X3B.npz,907
bach,WT1_X4A.mid,processed\lstm\bach\WT1_X4A.npz,619
bach,WT1_X4B.mid,processed\lstm\bach\WT1_X4B.npz,829
bach,WT1_X5A.mid,processed\lstm\bach\WT1_X5A.npz,607
bach,WT1_X5B.mid,processed\lstm\bach\WT1_X5B.npz,1805
bach,WT1_X6A.mid,processed\lstm\bach\WT1_X6A.npz,717
bach,WT1_X6B.mid,processed\lstm\bach\WT1_X6B.npz,745
bach,WT1_X7A.mid,processed\lstm\bach\WT1_X7A.npz,682
bach,WT1_X7B.mid,processed\lstm\bach\WT1_X7B.npz,882
bach,WT1_X8A.mid,processed\lstm\bach\WT1_X8A.npz,559
bach,WT1_X8B.mid,processed\lstm\bach\WT1_X8B.npz,795
bach,WT1_X9A.mid,processed\lstm\bach\WT1_X9A.npz,609
bach,WT1_X9B.mid,processed\lstm\bach\WT1_X9B.npz,1184
bach,WT1_X_A.mid,processed\lstm\bach\WT1_X_A.npz,1232
bach,WT1_X_B.mid,processed\lstm\bach\WT1_X_B.npz,810
bach,WT1_XX1A.mid,processed\lstm\bach\WT1_XX1A.npz,637
bach,WT1_XX1B.mid,processed\lstm\bach\WT1_XX1B.npz,946
bach,WT1_XX2A.mid,processed\lstm\bach\WT1_XX2A.npz,776
bach,WT1_XX2B.mid,processed\lstm\bach\WT1_XX2B.npz,747
bach,WT1_XX3A.mid,processed\lstm\bach\WT1_XX3A.npz,417
bach,WT1_XX3B.mid,processed\lstm\bach\WT1_XX3B.npz,867
bach,WT1_XX4A.mid,processed\lstm\bach\WT1_XX4A.npz,1496
bach,WT1_XX4B.mid,processed\lstm\bach\WT1_XX4B.npz,1823
bach,WT1_XX_A.mid,processed\lstm\bach\WT1_XX_A.npz,608
bach,WT1_XX_B.mid,processed\lstm\bach\WT1_XX_B.npz,2417
bach,Wtcii01a.mid,processed\lstm\bach\Wtcii01a.npz,1672
bach,Wtcii01b.mid,processed\lstm\bach\Wtcii01b.npz,1966
bach,WTCII02A.mid,processed\lstm\bach\WTCII02A.npz,2212
bach,Wtcii02b.mid,processed\lstm\bach\Wtcii02b.npz,671
bach,WTCII03A.mid,processed\lstm\bach\WTCII03A.npz,1094
bach,Wtcii03b.mid,processed\lstm\bach\Wtcii03b.npz,823
bach,WTCII04A.mid,processed\lstm\bach\WTCII04A.npz,1366
bach,Wtcii04b.mid,processed\lstm\bach\Wtcii04b.npz,1376
bach,WTCII05A.mid,processed\lstm\bach\WTCII05A.npz,3084
bach,Wtcii05b.mid,processed\lstm\bach\Wtcii05b.npz,876
bach,WTCII06A.mid,processed\lstm\bach\WTCII06A.npz,1101
bach,Wtcii06b.mid,processed\lstm\bach\Wtcii06b.npz,807
bach,WTCII07A.mid,processed\lstm\bach\WTCII07A.npz,918
bach,Wtcii07b.mid,processed\lstm\bach\Wtcii07b.npz,706
bach,WTCII08A.mid,processed\lstm\bach\WTCII08A.npz,1972
bach,Wtcii08b.mid,processed\lstm\bach\Wtcii08b.npz,1014
bach,WTCII09A.mid,processed\lstm\bach\WTCII09A.npz,1840
bach,Wtcii09b.mid,processed\lstm\bach\Wtcii09b.npz,749
bach,Wtcii10a.mid,processed\lstm\bach\Wtcii10a.npz,4520
bach,Wtcii10b.mid,processed\lstm\bach\Wtcii10b.npz,1462
bach,Wtcii11a.mid,processed\lstm\bach\Wtcii11a.npz,1234
bach,Wtcii11b.mid,processed\lstm\bach\Wtcii11b.npz,971
bach,WTCII12A.mid,processed\lstm\bach\WTCII12A.npz,1473
bach,Wtcii12b.mid,processed\lstm\bach\Wtcii12b.npz,1121
bach,WTCII13A.mid,processed\lstm\bach\WTCII13A.npz,1303
bach,Wtcii13b.mid,processed\lstm\bach\Wtcii13b.npz,1210
bach,WTCII14A.mid,processed\lstm\bach\WTCII14A.npz,891
bach,Wtcii14b.mid,processed\lstm\bach\Wtcii14b.npz,1477
bach,WTCII15A.mid,processed\lstm\bach\WTCII15A.npz,1754
bach,Wtcii15b.mid,processed\lstm\bach\Wtcii15b.npz,762
bach,WTCII16A.mid,processed\lstm\bach\WTCII16A.npz,506
bach,Wtcii16b.mid,processed\lstm\bach\Wtcii16b.npz,1664
bach,WTCII17A.mid,processed\lstm\bach\WTCII17A.npz,1539
bach,Wtcii17b.mid,processed\lstm\bach\Wtcii17b.npz,1357
bach,WTCII18A.mid,processed\lstm\bach\WTCII18A.npz,2650
bach,Wtcii18b.mid,processed\lstm\bach\Wtcii18b.npz,1584
bach,WTCII19A.mid,processed\lstm\bach\WTCII19A.npz,690
bach,Wtcii19b.mid,processed\lstm\bach\Wtcii19b.npz,758
bach,WTCII20A.mid,processed\lstm\bach\WTCII20A.npz,1542
bach,Wtcii20b.mid,processed\lstm\bach\Wtcii20b.npz,871
bach,WTCII21A.mid,processed\lstm\bach\WTCII21A.npz,3472
bach,Wtcii21b.mid,processed\lstm\bach\Wtcii21b.npz,970
bach,WTCII22A.mid,processed\lstm\bach\WTCII22A.npz,1191
bach,Wtcii22b.mid,processed\lstm\bach\Wtcii22b.npz,1760
bach,WTCII23A.mid,processed\lstm\bach\WTCII23A.npz,1099
bach,Wtcii23b.mid,processed\lstm\bach\Wtcii23b.npz,1320
bach,Wtcii24a.mid,processed\lstm\bach\Wtcii24a.npz,899
bach,Wtcii24b.mid,processed\lstm\bach\Wtcii24b.npz,1046
bach,Bwv1087_14_Canons.mid,processed\lstm\bach\Bwv1087_14_Canons.npz,2120
bach,Variation_00_Aria.mid,processed\lstm\bach\Variation_00_Aria.npz,1020
bach,Variation_01.mid,processed\lstm\bach\Variation_01.npz,1104
bach,Variation_02.mid,processed\lstm\bach\Variation_02.npz,808
bach,Variation_03.mid,processed\lstm\bach\Variation_03.npz,1198
bach,Variation_04.mid,processed\lstm\bach\Variation_04.npz,504
bach,Variation_05.mid,processed\lstm\bach\Variation_05.npz,1078
bach,Variation_06.mid,processed\lstm\bach\Variation_06.npz,678
bach,Variation_07.mid,processed\lstm\bach\Variation_07.npz,792
bach,Variation_08.mid,processed\lstm\bach\Variation_08.npz,1294
bach,Variation_09.mid,processed\lstm\bach\Variation_09.npz,756
bach,Variation_10.mid,processed\lstm\bach\Variation_10.npz,784
bach,Variation_11.mid,processed\lstm\bach\Variation_11.npz,1360
bach,Variation_12.mid,processed\lstm\bach\Variation_12.npz,1290
bach,Variation_13.mid,processed\lstm\bach\Variation_13.npz,1662
bach,Variation_14.mid,processed\lstm\bach\Variation_14.npz,1390
bach,Variation_15.mid,processed\lstm\bach\Variation_15.npz,1048
bach,Variation_16.mid,processed\lstm\bach\Variation_16.npz,1582
bach,Variation_17.mid,processed\lstm\bach\Variation_17.npz,1430
bach,Variation_18.mid,processed\lstm\bach\Variation_18.npz,618
bach,Variation_19.mid,processed\lstm\bach\Variation_19.npz,682
bach,Variation_20.mid,processed\lstm\bach\Variation_20.npz,1246
bach,Variation_21.mid,processed\lstm\bach\Variation_21.npz,950
bach,Variation_22.mid,processed\lstm\bach\Variation_22.npz,668
bach,Variation_23.mid,processed\lstm\bach\Variation_23.npz,1494
bach,Variation_24.mid,processed\lstm\bach\Variation_24.npz,1350
bach,Variation_25.mid,processed\lstm\bach\Variation_25.npz,1449
bach,Variation_26.mid,processed\lstm\bach\Variation_26.npz,1740
bach,Variation_27.mid,processed\lstm\bach\Variation_27.npz,1076
bach,Variation_28.mid,processed\lstm\bach\Variation_28.npz,1966
bach,Variation_29.mid,processed\lstm\bach\Variation_29.npz,1436
bach,Variation_30.mid,processed\lstm\bach\Variation_30.npz,824
bach,Clavierubung_Part_111Duet_No2_in_F_Major.mid,processed\lstm\bach\Clavierubung_Part_111Duet_No2_in_F_Major.npz,1476
bach,Bwv1041_Violin_Concerto_n1_1mov.mid,processed\lstm\bach\Bwv1041_Violin_Concerto_n1_1mov.npz,4505
bach,Bwv1041_Violin_Concerto_n1_2mov.mid,processed\lstm\bach\Bwv1041_Violin_Concerto_n1_2mov.npz,2117
bach,Bwv1041_Violin_Concerto_n1_3mov.mid,processed\lstm\bach\Bwv1041_Violin_Concerto_n1_3mov.npz,4772
bach,Bwv1042_Violin_Concerto_n2_1mov.mid,processed\lstm\bach\Bwv1042_Violin_Concerto_n2_1mov.npz,8186
bach,Bwv1042_Violin_Concerto_n2_2mov.mid,processed\lstm\bach\Bwv1042_Violin_Concerto_n2_2mov.npz,2062
bach,Bwv1042_Violin_Concerto_n2_3mov.mid,processed\lstm\bach\Bwv1042_Violin_Concerto_n2_3mov.npz,2808
bach,Bwv1043_Two_Violins_Concerto_n3_1mov.mid,processed\lstm\bach\Bwv1043_Two_Violins_Concerto_n3_1mov.npz,4113
bach,Bwv1043_Two_Violins_Concerto_n3_2mov.mid,processed\lstm\bach\Bwv1043_Two_Violins_Concerto_n3_2mov.npz,1106
bach,Bwv1043_Two_Violins_Concerto_n3_3mov.mid,processed\lstm\bach\Bwv1043_Two_Violins_Concerto_n3_3mov.npz,5751
bach,Bwv1044_Flute_Violin_and_Harpsichord_Concerto_1mov.mid,processed\lstm\bach\Bwv1044_Flute_Violin_and_Harpsichord_Concerto_1mov.npz,10424
bach,Bwv1044_Flute_Violin_and_Harpsichord_Concerto_2mov.mid,processed\lstm\bach\Bwv1044_Flute_Violin_and_Harpsichord_Concerto_2mov.npz,2046
bach,Bwv1044_Flute_Violin_and_Harpsichord_Concerto_3mov.mid,processed\lstm\bach\Bwv1044_Flute_Violin_and_Harpsichord_Concerto_3mov.npz,6760
bach,Bwv1046_Brandenburg_Concert_n1_1mov.mid,processed\lstm\bach\Bwv1046_Brandenburg_Concert_n1_1mov.npz,8933
bach,Bwv1046_Brandenburg_Concert_n1_2mov.mid,processed\lstm\bach\Bwv1046_Brandenburg_Concert_n1_2mov.npz,1899
bach,Bwv1046_Brandenburg_Concert_n1_3mov.mid,processed\lstm\bach\Bwv1046_Brandenburg_Concert_n1_3mov.npz,10217
bach,Bwv1047_Brandenburg_Concert_n2_1mov.mid,processed\lstm\bach\Bwv1047_Brandenburg_Concert_n2_1mov.npz,10650
bach,Bwv1047_Brandenburg_Concert_n2_2mov.mid,processed\lstm\bach\Bwv1047_Brandenburg_Concert_n2_2mov.npz,1132
bach,Bwv1047_Brandenburg_Concert_n2_3mov.mid,processed\lstm\bach\Bwv1047_Brandenburg_Concert_n2_3mov.npz,3520
bach,Bwv1048_Brandenburg_Concert_n3_1mov_B.mid,processed\lstm\bach\Bwv1048_Brandenburg_Concert_n3_1mov_B.npz,11725
bach,Bwv1048_Brandenburg_Concert_n3_1mov.mid,processed\lstm\bach\Bwv1048_Brandenburg_Concert_n3_1mov.npz,25151
bach,Bwv1048_Brandenburg_Concert_n3_2-3movs.mid,processed\lstm\bach\Bwv1048_Brandenburg_Concert_n3_2-3movs.npz,14064
bach,Bwv1049_Brandenburg_Concert_n4_1mov.mid,processed\lstm\bach\Bwv1049_Brandenburg_Concert_n4_1mov.npz,9976
bach,Bwv1049_Brandenburg_Concert_n4_2mov.mid,processed\lstm\bach\Bwv1049_Brandenburg_Concert_n4_2mov.npz,2161
bach,Bwv1049_Brandenburg_Concert_n4_3mov.mid,processed\lstm\bach\Bwv1049_Brandenburg_Concert_n4_3mov.npz,6078
bach,Bwv1050_Brandenburg_Concert_n5_1-2-3movs.mid,processed\lstm\bach\Bwv1050_Brandenburg_Concert_n5_1-2-3movs.npz,19669
bach,Bwv1051_Brandenburg_Concert_n6_1mov.mid,processed\lstm\bach\Bwv1051_Brandenburg_Concert_n6_1mov.npz,7444
bach,Bwv1051_Brandenburg_Concert_n6_2mov.mid,processed\lstm\bach\Bwv1051_Brandenburg_Concert_n6_2mov.npz,2107
bach,Bwv1051_Brandenburg_Concert_n6_3mov.mid,processed\lstm\bach\Bwv1051_Brandenburg_Concert_n6_3mov.npz,5338
bach,Bwv1052_Harpsichord_Concerto_n1_1mov.mid,processed\lstm\bach\Bwv1052_Harpsichord_Concerto_n1_1mov.npz,9037
bach,Bwv1052_Harpsichord_Concerto_n1_2mov.mid,processed\lstm\bach\Bwv1052_Harpsichord_Concerto_n1_2mov.npz,2975
bach,Bwv1052_Harpsichord_Concerto_n1_3mov.mid,processed\lstm\bach\Bwv1052_Harpsichord_Concerto_n1_3mov.npz,10490
bach,Bwv1052_Harpsichord_Concerto_n1b.mid,processed\lstm\bach\Bwv1052_Harpsichord_Concerto_n1b.npz,20063
bach,Bwv1053_Harpsichord_Concerto_n2_1mov.mid,processed\lstm\bach\Bwv1053_Harpsichord_Concerto_n2_1mov.npz,8793
bach,Bwv1053_Harpsichord_Concerto_n2_2mov.mid,processed\lstm\bach\Bwv1053_Harpsichord_Concerto_n2_2mov.npz,1874
bach,Bwv1053_Harpsichord_Concerto_n2_3mov.mid,processed\lstm\bach\Bwv1053_Harpsichord_Concerto_n2_3mov.npz,8438
bach,Bwv1054_Harpsichord_Concerto_n3_1mov.mid,processed\lstm\bach\Bwv1054_Harpsichord_Concerto_n3_1mov.npz,8401
bach,Bwv1054_Harpsichord_Concerto_n3_2mov.mid,processed\lstm\bach\Bwv1054_Harpsichord_Concerto_n3_2mov.npz,2309
bach,Bwv1054_Harpsichord_Concerto_n3_3mov.mid,processed\lstm\bach\Bwv1054_Harpsichord_Concerto_n3_3mov.npz,3072
bach,Bwv1055_Harpsichord_Concerto_n4_1mov.mid,processed\lstm\bach\Bwv1055_Harpsichord_Concerto_n4_1mov.npz,4692
bach,Bwv1055_Harpsichord_Concerto_n4_2mov.mid,processed\lstm\bach\Bwv1055_Harpsichord_Concerto_n4_2mov.npz,1647
bach,Bwv1055_Harpsichord_Concerto_n4_3mov.mid,processed\lstm\bach\Bwv1055_Harpsichord_Concerto_n4_3mov.npz,4506
bach,Bwv1056_Harpsichord_Concerto_n5.mid,processed\lstm\bach\Bwv1056_Harpsichord_Concerto_n5.npz,7423
bach,Bwv1057_Harpsichord_Concerto_n6_2mov.mid,processed\lstm\bach\Bwv1057_Harpsichord_Concerto_n6_2mov.npz,2444
bach,Bwv1057_Harpsichord_Concerto_n6_3mov.mid,processed\lstm\bach\Bwv1057_Harpsichord_Concerto_n6_3mov.npz,6744
bach,Bwv1058_Harpsichord_Concerto_n7_1mov.mid,processed\lstm\bach\Bwv1058_Harpsichord_Concerto_n7_1mov.npz,4936
bach,Bwv1058_Harpsichord_Concerto_n7_2mov.mid,processed\lstm\bach\Bwv1058_Harpsichord_Concerto_n7_2mov.npz,2435
bach,Bwv1058_Harpsichord_Concerto_n7_3mov.mid,processed\lstm\bach\Bwv1058_Harpsichord_Concerto_n7_3mov.npz,5046
bach,Bwv1060_Two_Harpsichords_Concerto_n1.mid,processed\lstm\bach\Bwv1060_Two_Harpsichords_Concerto_n1.npz,16147
bach,Bwv1061_Two_Harpsichords_Concerto_n2.mid,processed\lstm\bach\Bwv1061_Two_Harpsichords_Concerto_n2.npz,15699
bach,Bwv1062_Two_Harpsichords_Concerto_n3.mid,processed\lstm\bach\Bwv1062_Two_Harpsichords_Concerto_n3.npz,16402
bach,Bwv1063_Three_Harpsichords_Concerto_n1.mid,processed\lstm\bach\Bwv1063_Three_Harpsichords_Concerto_n1.npz,20857
bach,Bwv1064_Three_Harpsichords_Concerto_n2_1mov.mid,processed\lstm\bach\Bwv1064_Three_Harpsichords_Concerto_n2_1mov.npz,13356
bach,Bwv1064_Three_Harpsichords_Concerto_n2_2mov.mid,processed\lstm\bach\Bwv1064_Three_Harpsichords_Concerto_n2_2mov.npz,3718
bach,Bwv1064_Three_Harpsichords_Concerto_n2_3mov.mid,processed\lstm\bach\Bwv1064_Three_Harpsichords_Concerto_n2_3mov.npz,8372
bach,Bwv1065_Four_Harpsichords_Concerto.mid,processed\lstm\bach\Bwv1065_Four_Harpsichords_Concerto.npz,16877
bach,Jesu_Joy_of_Man_Desiring.mid,processed\lstm\bach\Jesu_Joy_of_Man_Desiring.npz,2693
bach,Minuet_in_G.mid,processed\lstm\bach\Minuet_in_G.npz,207
bach,Piano_version_of_Bachs_two_part_inventions_No.mid,processed\lstm\bach\Piano_version_of_Bachs_two_part_inventions_No.npz,902
bach,Piano_version_of_Bachs_two_part_inventions_No1.mid,processed\lstm\bach\Piano_version_of_Bachs_two_part_inventions_No1.npz,742
bach,Piano_version_of_Bachs_two_part_inventions_No10.mid,processed\lstm\bach\Piano_version_of_Bachs_two_part_inventions_No10.npz,999
bach,Piano_version_of_Bachs_two_part_inventions_No11.mid,processed\lstm\bach\Piano_version_of_Bachs_two_part_inventions_No11.npz,860
bach,Piano_version_of_Bachs_two_part_inventions_No12.mid,processed\lstm\bach\Piano_version_of_Bachs_two_part_inventions_No12.npz,1238
bach,Piano_version_of_Bachs_two_part_inventions_No13.mid,processed\lstm\bach\Piano_version_of_Bachs_two_part_inventions_No13.npz,754
bach,Piano_version_of_Bachs_two_part_inventions_No14.mid,processed\lstm\bach\Piano_version_of_Bachs_two_part_inventions_No14.npz,979
bach,Piano_version_of_Bachs_two_part_inventions_No15.mid,processed\lstm\bach\Piano_version_of_Bachs_two_part_inventions_No15.npz,708
bach,Piano_version_of_Bachs_two_part_inventions_No2.mid,processed\lstm\bach\Piano_version_of_Bachs_two_part_inventions_No2.npz,993
bach,Piano_version_of_Bachs_two_part_inventions_No3.mid,processed\lstm\bach\Piano_version_of_Bachs_two_part_inventions_No3.npz,902
bach,Piano_version_of_Bachs_two_part_inventions_No4.mid,processed\lstm\bach\Piano_version_of_Bachs_two_part_inventions_No4.npz,814
bach,Piano_version_of_Bachs_two_part_inventions_No5.mid,processed\lstm\bach\Piano_version_of_Bachs_two_part_inventions_No5.npz,1097
bach,Piano_version_of_Bachs_two_part_inventions_No6.mid,processed\lstm\bach\Piano_version_of_Bachs_two_part_inventions_No6.npz,1876
bach,Piano_version_of_Bachs_two_part_inventions_No7.mid,processed\lstm\bach\Piano_version_of_Bachs_two_part_inventions_No7.npz,902
bach,Piano_version_of_Bachs_two_part_inventions_No8.mid,processed\lstm\bach\Piano_version_of_Bachs_two_part_inventions_No8.npz,848
bach,Piano_version_of_Bachs_two_part_inventions_No9.mid,processed\lstm\bach\Piano_version_of_Bachs_two_part_inventions_No9.npz,862
bach,Prelude_and_Fugue_in_A_BWV_888.mid,processed\lstm\bach\Prelude_and_Fugue_in_A_BWV_888.npz,1439
bach,Prelude_and_Fugue_in_C_Sharp_BWV_872.mid,processed\lstm\bach\Prelude_and_Fugue_in_C_Sharp_BWV_872.npz,1623
bach,Prelude_and_Fugue_in_D.mid,processed\lstm\bach\Prelude_and_Fugue_in_D.npz,1539
bach,Prelude_from_Sonata_n6.mid,processed\lstm\bach\Prelude_from_Sonata_n6.npz,9433
bach,Tocatto_No1_in_F_Sharp_Minor_BWV_910.mid,processed\lstm\bach\Tocatto_No1_in_F_Sharp_Minor_BWV_910.npz,4167
bach,Toccata_and_Fugue_in_D_minor_BWV_565_Busoni_Piano_Arr.mid,processed\lstm\bach\Toccata_and_Fugue_in_D_minor_BWV_565_Busoni_Piano_Arr.npz,6112
beethoven,32_Variations_on_a_theme.mid,processed\lstm\beethoven\32_Variations_on_a_theme.npz,7318
beethoven,Andante_in_F_Major.mid,processed\lstm\beethoven\Andante_in_F_Major.npz,4323
beethoven,Anh06_Rondo.mid,processed\lstm\beethoven\Anh06_Rondo.npz,4438
beethoven,Anh08Nb1_Gavotte_4_hands.mid,processed\lstm\beethoven\Anh08Nb1_Gavotte_4_hands.npz,1571
beethoven,Bagatella_Fur_Elise.mid,processed\lstm\beethoven\Bagatella_Fur_Elise.npz,950
beethoven,Bagatella_op33_n1.mid,processed\lstm\beethoven\Bagatella_op33_n1.npz,1663
beethoven,Bagatella_op33_n2.mid,processed\lstm\beethoven\Bagatella_op33_n2.npz,1869
beethoven,Bagatella_op33_n3.mid,processed\lstm\beethoven\Bagatella_op33_n3.npz,1019
beethoven,Bagatella_op33_n4.mid,processed\lstm\beethoven\Bagatella_op33_n4.npz,1074
beethoven,Bagatella_op33_n5.mid,processed\lstm\beethoven\Bagatella_op33_n5.npz,2393
beethoven,Bagatella_op33_n6.mid,processed\lstm\beethoven\Bagatella_op33_n6.npz,1017
beethoven,83.mid,processed\lstm\beethoven\83.npz,8119
beethoven,Sonata_No_17_in_D_minor_op_31_No_2__Tempest.mid,processed\lstm\beethoven\Sonata_No_17_in_D_minor_op_31_No_2__Tempest.npz,9982
beethoven,Fur_Elise.mid,processed\lstm\beethoven\Fur_Elise.npz,2102
beethoven,Hess057_Bagatella.mid,processed\lstm\beethoven\Hess057_Bagatella.npz,408
beethoven,Hess059_Exercizio_Per_Pianoforte.mid,processed\lstm\beethoven\Hess059_Exercizio_Per_Pianoforte.npz,461
beethoven,Hess061_Anglaise.mid,processed\lstm\beethoven\Hess061_Anglaise.npz,357
beethoven,Hess063_keyb_Kaplied.mid,processed\lstm\beethoven\Hess063_keyb_Kaplied.npz,141
beethoven,Hess073_Bagatella.mid,processed\lstm\beethoven\Hess073_Bagatella.npz,176
beethoven,Hess074_Bagatella.mid,processed\lstm\beethoven\Hess074_Bagatella.npz,534
beethoven,HessA21_Bagatella.mid,processed\lstm\beethoven\HessA21_Bagatella.npz,393
beethoven,Lieder_op46_Adelaide.mid,processed\lstm\beethoven\Lieder_op46_Adelaide.npz,3725
beethoven,Lieder_op48_n1_Bitten.mid,processed\lstm\beethoven\Lieder_op48_n1_Bitten.npz,489
beethoven,Lieder_op48_n2_Die_Liebe_Des_Nachsten.mid,processed\lstm\beethoven\Lieder_op48_n2_Die_Liebe_Des_Nachsten.npz,310
beethoven,Lieder_op48_n3_Vom_Tode.mid,processed\lstm\beethoven\Lieder_op48_n3_Vom_Tode.npz,409
beethoven,Lieder_op48_n4_Die_Ehre_Gottes_Aus_Der_Natur.mid,processed\lstm\beethoven\Lieder_op48_n4_Die_Ehre_Gottes_Aus_Der_Natur.npz,708
beethoven,Lieder_op48_n5_Gottes_Macht_Und_Vorsehung.mid,processed\lstm\beethoven\Lieder_op48_n5_Gottes_Macht_Und_Vorsehung.npz,196
beethoven,Lieder_op48_n6_Busslied.mid,processed\lstm\beethoven\Lieder_op48_n6_Busslied.npz,1977
beethoven,Lieder_op82_n1_Dimmi_Den_Mio_Che_Mi_Ami.mid,processed\lstm\beethoven\Lieder_op82_n1_Dimmi_Den_Mio_Che_Mi_Ami.npz,1202
beethoven,Lieder_op99_Der_Mann_Von_Wort.mid,processed\lstm\beethoven\Lieder_op99_Der_Mann_Von_Wort.npz,817
beethoven,March_No3.mid,processed\lstm\beethoven\March_No3.npz,10415
beethoven,Minuetto.mid,processed\lstm\beethoven\Minuetto.npz,352
beethoven,Op51.mid,processed\lstm\beethoven\Op51.npz,2702
beethoven,op051_3_Rondos.mid,processed\lstm\beethoven\op051_3_Rondos.npz,6664
beethoven,op077_Fantaisie.mid,processed\lstm\beethoven\op077_Fantaisie.npz,4879
beethoven,op089_Polonaise.mid,processed\lstm\beethoven\op089_Polonaise.npz,4458
beethoven,op119_Douze_Bagatellas.mid,processed\lstm\beethoven\op119_Douze_Bagatellas.npz,5757
beethoven,op126_Six_Bagatellas.mid,processed\lstm\beethoven\op126_Six_Bagatellas.npz,6010
beethoven,Op33_No4.mid,processed\lstm\beethoven\Op33_No4.npz,1060
beethoven,Opus045_Three_Grandes_Marches.mid,processed\lstm\beethoven\Opus045_Three_Grandes_Marches.npz,10495
beethoven,Overture_Corolian_op62.mid,processed\lstm\beethoven\Overture_Corolian_op62.npz,10556
beethoven,Overture_Creatures_Of_Prometeus_op43.mid,processed\lstm\beethoven\Overture_Creatures_Of_Prometeus_op43.npz,9603
beethoven,Overture_Egmont.mid,processed\lstm\beethoven\Overture_Egmont.npz,12755
beethoven,Overture_Fidelio_op72b.mid,processed\lstm\beethoven\Overture_Fidelio_op72b.npz,13251
beethoven,Overture_Inauguration_of_the_House_op214.mid,processed\lstm\beethoven\Overture_Inauguration_of_the_House_op214.npz,25315
beethoven,Overture_King_Stephen.mid,processed\lstm\beethoven\Overture_King_Stephen.npz,17601
beethoven,Overture_Leonore_n2_op72.mid,processed\lstm\beethoven\Overture_Leonore_n2_op72.npz,20394
beethoven,Overture_Leonore_n3_op72.mid,processed\lstm\beethoven\Overture_Leonore_n3_op72.npz,21885
beethoven,Overture_Leonore_op138_n1.mid,processed\lstm\beethoven\Overture_Leonore_op138_n1.npz,12965
beethoven,13.mid,processed\lstm\beethoven\13.npz,36637
beethoven,137.mid,processed\lstm\beethoven\137.npz,7280
beethoven,Piano_Concerto_n1_op15_1mov.mid,processed\lstm\beethoven\Piano_Concerto_n1_op15_1mov.npz,16895
beethoven,Piano_Concerto_n1_op15_2mov.mid,processed\lstm\beethoven\Piano_Concerto_n1_op15_2mov.npz,5692
beethoven,Piano_Concerto_n1_op15_3mov.mid,processed\lstm\beethoven\Piano_Concerto_n1_op15_3mov.npz,15118
beethoven,Piano_Concerto_n2_op19_1mov.mid,processed\lstm\beethoven\Piano_Concerto_n2_op19_1mov.npz,14150
beethoven,Piano_Concerto_n2_op19_2mov.mid,processed\lstm\beethoven\Piano_Concerto_n2_op19_2mov.npz,3987
beethoven,Piano_Concerto_n2_op19_3mov.mid,processed\lstm\beethoven\Piano_Concerto_n2_op19_3mov.npz,8240
beethoven,Piano_Concerto_n3_op37_1mov.mid,processed\lstm\beethoven\Piano_Concerto_n3_op37_1mov.npz,18917
beethoven,Piano_Concerto_n3_op37_2mov.mid,processed\lstm\beethoven\Piano_Concerto_n3_op37_2mov.npz,3818
beethoven,Piano_Concerto_n3_op37_3mov.mid,processed\lstm\beethoven\Piano_Concerto_n3_op37_3mov.npz,14520
beethoven,Piano_Concerto_n4_op58_1mov.mid,processed\lstm\beethoven\Piano_Concerto_n4_op58_1mov.npz,19125
beethoven,Piano_Concerto_n4_op58_2mov.mid,processed\lstm\beethoven\Piano_Concerto_n4_op58_2mov.npz,1678
beethoven,Piano_Concerto_n4_op58_3mov.mid,processed\lstm\beethoven\Piano_Concerto_n4_op58_3mov.npz,13073
beethoven,Piano_Concerto_n5_op73_1mov_Emperor.mid,processed\lstm\beethoven\Piano_Concerto_n5_op73_1mov_Emperor.npz,29540
beethoven,Piano_Concerto_n5_op73_2-3mov_Emperor.mid,processed\lstm\beethoven\Piano_Concerto_n5_op73_2-3mov_Emperor.npz,20530
beethoven,Piano_Concerto_No5Mov1.mid,processed\lstm\beethoven\Piano_Concerto_No5Mov1.npz,26014
beethoven,Piano_Concerto_No5Mov3.mid,processed\lstm\beethoven\Piano_Concerto_No5Mov3.npz,16539
beethoven,Piano_Romance__No50.mid,processed\lstm\beethoven\Piano_Romance__No50.npz,3525
beethoven,Piano_Sonata_No_28_in_B_flat_-Hammerklavier-_Op106_2nd_Mov_Scherzo.mid,processed\lstm\beethoven\Piano_Sonata_No_28_in_B_flat_-Hammerklavier-_Op106_2nd_Mov_Scherzo.npz,1888
beethoven,136.mid,processed\lstm\beethoven\136.npz,8437
beethoven,134.mid,processed\lstm\beethoven\134.npz,7220
beethoven,Piano_Sonata_No27__3rd_mov.mid,processed\lstm\beethoven\Piano_Sonata_No27__3rd_mov.npz,6517
beethoven,Piano_Sonata_No27.mid,processed\lstm\beethoven\Piano_Sonata_No27.npz,1443
beethoven,Piano_Sonata_No2_Assai_vivace.mid,processed\lstm\beethoven\Piano_Sonata_No2_Assai_vivace.npz,1888
beethoven,Piano_Sonata_n01.mid,processed\lstm\beethoven\Piano_Sonata_n01.npz,7332
beethoven,Piano_Sonata_n02.mid,processed\lstm\beethoven\Piano_Sonata_n02.npz,9340
beethoven,Piano_Sonata_n03.mid,processed\lstm\beethoven\Piano_Sonata_n03.npz,11915
beethoven,Piano_Sonata_n04.mid,processed\lstm\beethoven\Piano_Sonata_n04.npz,12248
beethoven,Piano_Sonata_n05.mid,processed\lstm\beethoven\Piano_Sonata_n05.npz,7229
beethoven,Piano_Sonata_n06.mid,processed\lstm\beethoven\Piano_Sonata_n06.npz,7171
beethoven,Piano_Sonata_n07.mid,processed\lstm\beethoven\Piano_Sonata_n07.npz,9201
beethoven,Piano_Sonata_n08_op13_1mov_Pathetique.mid,processed\lstm\beethoven\Piano_Sonata_n08_op13_1mov_Pathetique.npz,5890
beethoven,Piano_Sonata_n08_op13_2mov_Pathetique.mid,processed\lstm\beethoven\Piano_Sonata_n08_op13_2mov_Pathetique.npz,1637
beethoven,Piano_Sonata_n08_op13_3mov_Pathetique.mid,processed\lstm\beethoven\Piano_Sonata_n08_op13_3mov_Pathetique.npz,2391
beethoven,Piano_Sonata_n09.mid,processed\lstm\beethoven\Piano_Sonata_n09.npz,5706
beethoven,Piano_Sonata_n10_1mov.mid,processed\lstm\beethoven\Piano_Sonata_n10_1mov.npz,3395
beethoven,Piano_Sonata_n10_2mov.mid,processed\lstm\beethoven\Piano_Sonata_n10_2mov.npz,2049
beethoven,Piano_Sonata_n10.mid,processed\lstm\beethoven\Piano_Sonata_n10.npz,7428
beethoven,Piano_Sonata_n11.mid,processed\lstm\beethoven\Piano_Sonata_n11.npz,12752
beethoven,Piano_Sonata_n12_op26.mid,processed\lstm\beethoven\Piano_Sonata_n12_op26.npz,9053
beethoven,Piano_Sonata_n13.mid,processed\lstm\beethoven\Piano_Sonata_n13.npz,8347
beethoven,Piano_Sonata_n14_op27__Moonlight.mid,processed\lstm\beethoven\Piano_Sonata_n14_op27__Moonlight.npz,8613
beethoven,Piano_Sonata_n14_op27_1mov_Moonlight.mid,processed\lstm\beethoven\Piano_Sonata_n14_op27_1mov_Moonlight.npz,1144
beethoven,Piano_Sonata_n14_op27_2mov_Moonlight.mid,processed\lstm\beethoven\Piano_Sonata_n14_op27_2mov_Moonlight.npz,895
beethoven,Piano_Sonata_n14_op27_3mov_Moonlight.mid,processed\lstm\beethoven\Piano_Sonata_n14_op27_3mov_Moonlight.npz,6532
beethoven,Piano_Sonata_n15_Pastoral.mid,processed\lstm\beethoven\Piano_Sonata_n15_Pastoral.npz,11581
beethoven,Piano_Sonata_n15_2mov_Pastoral.mid,processed\lstm\beethoven\Piano_Sonata_n15_2mov_Pastoral.npz,2390
beethoven,Piano_Sonata_n15_3mov_Pastoral.mid,processed\lstm\beethoven\Piano_Sonata_n15_3mov_Pastoral.npz,1212
beethoven,Piano_Sonata_n16.mid,processed\lstm\beethoven\Piano_Sonata_n16.npz,12239
beethoven,Piano_Sonata_n17_Tempestat.mid,processed\lstm\beethoven\Piano_Sonata_n17_Tempestat.npz,7905
beethoven,Piano_Sonata_n18_The_Hunt.mid,processed\lstm\beethoven\Piano_Sonata_n18_The_Hunt.npz,8972
beethoven,Piano_Sonata_n19.mid,processed\lstm\beethoven\Piano_Sonata_n19.npz,3362
beethoven,Piano_Sonata_n20.mid,processed\lstm\beethoven\Piano_Sonata_n20.npz,2937
beethoven,Piano_Sonata_n21_1mov_Waldstein.mid,processed\lstm\beethoven\Piano_Sonata_n21_1mov_Waldstein.npz,8573
beethoven,Piano_Sonata_n21_2mov_Waldstein.mid,processed\lstm\beethoven\Piano_Sonata_n21_2mov_Waldstein.npz,493
beethoven,Piano_Sonata_n21_3mov_Waldstein.mid,processed\lstm\beethoven\Piano_Sonata_n21_3mov_Waldstein.npz,7359
beethoven,Piano_Sonata_n22.mid,processed\lstm\beethoven\Piano_Sonata_n22.npz,5802
beethoven,Piano_Sonata_n23_op57_1mov_Apassionata.mid,processed\lstm\beethoven\Piano_Sonata_n23_op57_1mov_Apassionata.npz,6377
beethoven,Piano_Sonata_n23_op57_2mov_Apassionata.mid,processed\lstm\beethoven\Piano_Sonata_n23_op57_2mov_Apassionata.npz,1981
beethoven,Piano_Sonata_n23_op57_3mov_Apassionata.mid,processed\lstm\beethoven\Piano_Sonata_n23_op57_3mov_Apassionata.npz,7223
beethoven,Piano_Sonata_n24.mid,processed\lstm\beethoven\Piano_Sonata_n24.npz,4619
beethoven,Piano_Sonata_n25.mid,processed\lstm\beethoven\Piano_Sonata_n25.npz,4260
beethoven,Piano_sonata_n26_Les_Adieux.mid,processed\lstm\beethoven\Piano_sonata_n26_Les_Adieux.npz,7416
beethoven,Piano_Sonata_n27.mid,processed\lstm\beethoven\Piano_Sonata_n27.npz,6643
beethoven,Piano_Sonata_n28.mid,processed\lstm\beethoven\Piano_Sonata_n28.npz,8467
beethoven,Piano_Sonata_n29_Op106_Hammerklavier.mid,processed\lstm\beethoven\Piano_Sonata_n29_Op106_Hammerklavier.npz,24208
beethoven,Piano_Sonata_n30.mid,processed\lstm\beethoven\Piano_Sonata_n30.npz,8713
beethoven,Piano_Sonata_n31_op110.mid,processed\lstm\beethoven\Piano_Sonata_n31_op110.npz,8075
beethoven,Piano_sonata_n32_op111.mid,processed\lstm\beethoven\Piano_sonata_n32_op111.npz,13470
beethoven,Piano_Sonatina_in_G_Op79.mid,processed\lstm\beethoven\Piano_Sonatina_in_G_Op79.npz,5930
beethoven,Piano_Sonatina_No2_Op_49.mid,processed\lstm\beethoven\Piano_Sonatina_No2_Op_49.npz,3422
beethoven,Preludes_2_Through_Major_keys_39.mid,processed\lstm\beethoven\Preludes_2_Through_Major_keys_39.npz,2546
beethoven,Rage_over_a_lost_pennny.mid,processed\lstm\beethoven\Rage_over_a_lost_pennny.npz,5595
beethoven,Romance_piano.mid,processed\lstm\beethoven\Romance_piano.npz,3525
beethoven,Rondo_in_B_flat.mid,processed\lstm\beethoven\Rondo_in_B_flat.npz,4393
beethoven,Rondo_Opus51_No1.mid,processed\lstm\beethoven\Rondo_Opus51_No1.npz,2689
beethoven,Rondo_Opus51_No2.mid,processed\lstm\beethoven\Rondo_Opus51_No2.npz,3991
beethoven,Sechs_Variationen.mid,processed\lstm\beethoven\Sechs_Variationen.npz,2479
beethoven,Seven_Inversions_of_God_Save_the_King.mid,processed\lstm\beethoven\Seven_Inversions_of_God_Save_the_King.npz,3774
beethoven,Sieben_Bagatellen_C_Major_Opus33_No2.mid,processed\lstm\beethoven\Sieben_Bagatellen_C_Major_Opus33_No2.npz,1869
beethoven,Sieben_Bagatellen_in_A_Major_Opus33_No4.mid,processed\lstm\beethoven\Sieben_Bagatellen_in_A_Major_Opus33_No4.npz,1074
beethoven,Sieben_Bagatellen_in_C_Major_Opus33_No5.mid,processed\lstm\beethoven\Sieben_Bagatellen_in_C_Major_Opus33_No5.npz,2393
beethoven,Sieben_Bagatellen_in_D_Major_Opus33_No6.mid,processed\lstm\beethoven\Sieben_Bagatellen_in_D_Major_Opus33_No6.npz,1017
beethoven,Sieben_Bagatellen_in_E_flat_Major_Opus33_No1.mid,processed\lstm\beethoven\Sieben_Bagatellen_in_E_flat_Major_Opus33_No1.npz,1663
beethoven,Sieben_Bagatellen_in_F_Major_Opus33_No3.mid,processed\lstm\beethoven\Sieben_Bagatellen_in_F_Major_Opus33_No3.npz,1019
beethoven,Sketch_for_Piano_Alla_Marcia.mid,processed\lstm\beethoven\Sketch_for_Piano_Alla_Marcia.npz,252
beethoven,Sketch_for_Piano_Allegretto.mid,processed\lstm\beethoven\Sketch_for_Piano_Allegretto.npz,350
beethoven,Sketch_for_Piano_Allegro_Giocoso.mid,processed\lstm\beethoven\Sketch_for_Piano_Allegro_Giocoso.npz,133
beethoven,Sketch_for_Piano_Allegro.mid,processed\lstm\beethoven\Sketch_for_Piano_Allegro.npz,214
beethoven,Sketch_for_Piano_Presto.mid,processed\lstm\beethoven\Sketch_for_Piano_Presto.npz,690
beethoven,Sonata_for_Piano__Cello_n2_op05.mid,processed\lstm\beethoven\Sonata_for_Piano__Cello_n2_op05.npz,7280
beethoven,Sonata_in_Bflat_Major_Op106.mid,processed\lstm\beethoven\Sonata_in_Bflat_Major_Op106.npz,1888
beethoven,122.mid,processed\lstm\beethoven\122.npz,6311
beethoven,Sonata_No14_Op_27_Moonlight_Sonata.mid,processed\lstm\beethoven\Sonata_No14_Op_27_Moonlight_Sonata.npz,1145
beethoven,Sonata_No14_Op_27_Sonata_Quasi_Una_Fantasia.mid,processed\lstm\beethoven\Sonata_No14_Op_27_Sonata_Quasi_Una_Fantasia.npz,894
beethoven,Sonata_op78_1st_mov.mid,processed\lstm\beethoven\Sonata_op78_1st_mov.npz,3362
beethoven,Sonata_Opus81a_-Les_Adieux-_E_flat_No1.mid,processed\lstm\beethoven\Sonata_Opus81a_-Les_Adieux-_E_flat_No1.npz,3319
beethoven,Sonata_Opus81a_-Les_Adieux-_E_flat_No2__3.mid,processed\lstm\beethoven\Sonata_Opus81a_-Les_Adieux-_E_flat_No2__3.npz,6228
beethoven,Sonata_Presto.mid,processed\lstm\beethoven\Sonata_Presto.npz,3422
beethoven,Sonata_Opus111_C_minor_No1.mid,processed\lstm\beethoven\Sonata_Opus111_C_minor_No1.npz,5477
beethoven,Sonata_Opus111_C_minor_No2.mid,processed\lstm\beethoven\Sonata_Opus111_C_minor_No2.npz,8036
beethoven,Sonatina_Fa_maj_woo.mid,processed\lstm\beethoven\Sonatina_Fa_maj_woo.npz,2387
beethoven,Sonatina_In_C.mid,processed\lstm\beethoven\Sonatina_In_C.npz,2854
beethoven,Sonatina_n1_op05.mid,processed\lstm\beethoven\Sonatina_n1_op05.npz,1164
beethoven,Sonatina_op33_4mov.mid,processed\lstm\beethoven\Sonatina_op33_4mov.npz,1060
beethoven,Sonatina_WoO050.mid,processed\lstm\beethoven\Sonatina_WoO050.npz,1845
beethoven,String_Quartet_n1_op18_1mov.mid,processed\lstm\beethoven\String_Quartet_n1_op18_1mov.npz,6101
beethoven,String_Quartet_n1_op18_2mov.mid,processed\lstm\beethoven\String_Quartet_n1_op18_2mov.npz,3220
beethoven,String_Quartet_n1_op18_3mov.mid,processed\lstm\beethoven\String_Quartet_n1_op18_3mov.npz,3190
beethoven,String_Quartet_n1_op18_4mov.mid,processed\lstm\beethoven\String_Quartet_n1_op18_4mov.npz,5386
beethoven,String_Quartet_n16_op135_1mov.mid,processed\lstm\beethoven\String_Quartet_n16_op135_1mov.npz,3369
beethoven,String_Quartet_n16_op135_2mov.mid,processed\lstm\beethoven\String_Quartet_n16_op135_2mov.npz,3927
beethoven,String_Quartet_n16_op135_3mov.mid,processed\lstm\beethoven\String_Quartet_n16_op135_3mov.npz,1063
beethoven,String_Quartet_n16_op135_4mov.mid,processed\lstm\beethoven\String_Quartet_n16_op135_4mov.npz,6258
beethoven,String_Quartet_n2_op18_n2_1mov.mid,processed\lstm\beethoven\String_Quartet_n2_op18_n2_1mov.npz,4208
beethoven,String_Quartet_n2_op18_n2_2mov.mid,processed\lstm\beethoven\String_Quartet_n2_op18_n2_2mov.npz,2243
beethoven,String_Quartet_n2_op18_n2_3mov.mid,processed\lstm\beethoven\String_Quartet_n2_op18_n2_3mov.npz,3012
beethoven,String_Quartet_n2_op18_n2_4mov.mid,processed\lstm\beethoven\String_Quartet_n2_op18_n2_4mov.npz,4146
beethoven,Symphony_n1_1mov.mid,processed\lstm\beethoven\Symphony_n1_1mov.npz,16262
beethoven,Symphony_n1_2mov.mid,processed\lstm\beethoven\Symphony_n1_2mov.npz,7471
beethoven,Symphony_n1_3mov.mid,processed\lstm\beethoven\Symphony_n1_3mov.npz,6915
beethoven,Symphony_n1_4mov.mid,processed\lstm\beethoven\Symphony_n1_4mov.npz,11008
beethoven,Symphony_n2_op36_1mov.mid,processed\lstm\beethoven\Symphony_n2_op36_1mov.npz,24374
beethoven,Symphony_n2_op36_2mov.mid,processed\lstm\beethoven\Symphony_n2_op36_2mov.npz,8754
beethoven,Symphony_n2_op36_3mov.mid,processed\lstm\beethoven\Symphony_n2_op36_3mov.npz,5610
beethoven,Symphony_n2_op36_4mov.mid,processed\lstm\beethoven\Symphony_n2_op36_4mov.npz,14130
beethoven,Symphony_n3_1mov_Eroica.mid,processed\lstm\beethoven\Symphony_n3_1mov_Eroica.npz,30730
beethoven,Symphony_n3_2mov_Eroica.mid,processed\lstm\beethoven\Symphony_n3_2mov_Eroica.npz,9863
beethoven,Symphony_n3_3mov_Eroica.mid,processed\lstm\beethoven\Symphony_n3_3mov_Eroica.npz,11873
beethoven,Symphony_n3_4mov_Eroica.mid,processed\lstm\beethoven\Symphony_n3_4mov_Eroica.npz,17326
beethoven,Symphony_n4_1mov.mid,processed\lstm\beethoven\Symphony_n4_1mov.npz,17243
beethoven,Symphony_n4_2mov.mid,processed\lstm\beethoven\Symphony_n4_2mov.npz,6611
beethoven,Symphony_n4_3mov.mid,processed\lstm\beethoven\Symphony_n4_3mov.npz,8843
beethoven,Symphony_n4_4mov.mid,processed\lstm\beethoven\Symphony_n4_4mov.npz,14658
beethoven,Symphony_n5_op67_1mov.mid,processed\lstm\beethoven\Symphony_n5_op67_1mov.npz,9305
beethoven,Symphony_n5_op67_3-4mov.mid,processed\lstm\beethoven\Symphony_n5_op67_3-4mov.npz,33835
beethoven,Symphony_n7_1mov.mid,processed\lstm\beethoven\Symphony_n7_1mov.npz,25182
beethoven,Symphony_n7_2mov.mid,processed\lstm\beethoven\Symphony_n7_2mov.npz,6059
beethoven,Symphony_n7_3mov.mid,processed\lstm\beethoven\Symphony_n7_3mov.npz,16481
beethoven,Symphony_n7_4mov.mid,processed\lstm\beethoven\Symphony_n7_4mov.npz,25970
beethoven,Symphony_op125_n9_1mov_Choral.mid,processed\lstm\beethoven\Symphony_op125_n9_1mov_Choral.npz,29473
beethoven,Symphony_op125_n9_2mov_Choral.mid,processed\lstm\beethoven\Symphony_op125_n9_2mov_Choral.npz,34356
beethoven,Symphony_op125_n9_3mov_Choral.mid,processed\lstm\beethoven\Symphony_op125_n9_3mov_Choral.npz,8498
beethoven,Symphony_op125_n9_4mov_Choral.mid,processed\lstm\beethoven\Symphony_op125_n9_4mov_Choral.npz,46897
beethoven,Symphony_op68_n6_Pastorale.mid,processed\lstm\beethoven\Symphony_op68_n6_Pastorale.npz,44853
beethoven,Symphony_op68_n6_1mov_Pastorale.mid,processed\lstm\beethoven\Symphony_op68_n6_1mov_Pastorale.npz,16013
beethoven,Symphony_op68_n6_2mov_Pastorale.mid,processed\lstm\beethoven\Symphony_op68_n6_2mov_Pastorale.npz,13613
beethoven,Symphony_op68_n6_3mov_Pastorale.mid,processed\lstm\beethoven\Symphony_op68_n6_3mov_Pastorale.npz,32982
beethoven,Symphony_op93_n8_1mov.mid,processed\lstm\beethoven\Symphony_op93_n8_1mov.npz,19577
beethoven,Symphony_op93_n8_2mov.mid,processed\lstm\beethoven\Symphony_op93_n8_2mov.npz,5730
beethoven,Symphony_op93_n8_3mov.mid,processed\lstm\beethoven\Symphony_op93_n8_3mov.npz,5930
beethoven,Symphony_op93_n8_4mov.mid,processed\lstm\beethoven\Symphony_op93_n8_4mov.npz,20768
beethoven,Violin_Concerto_op61_1mov.mid,processed\lstm\beethoven\Violin_Concerto_op61_1mov.npz,19880
beethoven,Violin_Concerto_op61_2-3movs.mid,processed\lstm\beethoven\Violin_Concerto_op61_2-3movs.npz,13628
beethoven,WoO010_Six_Menuets_for_Orchestra.mid,processed\lstm\beethoven\WoO010_Six_Menuets_for_Orchestra.npz,4482
beethoven,WoO048_Rondo.mid,processed\lstm\beethoven\WoO048_Rondo.npz,1203
beethoven,WoO049_Rondo.mid,processed\lstm\beethoven\WoO049_Rondo.npz,1187
beethoven,WoO051_Sonatina_1-2_movs.mid,processed\lstm\beethoven\WoO051_Sonatina_1-2_movs.npz,2998
beethoven,WoO052_Bagatella.mid,processed\lstm\beethoven\WoO052_Bagatella.npz,4066
beethoven,WoO054_Lustig_Traurig.mid,processed\lstm\beethoven\WoO054_Lustig_Traurig.npz,636
beethoven,WoO055_Prelude.mid,processed\lstm\beethoven\WoO055_Prelude.npz,883
beethoven,WoO056_Bagatella.mid,processed\lstm\beethoven\WoO056_Bagatella.npz,695
beethoven,WoO060_Mouvement_Pour_Piano.mid,processed\lstm\beethoven\WoO060_Mouvement_Pour_Piano.npz,303
beethoven,WoO061_Mouvement_Pour_Piano.mid,processed\lstm\beethoven\WoO061_Mouvement_Pour_Piano.npz,486
beethoven,WoO061a_Mouvement_Pour_Piano.mid,processed\lstm\beethoven\WoO061a_Mouvement_Pour_Piano.npz,90
beethoven,WoO081_Allemande.mid,processed\lstm\beethoven\WoO081_Allemande.npz,604
beethoven,WoO082_Menuet.mid,processed\lstm\beethoven\WoO082_Menuet.npz,1780
beethoven,WoO083_Six_Escotish_Dances_for_Piano.mid,processed\lstm\beethoven\WoO083_Six_Escotish_Dances_for_Piano.npz,1239
beethoven,WoO086_Scotish.mid,processed\lstm\beethoven\WoO086_Scotish.npz,211
chopin,2542Prelude_opus28_No16_in_B_flat_minor.mid,processed\lstm\chopin\2542Prelude_opus28_No16_in_B_flat_minor.npz,1199
chopin,19_Polish_Songs_for_Solo_Voice_and_Piano_accomplements_No10.mid,processed\lstm\chopin\19_Polish_Songs_for_Solo_Voice_and_Piano_accomplements_No10.npz,1742
chopin,19_Polish_Songs_for_Solo_Voice_and_Piano_accomplements_No11.mid,processed\lstm\chopin\19_Polish_Songs_for_Solo_Voice_and_Piano_accomplements_No11.npz,669
chopin,19_Polish_Songs_for_Solo_Voice_and_Piano_accomplements_No12.mid,processed\lstm\chopin\19_Polish_Songs_for_Solo_Voice_and_Piano_accomplements_No12.npz,682
chopin,19_Polish_Songs_for_Solo_Voice_and_Piano_accomplements_No13.mid,processed\lstm\chopin\19_Polish_Songs_for_Solo_Voice_and_Piano_accomplements_No13.npz,1062
chopin,19_Polish_Songs_for_Solo_Voice_and_Piano_accomplements_No14.mid,processed\lstm\chopin\19_Polish_Songs_for_Solo_Voice_and_Piano_accomplements_No14.npz,602
chopin,19_Polish_Songs_for_Solo_Voice_and_Piano_accomplements_No15.mid,processed\lstm\chopin\19_Polish_Songs_for_Solo_Voice_and_Piano_accomplements_No15.npz,1580
chopin,19_Polish_Songs_for_Solo_Voice_and_Piano_accomplements_No16.mid,processed\lstm\chopin\19_Polish_Songs_for_Solo_Voice_and_Piano_accomplements_No16.npz,1021
chopin,19_Polish_Songs_for_Solo_Voice_and_Piano_accomplements_No17.mid,processed\lstm\chopin\19_Polish_Songs_for_Solo_Voice_and_Piano_accomplements_No17.npz,1702
chopin,19_Polish_Songs_for_Solo_Voice_and_Piano_accomplements_No18.mid,processed\lstm\chopin\19_Polish_Songs_for_Solo_Voice_and_Piano_accomplements_No18.npz,1411
chopin,19_Polish_Songs_for_Solo_Voice_and_Piano_accomplements_No19.mid,processed\lstm\chopin\19_Polish_Songs_for_Solo_Voice_and_Piano_accomplements_No19.npz,358
chopin,19_Polish_Songs_for_Solo_Voice_and_Piano_accomplements_No2.mid,processed\lstm\chopin\19_Polish_Songs_for_Solo_Voice_and_Piano_accomplements_No2.npz,778
chopin,19_Polish_Songs_for_Solo_Voice_and_Piano_accomplements_No3.mid,processed\lstm\chopin\19_Polish_Songs_for_Solo_Voice_and_Piano_accomplements_No3.npz,907
chopin,19_Polish_Songs_for_Solo_Voice_and_Piano_accomplements_No4.mid,processed\lstm\chopin\19_Polish_Songs_for_Solo_Voice_and_Piano_accomplements_No4.npz,1768
chopin,19_Polish_Songs_for_Solo_Voice_and_Piano_accomplements_No5.mid,processed\lstm\chopin\19_Polish_Songs_for_Solo_Voice_and_Piano_accomplements_No5.npz,394
chopin,19_Polish_Songs_for_Solo_Voice_and_Piano_accomplements_No6.mid,processed\lstm\chopin\19_Polish_Songs_for_Solo_Voice_and_Piano_accomplements_No6.npz,981
chopin,19_Polish_Songs_for_Solo_Voice_and_Piano_accomplements_No7.mid,processed\lstm\chopin\19_Polish_Songs_for_Solo_Voice_and_Piano_accomplements_No7.npz,1050
chopin,19_Polish_Songs_for_Solo_Voice_and_Piano_accomplements_No8.mid,processed\lstm\chopin\19_Polish_Songs_for_Solo_Voice_and_Piano_accomplements_No8.npz,1043
chopin,19_Polish_Songs_for_Solo_Voice_and_Piano_accomplements_No9.mid,processed\lstm\chopin\19_Polish_Songs_for_Solo_Voice_and_Piano_accomplements_No9.npz,493
chopin,2_Polonaises_op26_n1.mid,processed\lstm\chopin\2_Polonaises_op26_n1.npz,3602
chopin,Ballad_op32.mid,processed\lstm\chopin\Ballad_op32.npz,5028
chopin,Ballad_op53.mid,processed\lstm\chopin\Ballad_op53.npz,6052
chopin,Ballade_No2_in_F_Major.mid,processed\lstm\chopin\Ballade_No2_in_F_Major.npz,4240
chopin,Barcarolle_in_F_sharp_Major.mid,processed\lstm\chopin\Barcarolle_in_F_sharp_Major.npz,4793
chopin,Ecossaise_No2_in_G.mid,processed\lstm\chopin\Ecossaise_No2_in_G.npz,438
chopin,Etude_No1.mid,processed\lstm\chopin\Etude_No1.npz,1364
chopin,Etude_No2_in_A_Minor.mid,processed\lstm\chopin\Etude_No2_in_A_Minor.npz,1458
chopin,Etude_No7_in_C_Major_Opus10_No7.mid,processed\lstm\chopin\Etude_No7_in_C_Major_Opus10_No7.npz,1785
chopin,Etude_Op_25_No1.mid,processed\lstm\chopin\Etude_Op_25_No1.npz,3656
chopin,Etude_op_10-5_Black_keys.mid,processed\lstm\chopin\Etude_op_10-5_Black_keys.npz,1629
chopin,Etude_Op10_No11.mid,processed\lstm\chopin\Etude_Op10_No11.npz,1963
chopin,Etude_op10_n01.mid,processed\lstm\chopin\Etude_op10_n01.npz,1337
chopin,Etude_op10_n02.mid,processed\lstm\chopin\Etude_op10_n02.npz,1458
chopin,Etude_op10_n03.mid,processed\lstm\chopin\Etude_op10_n03.npz,1884
chopin,Etude_op10_n04_Drchew.mid,processed\lstm\chopin\Etude_op10_n04_Drchew.npz,2204
chopin,Etude_op10_n05_Black_Key.mid,processed\lstm\chopin\Etude_op10_n05_Black_Key.npz,1631
chopin,Etude_op10_n06.mid,processed\lstm\chopin\Etude_op10_n06.npz,948
chopin,Etude_op10_n07.mid,processed\lstm\chopin\Etude_op10_n07.npz,1785
chopin,Etude_op10_n08.mid,processed\lstm\chopin\Etude_op10_n08.npz,2303
chopin,Etude_op10_n09.mid,processed\lstm\chopin\Etude_op10_n09.npz,1234
chopin,Etude_op10_n10.mid,processed\lstm\chopin\Etude_op10_n10.npz,2231
chopin,Etude_op10_n11.mid,processed\lstm\chopin\Etude_op10_n11.npz,1984
chopin,Etude_op10_n12_Revolutionary.mid,processed\lstm\chopin\Etude_op10_n12_Revolutionary.npz,2088
chopin,Etude_op25_n01_Harp_Etude.mid,processed\lstm\chopin\Etude_op25_n01_Harp_Etude.npz,2393
chopin,Etude_op25_n02.mid,processed\lstm\chopin\Etude_op25_n02.npz,1203
chopin,Etude_op25_n03.mid,processed\lstm\chopin\Etude_op25_n03.npz,1693
chopin,Etude_op25_n04.mid,processed\lstm\chopin\Etude_op25_n04.npz,1504
chopin,Etude_op25_n05.mid,processed\lstm\chopin\Etude_op25_n05.npz,2192
chopin,Etude_op25_n06.mid,processed\lstm\chopin\Etude_op25_n06.npz,2510
chopin,Etude_op25_n07.mid,processed\lstm\chopin\Etude_op25_n07.npz,1631
chopin,Etude_op25_n08.mid,processed\lstm\chopin\Etude_op25_n08.npz,1555
chopin,Etude_op25_n09.mid,processed\lstm\chopin\Etude_op25_n09.npz,1049
chopin,Etude_op25_n10.mid,processed\lstm\chopin\Etude_op25_n10.npz,3357
chopin,Etude_op25_n11_Winter_Wind.mid,processed\lstm\chopin\Etude_op25_n11_Winter_Wind.npz,3170
chopin,Etude_op25_n12_The_Ocean.mid,processed\lstm\chopin\Etude_op25_n12_The_Ocean.npz,2634
chopin,Fantasie_Impromptu_op66.mid,processed\lstm\chopin\Fantasie_Impromptu_op66.npz,3046
chopin,Finale_to_B_Minor_Paino_Sonata.mid,processed\lstm\chopin\Finale_to_B_Minor_Paino_Sonata.npz,4851
chopin,Grande_Waltz_op18.mid,processed\lstm\chopin\Grande_Waltz_op18.npz,4413
chopin,Imprompt_Fantastique.mid,processed\lstm\chopin\Imprompt_Fantastique.npz,3049
chopin,Impromptu_n3_op51.mid,processed\lstm\chopin\Impromptu_n3_op51.npz,2434
chopin,Mazurka_op30_n2_Drchew.mid,processed\lstm\chopin\Mazurka_op30_n2_Drchew.npz,787
chopin,Mazurka_op33_n2_Drchew.mid,processed\lstm\chopin\Mazurka_op33_n2_Drchew.npz,1680
chopin,Mazurka_op67_n3_Drchew.mid,processed\lstm\chopin\Mazurka_op67_n3_Drchew.npz,708
chopin,Mazurka_op68_n2_Drchew.mid,processed\lstm\chopin\Mazurka_op68_n2_Drchew.npz,773
chopin,Mazurka_op7_n1.mid,processed\lstm\chopin\Mazurka_op7_n1.npz,1229
chopin,Mazurka_op7_n2.mid,processed\lstm\chopin\Mazurka_op7_n2.npz,1207
chopin,Nocturne_No1_Opus62.mid,processed\lstm\chopin\Nocturne_No1_Opus62.npz,2048
chopin,Nocturne_No15_in_F_Minor_Opus55_-1.mid,processed\lstm\chopin\Nocturne_No15_in_F_Minor_Opus55_-1.npz,1456
chopin,Nocturne_No18_in_E_Major_Op62.mid,processed\lstm\chopin\Nocturne_No18_in_E_Major_Op62.npz,1787
chopin,Nocturne_op09_n2.mid,processed\lstm\chopin\Nocturne_op09_n2.npz,1298
chopin,Nocturne_op09_n3.mid,processed\lstm\chopin\Nocturne_op09_n3.npz,2430
chopin,Nocturne_op15_n2.mid,processed\lstm\chopin\Nocturne_op15_n2.npz,1151
chopin,Nocturne_op15_n3.mid,processed\lstm\chopin\Nocturne_op15_n3.npz,1094
chopin,Nocturne_op27_n1.mid,processed\lstm\chopin\Nocturne_op27_n1.npz,1633
chopin,Nocturne_op27_n2.mid,processed\lstm\chopin\Nocturne_op27_n2.npz,1831
chopin,Nocturne_op32_n1.mid,processed\lstm\chopin\Nocturne_op32_n1.npz,1281
chopin,Nocturne_op32_n2.mid,processed\lstm\chopin\Nocturne_op32_n2.npz,2405
chopin,Nocturne_op33_n2.mid,processed\lstm\chopin\Nocturne_op33_n2.npz,1933
chopin,Nocturne_op33_n4.mid,processed\lstm\chopin\Nocturne_op33_n4.npz,2165
chopin,Nocturne_op37_01.mid,processed\lstm\chopin\Nocturne_op37_01.npz,1546
chopin,Nocturne_op37_n2.mid,processed\lstm\chopin\Nocturne_op37_n2.npz,1876
chopin,Nocturne_op48_n1.mid,processed\lstm\chopin\Nocturne_op48_n1.npz,3195
chopin,Nocturne_op48_n2.mid,processed\lstm\chopin\Nocturne_op48_n2.npz,2083
chopin,Nocturne_op55_n1.mid,processed\lstm\chopin\Nocturne_op55_n1.npz,1456
chopin,Nocturne_op55_n2.mid,processed\lstm\chopin\Nocturne_op55_n2.npz,1475
chopin,Nocturne_op62_n2.mid,processed\lstm\chopin\Nocturne_op62_n2.npz,1787
chopin,Nocturne_op72_n1.mid,processed\lstm\chopin\Nocturne_op72_n1.npz,1180
chopin,Op53_Polonaise_in_A_flat_Heroic.mid,processed\lstm\chopin\Op53_Polonaise_in_A_flat_Heroic.npz,6178
chopin,Piano_Concerto_n1_op11_1mov.mid,processed\lstm\chopin\Piano_Concerto_n1_op11_1mov.npz,19929
chopin,Piano_Concerto_n1_op11_2mov.mid,processed\lstm\chopin\Piano_Concerto_n1_op11_2mov.npz,4116
chopin,Piano_Concerto_n1_op11_3mov.mid,processed\lstm\chopin\Piano_Concerto_n1_op11_3mov.npz,14052
chopin,Piano_Concerto_n2_1mov.mid,processed\lstm\chopin\Piano_Concerto_n2_1mov.npz,13682
chopin,Piano_Concerto_n2_2mov.mid,processed\lstm\chopin\Piano_Concerto_n2_2mov.npz,8880
chopin,Piano_Concerto_n2_3mov.mid,processed\lstm\chopin\Piano_Concerto_n2_3mov.npz,10120
chopin,Polonaise_Opus40_No1_Military.mid,processed\lstm\chopin\Polonaise_Opus40_No1_Military.npz,5550
chopin,Prelude_n01_op28_Reunion.mid,processed\lstm\chopin\Prelude_n01_op28_Reunion.npz,327
chopin,Prelude_n02_op28_Presentiment_of_Death.mid,processed\lstm\chopin\Prelude_n02_op28_Presentiment_of_Death.npz,342
chopin,Prelude_n03_op28_Thou_Art_So_Like_A_Flower.mid,processed\lstm\chopin\Prelude_n03_op28_Thou_Art_So_Like_A_Flower.npz,663
chopin,Prelude_n04_op28_Suffocation.mid,processed\lstm\chopin\Prelude_n04_op28_Suffocation.npz,604
chopin,Prelude_n05_op28_Uncertainty.mid,processed\lstm\chopin\Prelude_n05_op28_Uncertainty.npz,460
chopin,Prelude_n06_op28_Tolling_Bells.mid,processed\lstm\chopin\Prelude_n06_op28_Tolling_Bells.npz,405
chopin,Prelude_n07_op28_The_Polish_Dance.mid,processed\lstm\chopin\Prelude_n07_op28_The_Polish_Dance.npz,164
chopin,Prelude_n08_op28_Desparation.mid,processed\lstm\chopin\Prelude_n08_op28_Desparation.npz,1560
chopin,Prelude_n09_op28_Vision.mid,processed\lstm\chopin\Prelude_n09_op28_Vision.npz,413
chopin,Prelude_n10_op28_The_Night_Moth.mid,processed\lstm\chopin\Prelude_n10_op28_The_Night_Moth.npz,321
chopin,Prelude_n11_op28_Dragonfly.mid,processed\lstm\chopin\Prelude_n11_op28_Dragonfly.npz,321
chopin,Prelude_n12_op28_Duel.mid,processed\lstm\chopin\Prelude_n12_op28_Duel.npz,1225
chopin,Prelude_n13_op28_Loss.mid,processed\lstm\chopin\Prelude_n13_op28_Loss.npz,904
chopin,Prelude_n14_op28_Fear.mid,processed\lstm\chopin\Prelude_n14_op28_Fear.npz,434
chopin,Prelude_n15_op28_Raindrop.mid,processed\lstm\chopin\Prelude_n15_op28_Raindrop.npz,1518
chopin,Prelude_n16_op28_Hades.mid,processed\lstm\chopin\Prelude_n16_op28_Hades.npz,1198
chopin,Prelude_n17_op28_Scene_On_the_Place_of_Notre_Dame.mid,processed\lstm\chopin\Prelude_n17_op28_Scene_On_the_Place_of_Notre_Dame.npz,2496
chopin,Prelude_n18_op28_Suicide.mid,processed\lstm\chopin\Prelude_n18_op28_Suicide.npz,573
chopin,Prelude_n19_op28.mid,processed\lstm\chopin\Prelude_n19_op28.npz,1237
chopin,Prelude_n20_op28_Funeral_March.mid,processed\lstm\chopin\Prelude_n20_op28_Funeral_March.npz,286
chopin,Prelude_n21_op28_Sunday.mid,processed\lstm\chopin\Prelude_n21_op28_Sunday.npz,871
chopin,Prelude_n22_op28_Impatience.mid,processed\lstm\chopin\Prelude_n22_op28_Impatience.npz,631
chopin,Prelude_n23_op28_A_Pleasure_Boat.mid,processed\lstm\chopin\Prelude_n23_op28_A_Pleasure_Boat.npz,527
chopin,Prelude_n24_op28_The_Storm.mid,processed\lstm\chopin\Prelude_n24_op28_The_Storm.npz,1371
chopin,Prelude_op28-15_Raindrop.mid,processed\lstm\chopin\Prelude_op28-15_Raindrop.npz,1516
chopin,Revolutionary.mid,processed\lstm\chopin\Revolutionary.npz,2113
chopin,Scherzo_n1_op20.mid,processed\lstm\chopin\Scherzo_n1_op20.npz,4794
chopin,Scherzo_No2_Opus31.mid,processed\lstm\chopin\Scherzo_No2_Opus31.npz,5959
chopin,Scherzo_op31.mid,processed\lstm\chopin\Scherzo_op31.npz,5975
chopin,Sonata_No3_1st_Mov_Allegro.mid,processed\lstm\chopin\Sonata_No3_1st_Mov_Allegro.npz,4865
chopin,Sonata_No3_2nd_Mov_Scherzo.mid,processed\lstm\chopin\Sonata_No3_2nd_Mov_Scherzo.npz,1435
chopin,Sonata_op35_n1.mid,processed\lstm\chopin\Sonata_op35_n1.npz,5615
chopin,Sonata_op35_n2.mid,processed\lstm\chopin\Sonata_op35_n2.npz,4775
chopin,Sonata_op35_n3.mid,processed\lstm\chopin\Sonata_op35_n3.npz,2327
chopin,Sonata_op35_n4.mid,processed\lstm\chopin\Sonata_op35_n4.npz,1760
chopin,Tarantella.mid,processed\lstm\chopin\Tarantella.npz,3225
chopin,Trois_Nouvelles_Etudes_Opposth.mid,processed\lstm\chopin\Trois_Nouvelles_Etudes_Opposth.npz,3110
chopin,Waltz_in_Ab_Opposth_Brown21.mid,processed\lstm\chopin\Waltz_in_Ab_Opposth_Brown21.npz,2158
chopin,Waltz_op64_n1.mid,processed\lstm\chopin\Waltz_op64_n1.npz,1436
chopin,Waltz_op70_n2.mid,processed\lstm\chopin\Waltz_op70_n2.npz,1379
chopin,Winter_wind_etude.mid,processed\lstm\chopin\Winter_wind_etude.npz,3188
mozart,A_piece_for_PianoK176.mid,processed\lstm\mozart\A_piece_for_PianoK176.npz,881
mozart,Adagio_in_B_flat.mid,processed\lstm\mozart\Adagio_in_B_flat.npz,3332
mozart,Another_piece_for_PianoK176.mid,processed\lstm\mozart\Another_piece_for_PianoK176.npz,1139
mozart,Contradance_n1.mid,processed\lstm\mozart\Contradance_n1.npz,302
mozart,Contradance_n2.mid,processed\lstm\mozart\Contradance_n2.npz,378
mozart,Contradance_n3.mid,processed\lstm\mozart\Contradance_n3.npz,988
mozart,Fantasia_in_C_K475.mid,processed\lstm\mozart\Fantasia_in_C_K475.npz,3964
mozart,Fantasia_in_D_K397.mid,processed\lstm\mozart\Fantasia_in_D_K397.npz,1675
mozart,K02_Minuet_in_F.mid,processed\lstm\mozart\K02_Minuet_in_F.npz,260
mozart,K03_Allegro_in_Bb.mid,processed\lstm\mozart\K03_Allegro_in_Bb.npz,326
mozart,K04_Minuet_in_F.mid,processed\lstm\mozart\K04_Minuet_in_F.npz,450
mozart,K05_Minuet_for_Harpsichord.mid,processed\lstm\mozart\K05_Minuet_for_Harpsichord.npz,414
mozart,K117_Offertorio_Jubilate_Deo.mid,processed\lstm\mozart\K117_Offertorio_Jubilate_Deo.npz,3482
mozart,K136_Divertimento_1mov.mid,processed\lstm\mozart\K136_Divertimento_1mov.npz,9536
mozart,K136_Divertimento_2mov.mid,processed\lstm\mozart\K136_Divertimento_2mov.npz,3654
mozart,K136_Divertimento_3mov.mid,processed\lstm\mozart\K136_Divertimento_3mov.npz,6392
mozart,K191_Bassoon_Concerto_1mov.mid,processed\lstm\mozart\K191_Bassoon_Concerto_1mov.npz,6804
mozart,K191_Bassoon_Concerto_2mov.mid,processed\lstm\mozart\K191_Bassoon_Concerto_2mov.npz,2900
mozart,K191_Bassoon_Concerto_3mov.mid,processed\lstm\mozart\K191_Bassoon_Concerto_3mov.npz,4224
mozart,K299_Flute_Harp_Concerto_1mov.mid,processed\lstm\mozart\K299_Flute_Harp_Concerto_1mov.npz,9906
mozart,K299_Flute_Harp_Concerto_2mov.mid,processed\lstm\mozart\K299_Flute_Harp_Concerto_2mov.npz,3601
mozart,K299_Flute_Harp_Concerto_3mov.mid,processed\lstm\mozart\K299_Flute_Harp_Concerto_3mov.npz,9047
mozart,K314_Flute_Concerto_n2_1mov.mid,processed\lstm\mozart\K314_Flute_Concerto_n2_1mov.npz,8294
mozart,K314_Flute_Concerto_n2_2mov.mid,processed\lstm\mozart\K314_Flute_Concerto_n2_2mov.npz,2795
mozart,K314_Flute_Concerto_n2_3mov.mid,processed\lstm\mozart\K314_Flute_Concerto_n2_3mov.npz,5913
mozart,K317_Coronation_Mass_1mov.mid,processed\lstm\mozart\K317_Coronation_Mass_1mov.npz,1102
mozart,K317_Coronation_Mass_2mov.mid,processed\lstm\mozart\K317_Coronation_Mass_2mov.npz,4422
mozart,K317_Coronation_Mass_3mov.mid,processed\lstm\mozart\K317_Coronation_Mass_3mov.npz,6529
mozart,K317_Coronation_Mass_4mov.mid,processed\lstm\mozart\K317_Coronation_Mass_4mov.npz,1186
mozart,K317_Coronation_Mass_5mov.mid,processed\lstm\mozart\K317_Coronation_Mass_5mov.npz,2295
mozart,K317_Coronation_Mass_6mov.mid,processed\lstm\mozart\K317_Coronation_Mass_6mov.npz,2962
mozart,K335_Laudate_Dominus.mid,processed\lstm\mozart\K335_Laudate_Dominus.npz,1728
mozart,K339_Vesperae_solemnes_de_confessore_Vespers_1mov_Dixit_Dominus.mid,processed\lstm\mozart\K339_Vesperae_solemnes_de_confessore_Vespers_1mov_Dixit_Dominus.npz,3767
mozart,K354_Piano_Variations_Je_Suis_Lindor.mid,processed\lstm\mozart\K354_Piano_Variations_Je_Suis_Lindor.npz,7939
mozart,K361_Serenade_n10_3mov.mid,processed\lstm\mozart\K361_Serenade_n10_3mov.npz,3133
mozart,K393_Solfeggi_n1.mid,processed\lstm\mozart\K393_Solfeggi_n1.npz,1697
mozart,K393_Solfeggi_n2.mid,processed\lstm\mozart\K393_Solfeggi_n2.npz,434
mozart,K393_Solfeggi_n3.mid,processed\lstm\mozart\K393_Solfeggi_n3.npz,1597
mozart,K393_Solfeggi_n4.mid,processed\lstm\mozart\K393_Solfeggi_n4.npz,434
mozart,K393_Solfeggi_n5.mid,processed\lstm\mozart\K393_Solfeggi_n5.npz,1372
mozart,K398_Piano_Variations_Salve_Tu_Domine.mid,processed\lstm\mozart\K398_Piano_Variations_Salve_Tu_Domine.npz,3795
mozart,K401_Fuga_in_G_minor.mid,processed\lstm\mozart\K401_Fuga_in_G_minor.npz,1535
mozart,K427_Great_Mass_1mov.mid,processed\lstm\mozart\K427_Great_Mass_1mov.npz,4675
mozart,K492_Overture_Le_Nozze_di_Figaro.mid,processed\lstm\mozart\K492_Overture_Le_Nozze_di_Figaro.npz,10671
mozart,K495_Horn_Concerto_n4_1mov.mid,processed\lstm\mozart\K495_Horn_Concerto_n4_1mov.npz,7009
mozart,K495_Horn_Concerto_n4_2mov.mid,processed\lstm\mozart\K495_Horn_Concerto_n4_2mov.npz,1830
mozart,K495_Horn_Concerto_n4_3mov.mid,processed\lstm\mozart\K495_Horn_Concerto_n4_3mov.npz,4261
mozart,K501_Andante_with_5_Variations_for_Piano_Duet.mid,processed\lstm\mozart\K501_Andante_with_5_Variations_for_Piano_Duet.npz,5022
mozart,K525_Serenade_1mov_Eine_Kleine_Natchmusik.mid,processed\lstm\mozart\K525_Serenade_1mov_Eine_Kleine_Natchmusik.npz,12798
mozart,K525_Serenade_2mov_Eine_Kleine_Natchmusik.mid,processed\lstm\mozart\K525_Serenade_2mov_Eine_Kleine_Natchmusik.npz,5642
mozart,K525_Serenade_3mov_Eine_Kleine_Natchmusik.mid,processed\lstm\mozart\K525_Serenade_3mov_Eine_Kleine_Natchmusik.npz,3338
mozart,K525_Serenade_4mov_Eine_Kleine_Natchmusik.mid,processed\lstm\mozart\K525_Serenade_4mov_Eine_Kleine_Natchmusik.npz,11504
mozart,K527_Overture_Don_Giovanni.mid,processed\lstm\mozart\K527_Overture_Don_Giovanni.npz,11886
mozart,K546_Adagio__Fugue_for_Strings.mid,processed\lstm\mozart\K546_Adagio__Fugue_for_Strings.npz,4973
mozart,K573_9_Variations_for_Piano_Uber_Duport.mid,processed\lstm\mozart\K573_9_Variations_for_Piano_Uber_Duport.npz,6934
mozart,K594_Adagio__Allegro_for_Mechanical_Organ.mid,processed\lstm\mozart\K594_Adagio__Allegro_for_Mechanical_Organ.npz,6043
mozart,K608_Fantasia_for_Mechanical_Organ.mid,processed\lstm\mozart\K608_Fantasia_for_Mechanical_Organ.npz,5243
mozart,K617_Adagio.mid,processed\lstm\mozart\K617_Adagio.npz,1288
mozart,K618_Ave_Verum_Corpus.mid,processed\lstm\mozart\K618_Ave_Verum_Corpus.npz,465
mozart,K620_Overture_The_Magic_Flute.mid,processed\lstm\mozart\K620_Overture_The_Magic_Flute.npz,2692
mozart,K622_Clarinet_Concerto_1mov.mid,processed\lstm\mozart\K622_Clarinet_Concerto_1mov.npz,10384
mozart,K622_Clarinet_Concerto_2mov.mid,processed\lstm\mozart\K622_Clarinet_Concerto_2mov.npz,2266
mozart,K622_Clarinet_Concerto_3mov.mid,processed\lstm\mozart\K622_Clarinet_Concerto_3mov.npz,7526
mozart,K626_Requiem_01_Introitus__Kyrie.mid,processed\lstm\mozart\K626_Requiem_01_Introitus__Kyrie.npz,9819
mozart,K626_Requiem_02_rextremendae.mid,processed\lstm\mozart\K626_Requiem_02_rextremendae.npz,2042
mozart,K626_Requiem_03_tuba_mirum.mid,processed\lstm\mozart\K626_Requiem_03_tuba_mirum.npz,1361
mozart,K626_Requiem_04_Dies_Irae.mid,processed\lstm\mozart\K626_Requiem_04_Dies_Irae.npz,5458
mozart,K626_Requiem_05_Recordare.mid,processed\lstm\mozart\K626_Requiem_05_Recordare.npz,3536
mozart,K626_Requiem_06_confutatis.mid,processed\lstm\mozart\K626_Requiem_06_confutatis.npz,3115
mozart,K626_Requiem_07_Lacrimosa.mid,processed\lstm\mozart\K626_Requiem_07_Lacrimosa.npz,2201
mozart,K626_Requiem_08_offertorio_domine_jesu.mid,processed\lstm\mozart\K626_Requiem_08_offertorio_domine_jesu.npz,7038
mozart,K626_Requiem_09_hostias.mid,processed\lstm\mozart\K626_Requiem_09_hostias.npz,4743
mozart,K626_Requiem_10_Sanctus.mid,processed\lstm\mozart\K626_Requiem_10_Sanctus.npz,2046
mozart,K626_Requiem_11_Benedictus.mid,processed\lstm\mozart\K626_Requiem_11_Benedictus.npz,4115
mozart,K626_Requiem_12_agnus_dei.mid,processed\lstm\mozart\K626_Requiem_12_agnus_dei.npz,10720
mozart,K626_Requiem_kyrie.mid,processed\lstm\mozart\K626_Requiem_kyrie.npz,4587
mozart,Piano_Concerto_n12_K414_1mov.mid,processed\lstm\mozart\Piano_Concerto_n12_K414_1mov.npz,8541
mozart,Piano_Concerto_n12_K414_3mov.mid,processed\lstm\mozart\Piano_Concerto_n12_K414_3mov.npz,5224
mozart,Piano_Concerto_n14_K449_1mov.mid,processed\lstm\mozart\Piano_Concerto_n14_K449_1mov.npz,8739
mozart,Piano_Concerto_n14_K449_2mov.mid,processed\lstm\mozart\Piano_Concerto_n14_K449_2mov.npz,3154
mozart,Piano_Concerto_n14_K449_3mov.mid,processed\lstm\mozart\Piano_Concerto_n14_K449_3mov.npz,6482
mozart,Piano_Concerto_n16_K451_1mov.mid,processed\lstm\mozart\Piano_Concerto_n16_K451_1mov.npz,13182
mozart,Piano_Concerto_n16_K451_3mov.mid,processed\lstm\mozart\Piano_Concerto_n16_K451_3mov.npz,9234
mozart,Piano_Concerto_n17_K453_3mov.mid,processed\lstm\mozart\Piano_Concerto_n17_K453_3mov.npz,10111
mozart,Piano_Concerto_n18_K456_1mov_Paradis.mid,processed\lstm\mozart\Piano_Concerto_n18_K456_1mov_Paradis.npz,12487
mozart,Piano_Concerto_n18_K456_2mov_Paradis.mid,processed\lstm\mozart\Piano_Concerto_n18_K456_2mov_Paradis.npz,6896
mozart,Piano_Concerto_n18_K456_3mov_Paradis.mid,processed\lstm\mozart\Piano_Concerto_n18_K456_3mov_Paradis.npz,9846
mozart,Piano_Concerto_n20_K466_1mov.mid,processed\lstm\mozart\Piano_Concerto_n20_K466_1mov.npz,14276
mozart,Piano_Concerto_n20_K466_2mov.mid,processed\lstm\mozart\Piano_Concerto_n20_K466_2mov.npz,6222
mozart,Piano_Concerto_n20_K466_3mov.mid,processed\lstm\mozart\Piano_Concerto_n20_K466_3mov.npz,9260
mozart,Piano_Concerto_n21_K467_1mov_Elvira_Madigan.mid,processed\lstm\mozart\Piano_Concerto_n21_K467_1mov_Elvira_Madigan.npz,16254
mozart,Piano_Concerto_n21_K467_2mov_Elvira_Madigan.mid,processed\lstm\mozart\Piano_Concerto_n21_K467_2mov_Elvira_Madigan.npz,5406
mozart,Piano_Concerto_n21_K467_3mov_Elvira_Madigan.mid,processed\lstm\mozart\Piano_Concerto_n21_K467_3mov_Elvira_Madigan.npz,8608
mozart,Piano_Concerto_n23_K488_1mov.mid,processed\lstm\mozart\Piano_Concerto_n23_K488_1mov.npz,10709
mozart,Piano_Concerto_n23_K488_2mov.mid,processed\lstm\mozart\Piano_Concerto_n23_K488_2mov.npz,2595
mozart,Piano_Concerto_n23_K488_3mov.mid,processed\lstm\mozart\Piano_Concerto_n23_K488_3mov.npz,11591
mozart,Piano_Concerto_n24_K491_1mov.mid,processed\lstm\mozart\Piano_Concerto_n24_K491_1mov.npz,14007
mozart,Piano_Concerto_n24_K491_2mov.mid,processed\lstm\mozart\Piano_Concerto_n24_K491_2mov.npz,3974
mozart,Piano_Concerto_n24_K491_3mov.mid,processed\lstm\mozart\Piano_Concerto_n24_K491_3mov.npz,8809
mozart,Piano_Concerto_n25_K503_1mov.mid,processed\lstm\mozart\Piano_Concerto_n25_K503_1mov.npz,14512
mozart,Piano_Concerto_n25_K503_2mov.mid,processed\lstm\mozart\Piano_Concerto_n25_K503_2mov.npz,3393
mozart,Piano_Concerto_n25_K503_3mov.mid,processed\lstm\mozart\Piano_Concerto_n25_K503_3mov.npz,9256
mozart,Piano_Concerto_n26_K537_1mov_Coronation.mid,processed\lstm\mozart\Piano_Concerto_n26_K537_1mov_Coronation.npz,13208
mozart,Piano_Concerto_n26_K537_2mov_Coronation.mid,processed\lstm\mozart\Piano_Concerto_n26_K537_2mov_Coronation.npz,3079
mozart,Piano_Concerto_n26_K537_3mov_Coronation.mid,processed\lstm\mozart\Piano_Concerto_n26_K537_3mov_Coronation.npz,11057
mozart,Piano_Concerto_n6_K238_1mov.mid,processed\lstm\mozart\Piano_Concerto_n6_K238_1mov.npz,6489
mozart,Piano_Concerto_n6_K238_3mov.mid,processed\lstm\mozart\Piano_Concerto_n6_K238_3mov.npz,7222
mozart,Piano_Concerto_n7_for_3_Pianos_K242_1mov_Lodron.mid,processed\lstm\mozart\Piano_Concerto_n7_for_3_Pianos_K242_1mov_Lodron.npz,10330
mozart,Piano_Concerto_n7_for_3_Pianos_K242_2mov_Lodron.mid,processed\lstm\mozart\Piano_Concerto_n7_for_3_Pianos_K242_2mov_Lodron.npz,6338
mozart,Piano_Concerto_n7_for_3_Pianos_K242_3mov_Lodron.mid,processed\lstm\mozart\Piano_Concerto_n7_for_3_Pianos_K242_3mov_Lodron.npz,5631
mozart,Piano_Concerto_n8_K246_1mov.mid,processed\lstm\mozart\Piano_Concerto_n8_K246_1mov.npz,7225
mozart,Piano_Concerto_n8_K246_3mov.mid,processed\lstm\mozart\Piano_Concerto_n8_K246_3mov.npz,6165
mozart,K19d_Piano_Sonata_Duet.mid,processed\lstm\mozart\K19d_Piano_Sonata_Duet.npz,6938
mozart,K279_Piano_sonata_n01_1mov.mid,processed\lstm\mozart\K279_Piano_sonata_n01_1mov.npz,2895
mozart,K279_Piano_sonata_n01_2mov.mid,processed\lstm\mozart\K279_Piano_sonata_n01_2mov.npz,1751
mozart,K279_Piano_sonata_n01_3mov.mid,processed\lstm\mozart\K279_Piano_sonata_n01_3mov.npz,2018
mozart,K280_Piano_sonata_n02_1mov.mid,processed\lstm\mozart\K280_Piano_sonata_n02_1mov.npz,2641
mozart,K280_Piano_sonata_n02_2mov.mid,processed\lstm\mozart\K280_Piano_sonata_n02_2mov.npz,1710
mozart,K280_Piano_sonata_n02_3mov.mid,processed\lstm\mozart\K280_Piano_sonata_n02_3mov.npz,2460
mozart,K281_Piano_Sonata_n03_1mov.mid,processed\lstm\mozart\K281_Piano_Sonata_n03_1mov.npz,3967
mozart,K281_Piano_Sonata_n03_2mov.mid,processed\lstm\mozart\K281_Piano_Sonata_n03_2mov.npz,2373
mozart,K282_Piano_Sonata_n04.mid,processed\lstm\mozart\K282_Piano_Sonata_n04.npz,5699
mozart,K284_Piano_Sonata_n06.mid,processed\lstm\mozart\K284_Piano_Sonata_n06.npz,14747
mozart,K309_Piano_Sonata_n10_1mov.mid,processed\lstm\mozart\K309_Piano_Sonata_n10_1mov.npz,4960
mozart,K309_Piano_Sonata_n10_2mov.mid,processed\lstm\mozart\K309_Piano_Sonata_n10_2mov.npz,1500
mozart,K309_Piano_Sonata_n10_3mov.mid,processed\lstm\mozart\K309_Piano_Sonata_n10_3mov.npz,3637
mozart,K330_Piano_Sonata_n10_1mov.mid,processed\lstm\mozart\K330_Piano_Sonata_n10_1mov.npz,4772
mozart,K330_Piano_Sonata_n10_2mov.mid,processed\lstm\mozart\K330_Piano_Sonata_n10_2mov.npz,1484
mozart,K330_Piano_Sonata_n10_3mov.mid,processed\lstm\mozart\K330_Piano_Sonata_n10_3mov.npz,4346
mozart,K331_Piano_Sonata_n11.mid,processed\lstm\mozart\K331_Piano_Sonata_n11.npz,12742
mozart,K331_Piano_sonata_n11_3mov.mid,processed\lstm\mozart\K331_Piano_sonata_n11_3mov.npz,2821
mozart,K332_Piano_Sonata_n12_1mov.mid,processed\lstm\mozart\K332_Piano_Sonata_n12_1mov.npz,5034
mozart,K332_Piano_Sonata_n12_2mov.mid,processed\lstm\mozart\K332_Piano_Sonata_n12_2mov.npz,1386
mozart,K332_Piano_Sonata_n12_3mov.mid,processed\lstm\mozart\K332_Piano_Sonata_n12_3mov.npz,5914
mozart,K333_Piano_Sonata_n13.mid,processed\lstm\mozart\K333_Piano_Sonata_n13.npz,11777
mozart,K333_Piano_Sonata_n13_1mov.mid,processed\lstm\mozart\K333_Piano_Sonata_n13_1mov.npz,5750
mozart,K333_Piano_Sonata_n13_2mov.mid,processed\lstm\mozart\K333_Piano_Sonata_n13_2mov.npz,2871
mozart,K333_Piano_Sonata_n13_3mov.mid,processed\lstm\mozart\K333_Piano_Sonata_n13_3mov.npz,3187
mozart,K357_Piano_Sonata_4_Hands.mid,processed\lstm\mozart\K357_Piano_Sonata_4_Hands.npz,7529
mozart,K358_Piano_Sonata_4_Hands.mid,processed\lstm\mozart\K358_Piano_Sonata_4_Hands.npz,6374
mozart,K381_Piano_Sonata_4_Hands.mid,processed\lstm\mozart\K381_Piano_Sonata_4_Hands.npz,6984
mozart,K457_Piano_Sonata_n14.mid,processed\lstm\mozart\K457_Piano_Sonata_n14.npz,8253
mozart,K497_Piano_Sonata_4_Hands.mid,processed\lstm\mozart\K497_Piano_Sonata_4_Hands.npz,15562
mozart,K521_Piano_Sonata_4_Hands.mid,processed\lstm\mozart\K521_Piano_Sonata_4_Hands.npz,13061
mozart,K545_Piano_Sonata.mid,processed\lstm\mozart\K545_Piano_Sonata.npz,5598
mozart,K570_Piano_Sonata_1mov.mid,processed\lstm\mozart\K570_Piano_Sonata_1mov.npz,2065
mozart,K570_Piano_Sonata_2mov.mid,processed\lstm\mozart\K570_Piano_Sonata_2mov.npz,1826
mozart,K570_Piano_Sonata_3mov.mid,processed\lstm\mozart\K570_Piano_Sonata_3mov.npz,1924
mozart,K576_Piano_Sonata_n19.mid,processed\lstm\mozart\K576_Piano_Sonata_n19.npz,8013
mozart,Piano_Sonata_n01_K279.mid,processed\lstm\mozart\Piano_Sonata_n01_K279.npz,5567
mozart,Piano_Sonata_n02_K280.mid,processed\lstm\mozart\Piano_Sonata_n02_K280.npz,4774
mozart,Piano_Sonata_n03_K281.mid,processed\lstm\mozart\Piano_Sonata_n03_K281.npz,5855
mozart,Piano_Sonata_n04_K282.mid,processed\lstm\mozart\Piano_Sonata_n04_K282.npz,3257
mozart,Piano_Sonata_n05_K283.mid,processed\lstm\mozart\Piano_Sonata_n05_K283.npz,4815
mozart,Piano_Sonata_n06_K284.mid,processed\lstm\mozart\Piano_Sonata_n06_K284.npz,10585
mozart,Piano_Sonata_n07_K309.mid,processed\lstm\mozart\Piano_Sonata_n07_K309.npz,7577
mozart,Piano_Sonata_n08_K311.mid,processed\lstm\mozart\Piano_Sonata_n08_K311.npz,7157
mozart,Piano_Sonata_n09_K310.mid,processed\lstm\mozart\Piano_Sonata_n09_K310.npz,8117
mozart,Piano_Sonata_n10_K330.mid,processed\lstm\mozart\Piano_Sonata_n10_K330.npz,5770
mozart,Piano_Sonata_n11_K331.mid,processed\lstm\mozart\Piano_Sonata_n11_K331.npz,9470
mozart,Piano_Sonata_n12_K332.mid,processed\lstm\mozart\Piano_Sonata_n12_K332.npz,6868
mozart,Piano_Sonata_n13_K333.mid,processed\lstm\mozart\Piano_Sonata_n13_K333.npz,7496
mozart,Piano_Sonata_n14_K457.mid,processed\lstm\mozart\Piano_Sonata_n14_K457.npz,6400
mozart,Piano_Sonata_n15_K593-494.mid,processed\lstm\mozart\Piano_Sonata_n15_K593-494.npz,7583
mozart,Piano_Sonata_n16_K545.mid,processed\lstm\mozart\Piano_Sonata_n16_K545.npz,3628
mozart,Piano_Sonata_n17_K547a.mid,processed\lstm\mozart\Piano_Sonata_n17_K547a.npz,3441
mozart,Piano_Sonata_n18_K570.mid,processed\lstm\mozart\Piano_Sonata_n18_K570.npz,5917
mozart,Piano_Sonata_n19_K576.mid,processed\lstm\mozart\Piano_Sonata_n19_K576.npz,5920
mozart,Rondo_in_C.mid,processed\lstm\mozart\Rondo_in_C.npz,2708
mozart,Rondo.mid,processed\lstm\mozart\Rondo.npz,4926
mozart,Sonatina_n21_3mov.mid,processed\lstm\mozart\Sonatina_n21_3mov.npz,996
mozart,Sonatina_n22_4mov.mid,processed\lstm\mozart\Sonatina_n22_4mov.npz,876
mozart,Sonatina_n3_1mov.mid,processed\lstm\mozart\Sonatina_n3_1mov.npz,512
mozart,Sonatina_n3_2mov.mid,processed\lstm\mozart\Sonatina_n3_2mov.npz,1301
mozart,Sonatina_n3_3mov.mid,processed\lstm\mozart\Sonatina_n3_3mov.npz,1431
mozart,Symphony_n22_K162_1mov.mid,processed\lstm\mozart\Symphony_n22_K162_1mov.npz,4675
mozart,Symphony_n22_K162_3mov.mid,processed\lstm\mozart\Symphony_n22_K162_3mov.npz,3979
mozart,Symphony_n25_K183_1mov.mid,processed\lstm\mozart\Symphony_n25_K183_1mov.npz,11853
mozart,Symphony_n25_K183_2mov.mid,processed\lstm\mozart\Symphony_n25_K183_2mov.npz,1905
mozart,Symphony_n25_K183_3mov.mid,processed\lstm\mozart\Symphony_n25_K183_3mov.npz,3047
mozart,Symphony_n25_K183_4mov.mid,processed\lstm\mozart\Symphony_n25_K183_4mov.npz,7544
mozart,Symphony_n28_K200_1mov.mid,processed\lstm\mozart\Symphony_n28_K200_1mov.npz,7164
mozart,Symphony_n28_K200_2mov.mid,processed\lstm\mozart\Symphony_n28_K200_2mov.npz,2381
mozart,Symphony_n28_K200_3mov.mid,processed\lstm\mozart\Symphony_n28_K200_3mov.npz,2741
mozart,Symphony_n28_K200_4mov.mid,processed\lstm\mozart\Symphony_n28_K200_4mov.npz,6899
mozart,Symphony_n29_K201_1mov.mid,processed\lstm\mozart\Symphony_n29_K201_1mov.npz,8056
mozart,Symphony_n29_K201_2mov.mid,processed\lstm\mozart\Symphony_n29_K201_2mov.npz,3591
mozart,Symphony_n29_K201_4mov.mid,processed\lstm\mozart\Symphony_n29_K201_4mov.npz,8130
mozart,Symphony_n30_K202_1mov.mid,processed\lstm\mozart\Symphony_n30_K202_1mov.npz,7650
mozart,Symphony_n30_K202_2mov.mid,processed\lstm\mozart\Symphony_n30_K202_2mov.npz,1821
mozart,Symphony_n30_K202_3mov.mid,processed\lstm\mozart\Symphony_n30_K202_3mov.npz,3597
mozart,Symphony_n30_K202_4mov.mid,processed\lstm\mozart\Symphony_n30_K202_4mov.npz,4857
mozart,Symphony_n31_K297_1mov_Paris.mid,processed\lstm\mozart\Symphony_n31_K297_1mov_Paris.npz,13940
mozart,Symphony_n31_K297_2mov_Paris.mid,processed\lstm\mozart\Symphony_n31_K297_2mov_Paris.npz,2958
mozart,Symphony_n31_K297_3mov_Paris.mid,processed\lstm\mozart\Symphony_n31_K297_3mov_Paris.npz,7440
mozart,Symphony_n33_K319_1mov.mid,processed\lstm\mozart\Symphony_n33_K319_1mov.npz,8125
mozart,Symphony_n33_K319_2mov.mid,processed\lstm\mozart\Symphony_n33_K319_2mov.npz,2328
mozart,Symphony_n33_K319_3mov.mid,processed\lstm\mozart\Symphony_n33_K319_3mov.npz,2344
mozart,Symphony_n33_K319_4mov.mid,processed\lstm\mozart\Symphony_n33_K319_4mov.npz,9710
mozart,Symphony_n34_K338_1mov.mid,processed\lstm\mozart\Symphony_n34_K338_1mov.npz,11107
mozart,Symphony_n34_K338_2mov.mid,processed\lstm\mozart\Symphony_n34_K338_2mov.npz,3090
mozart,Symphony_n34_K338_3mov.mid,processed\lstm\mozart\Symphony_n34_K338_3mov.npz,11413
mozart,Symphony_n35_K385_1mov_Haffner.mid,processed\lstm\mozart\Symphony_n35_K385_1mov_Haffner.npz,10611
mozart,Symphony_n35_K385_2mov_Haffner.mid,processed\lstm\mozart\Symphony_n35_K385_2mov_Haffner.npz,6050
mozart,Symphony_n35_K385_3mov_Haffner.mid,processed\lstm\mozart\Symphony_n35_K385_3mov_Haffner.npz,3416
mozart,Symphony_n35_K385_4mov_Haffner.mid,processed\lstm\mozart\Symphony_n35_K385_4mov_Haffner.npz,10103
mozart,Symphony_n36_K425_1mov_Linz.mid,processed\lstm\mozart\Symphony_n36_K425_1mov_Linz.npz,17850
mozart,Symphony_n36_K425_2mov_Linz.mid,processed\lstm\mozart\Symphony_n36_K425_2mov_Linz.npz,4181
mozart,Symphony_n36_K425_3mov_Linz.mid,processed\lstm\mozart\Symphony_n36_K425_3mov_Linz.npz,3326
mozart,Symphony_n36_K425_4mov_Linz.mid,processed\lstm\mozart\Symphony_n36_K425_4mov_Linz.npz,12551
mozart,Symphony_n37_K444_1mov.mid,processed\lstm\mozart\Symphony_n37_K444_1mov.npz,608
mozart,Symphony_n38_K504_1mov_Prague.mid,processed\lstm\mozart\Symphony_n38_K504_1mov_Prague.npz,16749
mozart,Symphony_n38_K504_2mov_Prague.mid,processed\lstm\mozart\Symphony_n38_K504_2mov_Prague.npz,6690
mozart,Symphony_n38_K504_3mov_Prague.mid,processed\lstm\mozart\Symphony_n38_K504_3mov_Prague.npz,7877
mozart,Symphony_n39_K543_1mov.mid,processed\lstm\mozart\Symphony_n39_K543_1mov.npz,16109
mozart,Symphony_n39_K543_2mov.mid,processed\lstm\mozart\Symphony_n39_K543_2mov.npz,4829
mozart,Symphony_n39_K543_3mov.mid,processed\lstm\mozart\Symphony_n39_K543_3mov.npz,5218
mozart,Symphony_n39_K543_4mov.mid,processed\lstm\mozart\Symphony_n39_K543_4mov.npz,12779
mozart,Symphony_n4_K019_1mov.mid,processed\lstm\mozart\Symphony_n4_K019_1mov.npz,6568
mozart,Symphony_n4_K19_3mov.mid,processed\lstm\mozart\Symphony_n4_K19_3mov.npz,3357
mozart,Symphony_n40_K550_1mov.mid,processed\lstm\mozart\Symphony_n40_K550_1mov.npz,12699
mozart,Symphony_n40_K550_2mov.mid,processed\lstm\mozart\Symphony_n40_K550_2mov.npz,3934
mozart,Symphony_n40_K550_3mov.mid,processed\lstm\mozart\Symphony_n40_K550_3mov.npz,4173
mozart,Symphony_n40_K550_4mov.mid,processed\lstm\mozart\Symphony_n40_K550_4mov.npz,11262
mozart,Symphony_n41_K551_1mov_Jupiter.mid,processed\lstm\mozart\Symphony_n41_K551_1mov_Jupiter.npz,16987
mozart,Symphony_n41_K551_2mov_Jupiter.mid,processed\lstm\mozart\Symphony_n41_K551_2mov_Jupiter.npz,5113
mozart,Symphony_n41_K551_3mov_Jupiter.mid,processed\lstm\mozart\Symphony_n41_K551_3mov_Jupiter.npz,2568
mozart,Symphony_n41_K551_4mov_Jupiter.mid,processed\lstm\mozart\Symphony_n41_K551_4mov_Jupiter.npz,17358
mozart,Symphony_n5_K022.mid,processed\lstm\mozart\Symphony_n5_K022.npz,7916
mozart,Early_Pieces_n1_Andante.mid,processed\lstm\mozart\Early_Pieces_n1_Andante.npz,283
mozart,Early_Pieces_n10_Air.mid,processed\lstm\mozart\Early_Pieces_n10_Air.npz,166
mozart,Early_Pieces_n11_Country_dance.mid,processed\lstm\mozart\Early_Pieces_n11_Country_dance.npz,214
mozart,Early_Pieces_n12_Rondino.mid,processed\lstm\mozart\Early_Pieces_n12_Rondino.npz,680
mozart,Early_Pieces_n13_Prelude.mid,processed\lstm\mozart\Early_Pieces_n13_Prelude.npz,790
mozart,Early_Pieces_n14_Rondo.mid,processed\lstm\mozart\Early_Pieces_n14_Rondo.npz,453
mozart,Early_Pieces_n15_Andantino.mid,processed\lstm\mozart\Early_Pieces_n15_Andantino.npz,592
mozart,Early_Pieces_n16_Minuet.mid,processed\lstm\mozart\Early_Pieces_n16_Minuet.npz,336
mozart,Early_Pieces_n17_Siciliano.mid,processed\lstm\mozart\Early_Pieces_n17_Siciliano.npz,658
mozart,Early_Pieces_n18_Little_Song.mid,processed\lstm\mozart\Early_Pieces_n18_Little_Song.npz,240
mozart,Early_Pieces_n19_Giga.mid,processed\lstm\mozart\Early_Pieces_n19_Giga.npz,1216
mozart,Early_Pieces_n2_Minuet.mid,processed\lstm\mozart\Early_Pieces_n2_Minuet.npz,260
mozart,Early_Pieces_n20_Presto.mid,processed\lstm\mozart\Early_Pieces_n20_Presto.npz,464
mozart,Early_Pieces_n3_Little_march.mid,processed\lstm\mozart\Early_Pieces_n3_Little_march.npz,300
mozart,Early_Pieces_n4_Minuet.mid,processed\lstm\mozart\Early_Pieces_n4_Minuet.npz,388
mozart,Early_Pieces_n5_Country_Dance.mid,processed\lstm\mozart\Early_Pieces_n5_Country_Dance.npz,346
mozart,Early_Pieces_n6_Llittle_minuet.mid,processed\lstm\mozart\Early_Pieces_n6_Llittle_minuet.npz,122
mozart,Early_Pieces_n7_Country_dance.mid,processed\lstm\mozart\Early_Pieces_n7_Country_dance.npz,344
mozart,Early_Pieces_n8_Minuet.mid,processed\lstm\mozart\Early_Pieces_n8_Minuet.npz,316
mozart,Early_Pieces_n9_Allegretto.mid,processed\lstm\mozart\Early_Pieces_n9_Allegretto.npz,580
mozart,Vesperae_solemnes_de_confessore_Vespers_K339_1_Dixit_Dominus.mid,processed\lstm\mozart\Vesperae_solemnes_de_confessore_Vespers_K339_1_Dixit_Dominus.npz,5912
mozart,Viennese_Sonatinas_K439b_n2_1mov.mid,processed\lstm\mozart\Viennese_Sonatinas_K439b_n2_1mov.npz,996
mozart,Viennese_Sonatinas_K439b_n2_2mov.mid,processed\lstm\mozart\Viennese_Sonatinas_K439b_n2_2mov.npz,876
mozart,Viennese_Sonatinas_K439b_n2_3mov.mid,processed\lstm\mozart\Viennese_Sonatinas_K439b_n2_3mov.npz,573
mozart,Viennese_Sonatinas_K439b_n2_4mov.mid,processed\lstm\mozart\Viennese_Sonatinas_K439b_n2_4mov.npz,1822
mozart,Viennese_Sonatinas_K439b_n6_1mov.mid,processed\lstm\mozart\Viennese_Sonatinas_K439b_n6_1mov.npz,2194
mozart,Viennese_Sonatinas_K439b_n6_2mov.mid,processed\lstm\mozart\Viennese_Sonatinas_K439b_n6_2mov.npz,999
