composer,filename,source_path
bach,AveMaria.mid,Bach\AveMaria.mid
bach,01_Menuet.mid,Bach\Bwv ''Little Notebook for Anna Magdalena Bach''\01 Menuet.mid
bach,02_Menuet.mid,Bach\Bwv ''Little Notebook for Anna Magdalena Bach''\02 Menuet.mid
bach,03_Menuet.mid,Bach\Bwv ''Little Notebook for Anna Magdalena Bach''\03 Menuet.mid
bach,04_Menuet.mid,Bach\Bwv ''Little Notebook for Anna Magdalena Bach''\04 Menuet.mid
bach,05_Polonaise.mid,Bach\Bwv ''Little Notebook for Anna Magdalena Bach''\05 Polonaise.mid
bach,06_Menuet.mid,Bach\Bwv ''Little Notebook for Anna Magdalena Bach''\06 Menuet.mid
bach,07_Rondo.mid,Bach\Bwv ''Little Notebook for Anna Magdalena Bach''\07 Rondo.mid
bach,08_Polonaise.mid,Bach\Bwv ''Little Notebook for Anna Magdalena Bach''\08 Polonaise.mid
bach,09_Menuet.mid,Bach\Bwv ''Little Notebook for Anna Magdalena Bach''\09 Menuet.mid
bach,10_Menuet.mid,Bach\Bwv ''Little Notebook for Anna Magdalena Bach''\10 Menuet.mid
bach,11_Marche.mid,Bach\Bwv ''Little Notebook for Anna Magdalena Bach''\11 Marche.mid
bach,12_Polonaise.mid,Bach\Bwv ''Little Notebook for Anna Magdalena Bach''\12 Polonaise.mid
bach,13_Marche.mid,Bach\Bwv ''Little Notebook for Anna Magdalena Bach''\13 Marche.mid
bach,14_Polonaise.mid,Bach\Bwv ''Little Notebook for Anna Magdalena Bach''\14 Polonaise.mid
bach,15_Musette.mid,Bach\Bwv ''Little Notebook for Anna Magdalena Bach''\15 Musette.mid
bach,16_Marche.mid,Bach\Bwv ''Little Notebook for Anna Magdalena Bach''\16 Marche.mid
bach,17_Polonaise.mid,Bach\Bwv ''Little Notebook for Anna Magdalena Bach''\17 Polonaise.mid
bach,003706b_.mid,Bach\Bwv001- 400 Chorales\003706b_.mid
bach,003806b_.mid,Bach\Bwv001- 400 Chorales\003806b_.mid
bach,003907b_.mid,Bach\Bwv001- 400 Chorales\003907b_.mid
bach,003907bv.mid,Bach\Bwv001- 400 Chorales\003907bv.mid
bach,004003b_.mid,Bach\Bwv001- 400 Chorales\004003b_.mid
bach,004006b_.mid,Bach\Bwv001- 400 Chorales\004006b_.mid
bach,004008b_.mid,Bach\Bwv001- 400 Chorales\004008b_.mid
bach,004106b_.mid,Bach\Bwv001- 400 Chorales\004106b_.mid
bach,004106bs.mid,Bach\Bwv001- 400 Chorales\004106bs.mid
bach,004207b_.mid,Bach\Bwv001- 400 Chorales\004207b_.mid
bach,004311b_.mid,Bach\Bwv001- 400 Chorales\004311b_.mid
bach,004407b_.mid,Bach\Bwv001- 400 Chorales\004407b_.mid
bach,004507b_.mid,Bach\Bwv001- 400 Chorales\004507b_.mid
bach,004606b_.mid,Bach\Bwv001- 400 Chorales\004606b_.mid
bach,004606bs.mid,Bach\Bwv001- 400 Chorales\004606bs.mid
bach,004705b_.mid,Bach\Bwv001- 400 Chorales\004705b_.mid
bach,004803b_.mid,Bach\Bwv001- 400 Chorales\004803b_.mid
bach,004807b_.mid,Bach\Bwv001- 400 Chorales\004807b_.mid
bach,005206b_.mid,Bach\Bwv001- 400 Chorales\005206b_.mid
bach,005505b_.mid,Bach\Bwv001- 400 Chorales\005505b_.mid
bach,005605b_.mid,Bach\Bwv001- 400 Chorales\005605b_.mid
bach,005708b_.mid,Bach\Bwv001- 400 Chorales\005708b_.mid
bach,005903b_.mid,Bach\Bwv001- 400 Chorales\005903b_.mid
bach,006005b_.mid,Bach\Bwv001- 400 Chorales\006005b_.mid
bach,006106b_.mid,Bach\Bwv001- 400 Chorales\006106b_.mid
bach,006206b_.mid,Bach\Bwv001- 400 Chorales\006206b_.mid
bach,006206bv.mid,Bach\Bwv001- 400 Chorales\006206bv.mid
bach,006402b_.mid,Bach\Bwv001- 400 Chorales\006402b_.mid
bach,006404b_.mid,Bach\Bwv001- 400 Chorales\006404b_.mid
bach,006408b_.mid,Bach\Bwv001- 400 Chorales\006408b_.mid
bach,006502b_.mid,Bach\Bwv001- 400 Chorales\006502b_.mid
bach,006507b_.mid,Bach\Bwv001- 400 Chorales\006507b_.mid
bach,006606b_.mid,Bach\Bwv001- 400 Chorales\006606b_.mid
bach,006704b_.mid,Bach\Bwv001- 400 Chorales\006704b_.mid
bach,006707b_.mid,Bach\Bwv001- 400 Chorales\006707b_.mid
bach,006906b_.mid,Bach\Bwv001- 400 Chorales\006906b_.mid
bach,006906ba.mid,Bach\Bwv001- 400 Chorales\006906ba.mid
bach,006906bav.mid,Bach\Bwv001- 400 Chorales\006906bav.mid
bach,007007b_.mid,Bach\Bwv001- 400 Chorales\007007b_.mid
bach,007011b_.mid,Bach\Bwv001- 400 Chorales\007011b_.mid
bach,007011ch.mid,Bach\Bwv001- 400 Chorales\007011ch.mid
bach,007206b_.mid,Bach\Bwv001- 400 Chorales\007206b_.mid
bach,007305b_.mid,Bach\Bwv001- 400 Chorales\007305b_.mid
bach,007305bv.mid,Bach\Bwv001- 400 Chorales\007305bv.mid
bach,007408b_.mid,Bach\Bwv001- 400 Chorales\007408b_.mid
bach,007507b_.mid,Bach\Bwv001- 400 Chorales\007507b_.mid
bach,007514b_.mid,Bach\Bwv001- 400 Chorales\007514b_.mid
bach,007607b_.mid,Bach\Bwv001- 400 Chorales\007607b_.mid
bach,007614b_.mid,Bach\Bwv001- 400 Chorales\007614b_.mid
bach,007706b_.mid,Bach\Bwv001- 400 Chorales\007706b_.mid
bach,007807b_.mid,Bach\Bwv001- 400 Chorales\007807b_.mid
bach,007903b_.mid,Bach\Bwv001- 400 Chorales\007903b_.mid
bach,007903bs.mid,Bach\Bwv001- 400 Chorales\007903bs.mid
bach,007906b_.mid,Bach\Bwv001- 400 Chorales\007906b_.mid
bach,008008b_.mid,Bach\Bwv001- 400 Chorales\008008b_.mid
bach,008107b_.mid,Bach\Bwv001- 400 Chorales\008107b_.mid
bach,008305b_.mid,Bach\Bwv001- 400 Chorales\008305b_.mid
bach,008405b_.mid,Bach\Bwv001- 400 Chorales\008405b_.mid
bach,008506b_.mid,Bach\Bwv001- 400 Chorales\008506b_.mid
bach,008606b_.mid,Bach\Bwv001- 400 Chorales\008606b_.mid
bach,008707b_.mid,Bach\Bwv001- 400 Chorales\008707b_.mid
bach,008807b_.mid,Bach\Bwv001- 400 Chorales\008807b_.mid
bach,008906b_.mid,Bach\Bwv001- 400 Chorales\008906b_.mid
bach,009005b_.mid,Bach\Bwv001- 400 Chorales\009005b_.mid
bach,009106b_.mid,Bach\Bwv001- 400 Chorales\009106b_.mid
bach,009106ch.mid,Bach\Bwv001- 400 Chorales\009106ch.mid
bach,009207b_.mid,Bach\Bwv001- 400 Chorales\009207b_.mid
bach,009209b_.mid,Bach\Bwv001- 400 Chorales\009209b_.mid
bach,009307b_.mid,Bach\Bwv001- 400 Chorales\009307b_.mid
bach,009408b_.mid,Bach\Bwv001- 400 Chorales\009408b_.mid
bach,009507b_.mid,Bach\Bwv001- 400 Chorales\009507b_.mid
bach,009606b_.mid,Bach\Bwv001- 400 Chorales\009606b_.mid
bach,009709b_.mid,Bach\Bwv001- 400 Chorales\009709b_.mid
bach,009709ch.mid,Bach\Bwv001- 400 Chorales\009709ch.mid
bach,009801b_.mid,Bach\Bwv001- 400 Chorales\009801b_.mid
bach,009906b_.mid,Bach\Bwv001- 400 Chorales\009906b_.mid
bach,010006b_.mid,Bach\Bwv001- 400 Chorales\010006b_.mid
bach,010107b_.mid,Bach\Bwv001- 400 Chorales\010107b_.mid
bach,010107bv.mid,Bach\Bwv001- 400 Chorales\010107bv.mid
bach,010207b_.mid,Bach\Bwv001- 400 Chorales\010207b_.mid
bach,010306b_.mid,Bach\Bwv001- 400 Chorales\010306b_.mid
bach,010406b_.mid,Bach\Bwv001- 400 Chorales\010406b_.mid
bach,010406bv.mid,Bach\Bwv001- 400 Chorales\010406bv.mid
bach,010506b_.mid,Bach\Bwv001- 400 Chorales\010506b_.mid
bach,010602b_.mid,Bach\Bwv001- 400 Chorales\010602b_.mid
bach,010707b_.mid,Bach\Bwv001- 400 Chorales\010707b_.mid
bach,010806b_.mid,Bach\Bwv001- 400 Chorales\010806b_.mid
bach,011007b_.mid,Bach\Bwv001- 400 Chorales\011007b_.mid
bach,011106b_.mid,Bach\Bwv001- 400 Chorales\011106b_.mid
bach,011205b_.mid,Bach\Bwv001- 400 Chorales\011205b_.mid
bach,011308b_.mid,Bach\Bwv001- 400 Chorales\011308b_.mid
bach,011407b_.mid,Bach\Bwv001- 400 Chorales\011407b_.mid
bach,011506b_.mid,Bach\Bwv001- 400 Chorales\011506b_.mid
bach,011506bv.mid,Bach\Bwv001- 400 Chorales\011506bv.mid
bach,011606b_.mid,Bach\Bwv001- 400 Chorales\011606b_.mid
bach,011704b_.mid,Bach\Bwv001- 400 Chorales\011704b_.mid
bach,011704v1.mid,Bach\Bwv001- 400 Chorales\011704v1.mid
bach,011704v2.mid,Bach\Bwv001- 400 Chorales\011704v2.mid
bach,011909b_.mid,Bach\Bwv001- 400 Chorales\011909b_.mid
bach,012006b_.mid,Bach\Bwv001- 400 Chorales\012006b_.mid
bach,012008ba.mid,Bach\Bwv001- 400 Chorales\012008ba.mid
bach,012106b_.mid,Bach\Bwv001- 400 Chorales\012106b_.mid
bach,012206b_.mid,Bach\Bwv001- 400 Chorales\012206b_.mid
bach,012306b_.mid,Bach\Bwv001- 400 Chorales\012306b_.mid
bach,012406b_.mid,Bach\Bwv001- 400 Chorales\012406b_.mid
bach,012506b_.mid,Bach\Bwv001- 400 Chorales\012506b_.mid
bach,012606b_.mid,Bach\Bwv001- 400 Chorales\012606b_.mid
bach,012606bv.mid,Bach\Bwv001- 400 Chorales\012606bv.mid
bach,012705b_.mid,Bach\Bwv001- 400 Chorales\012705b_.mid
bach,012805b_.mid,Bach\Bwv001- 400 Chorales\012805b_.mid
bach,012905b_.mid,Bach\Bwv001- 400 Chorales\012905b_.mid
bach,013006b_.mid,Bach\Bwv001- 400 Chorales\013006b_.mid
bach,013306b_.mid,Bach\Bwv001- 400 Chorales\013306b_.mid
bach,013506b_.mid,Bach\Bwv001- 400 Chorales\013506b_.mid
bach,013606b_.mid,Bach\Bwv001- 400 Chorales\013606b_.mid
bach,013701b_.mid,Bach\Bwv001- 400 Chorales\013701b_.mid
bach,013702b_.mid,Bach\Bwv001- 400 Chorales\013702b_.mid
bach,013703b_.mid,Bach\Bwv001- 400 Chorales\013703b_.mid
bach,013705b_.mid,Bach\Bwv001- 400 Chorales\013705b_.mid
bach,013705ch.mid,Bach\Bwv001- 400 Chorales\013705ch.mid
bach,013807b_.mid,Bach\Bwv001- 400 Chorales\013807b_.mid
bach,013906b_.mid,Bach\Bwv001- 400 Chorales\013906b_.mid
bach,014001b_.mid,Bach\Bwv001- 400 Chorales\014001b_.mid
bach,014004b_.mid,Bach\Bwv001- 400 Chorales\014004b_.mid
bach,014007b_.mid,Bach\Bwv001- 400 Chorales\014007b_.mid
bach,014403b_.mid,Bach\Bwv001- 400 Chorales\014403b_.mid
bach,014406b_.mid,Bach\Bwv001- 400 Chorales\014406b_.mid
bach,014500ba.mid,Bach\Bwv001- 400 Chorales\014500ba.mid
bach,014505b_.mid,Bach\Bwv001- 400 Chorales\014505b_.mid
bach,014505bv.mid,Bach\Bwv001- 400 Chorales\014505bv.mid
bach,014608b_.mid,Bach\Bwv001- 400 Chorales\014608b_.mid
bach,014706b_.mid,Bach\Bwv001- 400 Chorales\014706b_.mid
bach,014710b_.mid,Bach\Bwv001- 400 Chorales\014710b_.mid
bach,014806b_.mid,Bach\Bwv001- 400 Chorales\014806b_.mid
bach,014806bv.mid,Bach\Bwv001- 400 Chorales\014806bv.mid
bach,014907b_.mid,Bach\Bwv001- 400 Chorales\014907b_.mid
bach,014907ch.mid,Bach\Bwv001- 400 Chorales\014907ch.mid
bach,015105b_.mid,Bach\Bwv001- 400 Chorales\015105b_.mid
bach,015301b_.mid,Bach\Bwv001- 400 Chorales\015301b_.mid
bach,015305b_.mid,Bach\Bwv001- 400 Chorales\015305b_.mid
bach,015309b_.mid,Bach\Bwv001- 400 Chorales\015309b_.mid
bach,015403b_.mid,Bach\Bwv001- 400 Chorales\015403b_.mid
bach,015408b_.mid,Bach\Bwv001- 400 Chorales\015408b_.mid
bach,015505b_.mid,Bach\Bwv001- 400 Chorales\015505b_.mid
bach,015606b_.mid,Bach\Bwv001- 400 Chorales\015606b_.mid
bach,015705b_.mid,Bach\Bwv001- 400 Chorales\015705b_.mid
bach,015804b_.mid,Bach\Bwv001- 400 Chorales\015804b_.mid
bach,015905b_.mid,Bach\Bwv001- 400 Chorales\015905b_.mid
bach,016106b_.mid,Bach\Bwv001- 400 Chorales\016106b_.mid
bach,016206b_.mid,Bach\Bwv001- 400 Chorales\016206b_.mid
bach,016406b_.mid,Bach\Bwv001- 400 Chorales\016406b_.mid
bach,016506b_.mid,Bach\Bwv001- 400 Chorales\016506b_.mid
bach,016606b_.mid,Bach\Bwv001- 400 Chorales\016606b_.mid
bach,016806b_.mid,Bach\Bwv001- 400 Chorales\016806b_.mid
bach,016907b_.mid,Bach\Bwv001- 400 Chorales\016907b_.mid
bach,017106b_.mid,Bach\Bwv001- 400 Chorales\017106b_.mid
bach,017206b_.mid,Bach\Bwv001- 400 Chorales\017206b_.mid
bach,017206ch.mid,Bach\Bwv001- 400 Chorales\017206ch.mid
bach,017206vn.mid,Bach\Bwv001- 400 Chorales\017206vn.mid
bach,017405b_.mid,Bach\Bwv001- 400 Chorales\017405b_.mid
bach,017507b_.mid,Bach\Bwv001- 400 Chorales\017507b_.mid
bach,017507ch.mid,Bach\Bwv001- 400 Chorales\017507ch.mid
bach,017606b_.mid,Bach\Bwv001- 400 Chorales\017606b_.mid
bach,017705b_.mid,Bach\Bwv001- 400 Chorales\017705b_.mid
bach,017705bv.mid,Bach\Bwv001- 400 Chorales\017705bv.mid
bach,017807b_.mid,Bach\Bwv001- 400 Chorales\017807b_.mid
bach,017906b_.mid,Bach\Bwv001- 400 Chorales\017906b_.mid
bach,018007b_.mid,Bach\Bwv001- 400 Chorales\018007b_.mid
bach,018007bv.mid,Bach\Bwv001- 400 Chorales\018007bv.mid
bach,018305b_.mid,Bach\Bwv001- 400 Chorales\018305b_.mid
bach,018405b_.mid,Bach\Bwv001- 400 Chorales\018405b_.mid
bach,018405bv.mid,Bach\Bwv001- 400 Chorales\018405bv.mid
bach,018506b_.mid,Bach\Bwv001- 400 Chorales\018506b_.mid
bach,018707b_.mid,Bach\Bwv001- 400 Chorales\018707b_.mid
bach,018806b_.mid,Bach\Bwv001- 400 Chorales\018806b_.mid
bach,019007b_.mid,Bach\Bwv001- 400 Chorales\019007b_.mid
bach,019007ch.mid,Bach\Bwv001- 400 Chorales\019007ch.mid
bach,019406b_.mid,Bach\Bwv001- 400 Chorales\019406b_.mid
bach,019406bv.mid,Bach\Bwv001- 400 Chorales\019406bv.mid
bach,019412b_.mid,Bach\Bwv001- 400 Chorales\019412b_.mid
bach,019506b_.mid,Bach\Bwv001- 400 Chorales\019506b_.mid
bach,019705b_.mid,Bach\Bwv001- 400 Chorales\019705b_.mid
bach,019707ba.mid,Bach\Bwv001- 400 Chorales\019707ba.mid
bach,019710b_.mid,Bach\Bwv001- 400 Chorales\019710b_.mid
bach,022602b_.mid,Bach\Bwv001- 400 Chorales\022602b_.mid
bach,022602bv.mid,Bach\Bwv001- 400 Chorales\022602bv.mid
bach,022701b_.mid,Bach\Bwv001- 400 Chorales\022701b_.mid
bach,022703b_.mid,Bach\Bwv001- 400 Chorales\022703b_.mid
bach,022707b_.mid,Bach\Bwv001- 400 Chorales\022707b_.mid
bach,022709b_.mid,Bach\Bwv001- 400 Chorales\022709b_.mid
bach,022711b_.mid,Bach\Bwv001- 400 Chorales\022711b_.mid
bach,022902b_.mid,Bach\Bwv001- 400 Chorales\022902b_.mid
bach,024310b_.mid,Bach\Bwv001- 400 Chorales\024310b_.mid
bach,024403b_.mid,Bach\Bwv001- 400 Chorales\024403b_.mid
bach,024410b_.mid,Bach\Bwv001- 400 Chorales\024410b_.mid
bach,024415b_.mid,Bach\Bwv001- 400 Chorales\024415b_.mid
bach,024415bv.mid,Bach\Bwv001- 400 Chorales\024415bv.mid
bach,024417b_.mid,Bach\Bwv001- 400 Chorales\024417b_.mid
bach,024417bv.mid,Bach\Bwv001- 400 Chorales\024417bv.mid
bach,024425b_.mid,Bach\Bwv001- 400 Chorales\024425b_.mid
bach,024429bb.mid,Bach\Bwv001- 400 Chorales\024429bb.mid
bach,024432b_.mid,Bach\Bwv001- 400 Chorales\024432b_.mid
bach,024437b_.mid,Bach\Bwv001- 400 Chorales\024437b_.mid
bach,024440b_.mid,Bach\Bwv001- 400 Chorales\024440b_.mid
bach,024444b_.mid,Bach\Bwv001- 400 Chorales\024444b_.mid
bach,024446b_.mid,Bach\Bwv001- 400 Chorales\024446b_.mid
bach,024454b_.mid,Bach\Bwv001- 400 Chorales\024454b_.mid
bach,024462b_.mid,Bach\Bwv001- 400 Chorales\024462b_.mid
bach,024462bv.mid,Bach\Bwv001- 400 Chorales\024462bv.mid
bach,024503b_.mid,Bach\Bwv001- 400 Chorales\024503b_.mid
bach,024505b_.mid,Bach\Bwv001- 400 Chorales\024505b_.mid
bach,024511b_.mid,Bach\Bwv001- 400 Chorales\024511b_.mid
bach,024514b_.mid,Bach\Bwv001- 400 Chorales\024514b_.mid
bach,024515B_.mid,Bach\Bwv001- 400 Chorales\024515B_.mid
bach,024517b_.mid,Bach\Bwv001- 400 Chorales\024517b_.mid
bach,024522b_.mid,Bach\Bwv001- 400 Chorales\024522b_.mid
bach,024526b_.mid,Bach\Bwv001- 400 Chorales\024526b_.mid
bach,024528b_.mid,Bach\Bwv001- 400 Chorales\024528b_.mid
bach,024537b_.mid,Bach\Bwv001- 400 Chorales\024537b_.mid
bach,024540b_.mid,Bach\Bwv001- 400 Chorales\024540b_.mid
bach,024805b1.mid,Bach\Bwv001- 400 Chorales\024805b1.mid
bach,024809b1.mid,Bach\Bwv001- 400 Chorales\024809b1.mid
bach,024809bs.mid,Bach\Bwv001- 400 Chorales\024809bs.mid
bach,024812b2.mid,Bach\Bwv001- 400 Chorales\024812b2.mid
bach,024817b2.mid,Bach\Bwv001- 400 Chorales\024817b2.mid
bach,024823b2.mid,Bach\Bwv001- 400 Chorales\024823b2.mid
bach,024823bs.mid,Bach\Bwv001- 400 Chorales\024823bs.mid
bach,024828b3.mid,Bach\Bwv001- 400 Chorales\024828b3.mid
bach,024833b3.mid,Bach\Bwv001- 400 Chorales\024833b3.mid
bach,024835b3.mid,Bach\Bwv001- 400 Chorales\024835b3.mid
bach,024842b4.mid,Bach\Bwv001- 400 Chorales\024842b4.mid
bach,024842bs.mid,Bach\Bwv001- 400 Chorales\024842bs.mid
bach,024846b5.mid,Bach\Bwv001- 400 Chorales\024846b5.mid
bach,024853b5.mid,Bach\Bwv001- 400 Chorales\024853b5.mid
bach,024859b6.mid,Bach\Bwv001- 400 Chorales\024859b6.mid
bach,024864b6.mid,Bach\Bwv001- 400 Chorales\024864b6.mid
bach,024864bs.mid,Bach\Bwv001- 400 Chorales\024864bs.mid
bach,024864qt.mid,Bach\Bwv001- 400 Chorales\024864qt.mid
bach,025000b_.mid,Bach\Bwv001- 400 Chorales\025000b_.mid
bach,025100b_.mid,Bach\Bwv001- 400 Chorales\025100b_.mid
bach,025200b_.mid,Bach\Bwv001- 400 Chorales\025200b_.mid
bach,025300b_.mid,Bach\Bwv001- 400 Chorales\025300b_.mid
bach,025400b_.mid,Bach\Bwv001- 400 Chorales\025400b_.mid
bach,025500b_.mid,Bach\Bwv001- 400 Chorales\025500b_.mid
bach,025600b_.mid,Bach\Bwv001- 400 Chorales\025600b_.mid
bach,025700b_.mid,Bach\Bwv001- 400 Chorales\025700b_.mid
bach,025800b_.mid,Bach\Bwv001- 400 Chorales\025800b_.mid
bach,025900b_.mid,Bach\Bwv001- 400 Chorales\025900b_.mid
bach,026000b_.mid,Bach\Bwv001- 400 Chorales\026000b_.mid
bach,026100b_.mid,Bach\Bwv001- 400 Chorales\026100b_.mid
bach,026200b_.mid,Bach\Bwv001- 400 Chorales\026200b_.mid
bach,026300b_.mid,Bach\Bwv001- 400 Chorales\026300b_.mid
bach,026400b_.mid,Bach\Bwv001- 400 Chorales\026400b_.mid
bach,026500b_.mid,Bach\Bwv001- 400 Chorales\026500b_.mid
bach,026600b_.mid,Bach\Bwv001- 400 Chorales\026600b_.mid
bach,026700b_.mid,Bach\Bwv001- 400 Chorales\026700b_.mid
bach,026700ba.mid,Bach\Bwv001- 400 Chorales\026700ba.mid
bach,026800b_.mid,Bach\Bwv001- 400 Chorales\026800b_.mid
bach,026900b_.mid,Bach\Bwv001- 400 Chorales\026900b_.mid
bach,027000b_.mid,Bach\Bwv001- 400 Chorales\027000b_.mid
bach,027100b_.mid,Bach\Bwv001- 400 Chorales\027100b_.mid
bach,027200b_.mid,Bach\Bwv001- 400 Chorales\027200b_.mid
bach,027300b_.mid,Bach\Bwv001- 400 Chorales\027300b_.mid
bach,027400b_.mid,Bach\Bwv001- 400 Chorales\027400b_.mid
bach,027500b_.mid,Bach\Bwv001- 400 Chorales\027500b_.mid
bach,027600b_.mid,Bach\Bwv001- 400 Chorales\027600b_.mid
bach,027700b_.mid,Bach\Bwv001- 400 Chorales\027700b_.mid
bach,027800b_.mid,Bach\Bwv001- 400 Chorales\027800b_.mid
bach,027900b_.mid,Bach\Bwv001- 400 Chorales\027900b_.mid
bach,028000b_.mid,Bach\Bwv001- 400 Chorales\028000b_.mid
bach,028100b_.mid,Bach\Bwv001- 400 Chorales\028100b_.mid
bach,028200b_.mid,Bach\Bwv001- 400 Chorales\028200b_.mid
bach,028300b_.mid,Bach\Bwv001- 400 Chorales\028300b_.mid
bach,028400b_.mid,Bach\Bwv001- 400 Chorales\028400b_.mid
bach,028500b_.mid,Bach\Bwv001- 400 Chorales\028500b_.mid
bach,028600b_.mid,Bach\Bwv001- 400 Chorales\028600b_.mid
bach,028700b_.mid,Bach\Bwv001- 400 Chorales\028700b_.mid
bach,028800b_.mid,Bach\Bwv001- 400 Chorales\028800b_.mid
bach,028900b_.mid,Bach\Bwv001- 400 Chorales\028900b_.mid
bach,029000b_.mid,Bach\Bwv001- 400 Chorales\029000b_.mid
bach,029100b_.mid,Bach\Bwv001- 400 Chorales\029100b_.mid
bach,029200b_.mid,Bach\Bwv001- 400 Chorales\029200b_.mid
bach,029300b_.mid,Bach\Bwv001- 400 Chorales\029300b_.mid
bach,029400b_.mid,Bach\Bwv001- 400 Chorales\029400b_.mid
bach,029500b_.mid,Bach\Bwv001- 400 Chorales\029500b_.mid
bach,029600b_.mid,Bach\Bwv001- 400 Chorales\029600b_.mid
bach,029700b_.mid,Bach\Bwv001- 400 Chorales\029700b_.mid
bach,029800b_.mid,Bach\Bwv001- 400 Chorales\029800b_.mid
bach,029900b_.mid,Bach\Bwv001- 400 Chorales\029900b_.mid
bach,030000b_.mid,Bach\Bwv001- 400 Chorales\030000b_.mid
bach,030100b_.mid,Bach\Bwv001- 400 Chorales\030100b_.mid
bach,030200b_.mid,Bach\Bwv001- 400 Chorales\030200b_.mid
bach,030300b_.mid,Bach\Bwv001- 400 Chorales\030300b_.mid
bach,030400b_.mid,Bach\Bwv001- 400 Chorales\030400b_.mid
bach,030500b_.mid,Bach\Bwv001- 400 Chorales\030500b_.mid
bach,030600b_.mid,Bach\Bwv001- 400 Chorales\030600b_.mid
bach,030700b_.mid,Bach\Bwv001- 400 Chorales\030700b_.mid
bach,030800b_.mid,Bach\Bwv001- 400 Chorales\030800b_.mid
bach,030900b_.mid,Bach\Bwv001- 400 Chorales\030900b_.mid
bach,031000b_.mid,Bach\Bwv001- 400 Chorales\031000b_.mid
bach,031100b_.mid,Bach\Bwv001- 400 Chorales\031100b_.mid
bach,031200b_.mid,Bach\Bwv001- 400 Chorales\031200b_.mid
bach,031300b_.mid,Bach\Bwv001- 400 Chorales\031300b_.mid
bach,031400b_.mid,Bach\Bwv001- 400 Chorales\031400b_.mid
bach,031500b_.mid,Bach\Bwv001- 400 Chorales\031500b_.mid
bach,031600b_.mid,Bach\Bwv001- 400 Chorales\031600b_.mid
bach,031700b_.mid,Bach\Bwv001- 400 Chorales\031700b_.mid
bach,031800b_.mid,Bach\Bwv001- 400 Chorales\031800b_.mid
bach,031900b_.mid,Bach\Bwv001- 400 Chorales\031900b_.mid
bach,032000b_.mid,Bach\Bwv001- 400 Chorales\032000b_.mid
bach,032100b_.mid,Bach\Bwv001- 400 Chorales\032100b_.mid
bach,032200b_.mid,Bach\Bwv001- 400 Chorales\032200b_.mid
bach,032300b_.mid,Bach\Bwv001- 400 Chorales\032300b_.mid
bach,032400b_.mid,Bach\Bwv001- 400 Chorales\032400b_.mid
bach,032500b_.mid,Bach\Bwv001- 400 Chorales\032500b_.mid
bach,032600b_.mid,Bach\Bwv001- 400 Chorales\032600b_.mid
bach,032700b_.mid,Bach\Bwv001- 400 Chorales\032700b_.mid
bach,032800b_.mid,Bach\Bwv001- 400 Chorales\032800b_.mid
bach,032900b_.mid,Bach\Bwv001- 400 Chorales\032900b_.mid
bach,033000b_.mid,Bach\Bwv001- 400 Chorales\033000b_.mid
bach,033100b_.mid,Bach\Bwv001- 400 Chorales\033100b_.mid
bach,033200b_.mid,Bach\Bwv001- 400 Chorales\033200b_.mid
bach,033300b_.mid,Bach\Bwv001- 400 Chorales\033300b_.mid
bach,033400b_.mid,Bach\Bwv001- 400 Chorales\033400b_.mid
bach,033500b_.mid,Bach\Bwv001- 400 Chorales\033500b_.mid
bach,033500bv.mid,Bach\Bwv001- 400 Chorales\033500bv.mid
bach,033600b_.mid,Bach\Bwv001- 400 Chorales\033600b_.mid
bach,033700b_.mid,Bach\Bwv001- 400 Chorales\033700b_.mid
bach,033800b_.mid,Bach\Bwv001- 400 Chorales\033800b_.mid
bach,033900b_.mid,Bach\Bwv001- 400 Chorales\033900b_.mid
bach,034000b_.mid,Bach\Bwv001- 400 Chorales\034000b_.mid
bach,034100b_.mid,Bach\Bwv001- 400 Chorales\034100b_.mid
bach,034200b_.mid,Bach\Bwv001- 400 Chorales\034200b_.mid
bach,034300b_.mid,Bach\Bwv001- 400 Chorales\034300b_.mid
bach,034400b_.mid,Bach\Bwv001- 400 Chorales\034400b_.mid
bach,034500b_.mid,Bach\Bwv001- 400 Chorales\034500b_.mid
bach,034600b_.mid,Bach\Bwv001- 400 Chorales\034600b_.mid
bach,034700b_.mid,Bach\Bwv001- 400 Chorales\034700b_.mid
bach,034800b_.mid,Bach\Bwv001- 400 Chorales\034800b_.mid
bach,034900b_.mid,Bach\Bwv001- 400 Chorales\034900b_.mid
bach,035000b_.mid,Bach\Bwv001- 400 Chorales\035000b_.mid
bach,035100b_.mid,Bach\Bwv001- 400 Chorales\035100b_.mid
bach,035200b_.mid,Bach\Bwv001- 400 Chorales\035200b_.mid
bach,035300b_.mid,Bach\Bwv001- 400 Chorales\035300b_.mid
bach,035400b_.mid,Bach\Bwv001- 400 Chorales\035400b_.mid
bach,035500b_.mid,Bach\Bwv001- 400 Chorales\035500b_.mid
bach,035600b_.mid,Bach\Bwv001- 400 Chorales\035600b_.mid
bach,035700b_.mid,Bach\Bwv001- 400 Chorales\035700b_.mid
bach,035800b_.mid,Bach\Bwv001- 400 Chorales\035800b_.mid
bach,035900b_.mid,Bach\Bwv001- 400 Chorales\035900b_.mid
bach,036000b_.mid,Bach\Bwv001- 400 Chorales\036000b_.mid
bach,036100b_.mid,Bach\Bwv001- 400 Chorales\036100b_.mid
bach,036200b_.mid,Bach\Bwv001- 400 Chorales\036200b_.mid
bach,036300b_.mid,Bach\Bwv001- 400 Chorales\036300b_.mid
bach,036400b_.mid,Bach\Bwv001- 400 Chorales\036400b_.mid
bach,036500b_.mid,Bach\Bwv001- 400 Chorales\036500b_.mid
bach,036600b_.mid,Bach\Bwv001- 400 Chorales\036600b_.mid
bach,036700b_.mid,Bach\Bwv001- 400 Chorales\036700b_.mid
bach,036800b_.mid,Bach\Bwv001- 400 Chorales\036800b_.mid
bach,036900b_.mid,Bach\Bwv001- 400 Chorales\036900b_.mid
bach,037000b_.mid,Bach\Bwv001- 400 Chorales\037000b_.mid
bach,037100b_.mid,Bach\Bwv001- 400 Chorales\037100b_.mid
bach,037200b_.mid,Bach\Bwv001- 400 Chorales\037200b_.mid
bach,037300b_.mid,Bach\Bwv001- 400 Chorales\037300b_.mid
bach,037300bv.mid,Bach\Bwv001- 400 Chorales\037300bv.mid
bach,037400b_.mid,Bach\Bwv001- 400 Chorales\037400b_.mid
bach,037500b_.mid,Bach\Bwv001- 400 Chorales\037500b_.mid
bach,037600b_.mid,Bach\Bwv001- 400 Chorales\037600b_.mid
bach,037700b_.mid,Bach\Bwv001- 400 Chorales\037700b_.mid
bach,037800b_.mid,Bach\Bwv001- 400 Chorales\037800b_.mid
bach,037900b_.mid,Bach\Bwv001- 400 Chorales\037900b_.mid
bach,038000b_.mid,Bach\Bwv001- 400 Chorales\038000b_.mid
bach,038100b_.mid,Bach\Bwv001- 400 Chorales\038100b_.mid
bach,038200b_.mid,Bach\Bwv001- 400 Chorales\038200b_.mid
bach,038300b_.mid,Bach\Bwv001- 400 Chorales\038300b_.mid
bach,038400b_.mid,Bach\Bwv001- 400 Chorales\038400b_.mid
bach,038500b_.mid,Bach\Bwv001- 400 Chorales\038500b_.mid
bach,038600b_.mid,Bach\Bwv001- 400 Chorales\038600b_.mid
bach,038700b_.mid,Bach\Bwv001- 400 Chorales\038700b_.mid
bach,038800b_.mid,Bach\Bwv001- 400 Chorales\038800b_.mid
bach,038900b_.mid,Bach\Bwv001- 400 Chorales\038900b_.mid
bach,039000b_.mid,Bach\Bwv001- 400 Chorales\039000b_.mid
bach,039100b_.mid,Bach\Bwv001- 400 Chorales\039100b_.mid
bach,039200b_.mid,Bach\Bwv001- 400 Chorales\039200b_.mid
bach,039300b_.mid,Bach\Bwv001- 400 Chorales\039300b_.mid
bach,039400b_.mid,Bach\Bwv001- 400 Chorales\039400b_.mid
bach,039500b_.mid,Bach\Bwv001- 400 Chorales\039500b_.mid
bach,039600b_.mid,Bach\Bwv001- 400 Chorales\039600b_.mid
bach,039700b_.mid,Bach\Bwv001- 400 Chorales\039700b_.mid
bach,039800b_.mid,Bach\Bwv001- 400 Chorales\039800b_.mid
bach,039900b_.mid,Bach\Bwv001- 400 Chorales\039900b_.mid
bach,040000b_.mid,Bach\Bwv001- 400 Chorales\040000b_.mid
bach,040100b_.mid,Bach\Bwv001- 400 Chorales\040100b_.mid
bach,040200b_.mid,Bach\Bwv001- 400 Chorales\040200b_.mid
bach,040300b_.mid,Bach\Bwv001- 400 Chorales\040300b_.mid
bach,040400b_.mid,Bach\Bwv001- 400 Chorales\040400b_.mid
bach,040400bv.mid,Bach\Bwv001- 400 Chorales\040400bv.mid
bach,040500b_.mid,Bach\Bwv001- 400 Chorales\040500b_.mid
bach,040600b_.mid,Bach\Bwv001- 400 Chorales\040600b_.mid
bach,040700b_.mid,Bach\Bwv001- 400 Chorales\040700b_.mid
bach,040800b_.mid,Bach\Bwv001- 400 Chorales\040800b_.mid
bach,040900b_.mid,Bach\Bwv001- 400 Chorales\040900b_.mid
bach,040900bv.mid,Bach\Bwv001- 400 Chorales\040900bv.mid
bach,041000b_.mid,Bach\Bwv001- 400 Chorales\041000b_.mid
bach,041100b_.mid,Bach\Bwv001- 400 Chorales\041100b_.mid
bach,041200b_.mid,Bach\Bwv001- 400 Chorales\041200b_.mid
bach,041300b_.mid,Bach\Bwv001- 400 Chorales\041300b_.mid
bach,041400b_.mid,Bach\Bwv001- 400 Chorales\041400b_.mid
bach,041500b_.mid,Bach\Bwv001- 400 Chorales\041500b_.mid
bach,041600b_.mid,Bach\Bwv001- 400 Chorales\041600b_.mid
bach,041700b_.mid,Bach\Bwv001- 400 Chorales\041700b_.mid
bach,041800b_.mid,Bach\Bwv001- 400 Chorales\041800b_.mid
bach,041900b_.mid,Bach\Bwv001- 400 Chorales\041900b_.mid
bach,042000b_.mid,Bach\Bwv001- 400 Chorales\042000b_.mid
bach,042100b_.mid,Bach\Bwv001- 400 Chorales\042100b_.mid
bach,042200b_.mid,Bach\Bwv001- 400 Chorales\042200b_.mid
bach,042300b_.mid,Bach\Bwv001- 400 Chorales\042300b_.mid
bach,042400b_.mid,Bach\Bwv001- 400 Chorales\042400b_.mid
bach,042500b_.mid,Bach\Bwv001- 400 Chorales\042500b_.mid
bach,042600b_.mid,Bach\Bwv001- 400 Chorales\042600b_.mid
bach,042700b_.mid,Bach\Bwv001- 400 Chorales\042700b_.mid
bach,042800b_.mid,Bach\Bwv001- 400 Chorales\042800b_.mid
bach,042900b_.mid,Bach\Bwv001- 400 Chorales\042900b_.mid
bach,043000b_.mid,Bach\Bwv001- 400 Chorales\043000b_.mid
bach,043100b_.mid,Bach\Bwv001- 400 Chorales\043100b_.mid
bach,043200b_.mid,Bach\Bwv001- 400 Chorales\043200b_.mid
bach,043300b_.mid,Bach\Bwv001- 400 Chorales\043300b_.mid
bach,043400b_.mid,Bach\Bwv001- 400 Chorales\043400b_.mid
bach,043500b_.mid,Bach\Bwv001- 400 Chorales\043500b_.mid
bach,043600b_.mid,Bach\Bwv001- 400 Chorales\043600b_.mid
bach,043700b_.mid,Bach\Bwv001- 400 Chorales\043700b_.mid
bach,043800b_.mid,Bach\Bwv001- 400 Chorales\043800b_.mid
bach,051000b_.mid,Bach\Bwv001- 400 Chorales\051000b_.mid
bach,060600b_.mid,Bach\Bwv001- 400 Chorales\060600b_.mid
bach,060800b_.mid,Bach\Bwv001- 400 Chorales\060800b_ .mid
bach,060800qt.mid,Bach\Bwv001- 400 Chorales\060800qt .mid
bach,064200b_.mid,Bach\Bwv001- 400 Chorales\064200b_.mid
bach,064500b_.mid,Bach\Bwv001- 400 Chorales\064500b_.mid
bach,064600b_.mid,Bach\Bwv001- 400 Chorales\064600b_.mid
bach,064700b_.mid,Bach\Bwv001- 400 Chorales\064700b_.mid
bach,064800b_.mid,Bach\Bwv001- 400 Chorales\064800b_.mid
bach,064900b_.mid,Bach\Bwv001- 400 Chorales\064900b_.mid
bach,065000b_.mid,Bach\Bwv001- 400 Chorales\065000b_.mid
bach,065100b_.mid,Bach\Bwv001- 400 Chorales\065100b_.mid
bach,065200b_.mid,Bach\Bwv001- 400 Chorales\065200b_.mid
bach,065300b_.mid,Bach\Bwv001- 400 Chorales\065300b_.mid
bach,065400b_.mid,Bach\Bwv001- 400 Chorales\065400b_.mid
bach,065500b_.mid,Bach\Bwv001- 400 Chorales\065500b_.mid
bach,065600b_.mid,Bach\Bwv001- 400 Chorales\065600b_.mid
bach,065700b_.mid,Bach\Bwv001- 400 Chorales\065700b_.mid
bach,065800b_.mid,Bach\Bwv001- 400 Chorales\065800b_.mid
bach,065900b_.mid,Bach\Bwv001- 400 Chorales\065900b_.mid
bach,066000b_.mid,Bach\Bwv001- 400 Chorales\066000b_.mid
bach,066100b_.mid,Bach\Bwv001- 400 Chorales\066100b_.mid
bach,066200b_.mid,Bach\Bwv001- 400 Chorales\066200b_.mid
bach,066300b_.mid,Bach\Bwv001- 400 Chorales\066300b_.mid
bach,066400b_.mid,Bach\Bwv001- 400 Chorales\066400b_.mid
bach,066500b_.mid,Bach\Bwv001- 400 Chorales\066500b_.mid
bach,066600b_.mid,Bach\Bwv001- 400 Chorales\066600b_.mid
bach,066700b_.mid,Bach\Bwv001- 400 Chorales\066700b_.mid
bach,066800b_.mid,Bach\Bwv001- 400 Chorales\066800b_.mid
bach,066800com.mid,Bach\Bwv001- 400 Chorales\066800com.mid
bach,069000b_.mid,Bach\Bwv001- 400 Chorales\069000b_.mid
bach,069100b_.mid,Bach\Bwv001- 400 Chorales\069100b_.mid
bach,069100orn.mid,Bach\Bwv001- 400 Chorales\069100orn.mid
bach,069400b_.mid,Bach\Bwv001- 400 Chorales\069400b_.mid
bach,070000b_.mid,Bach\Bwv001- 400 Chorales\070000b_.mid
bach,070100b_.mid,Bach\Bwv001- 400 Chorales\070100b_.mid
bach,073300b_.mid,Bach\Bwv001- 400 Chorales\073300b_.mid
bach,073800b_.mid,Bach\Bwv001- 400 Chorales\073800b_.mid
bach,076901b_.mid,Bach\Bwv001- 400 Chorales\076901b_.mid
bach,076902b_.mid,Bach\Bwv001- 400 Chorales\076902b_.mid
bach,076903b_.mid,Bach\Bwv001- 400 Chorales\076903b_.mid
bach,076904b_.mid,Bach\Bwv001- 400 Chorales\076904b_.mid
bach,076905b_.mid,Bach\Bwv001- 400 Chorales\076905b_.mid
bach,109100b_.mid,Bach\Bwv001- 400 Chorales\109100b_.mid
bach,Bwv0016.mid,Bach\Bwv001- 400 Chorales\Bwv001.6.mid
bach,Bwv001.mid,Bach\Bwv001- 400 Chorales\Bwv001.mid
bach,Bwv0026.mid,Bach\Bwv001- 400 Chorales\Bwv002.6.mid
bach,Bwv0036.mid,Bach\Bwv001- 400 Chorales\Bwv003.6.mid
bach,Bwv0036v.mid,Bach\Bwv001- 400 Chorales\Bwv003.6v.mid
bach,Bwv0048.mid,Bach\Bwv001- 400 Chorales\Bwv004.8.mid
bach,Bwv0048v.mid,Bach\Bwv001- 400 Chorales\Bwv004.8v.mid
bach,Bwv0057.mid,Bach\Bwv001- 400 Chorales\Bwv005.7.mid
bach,Bwv0063.mid,Bach\Bwv001- 400 Chorales\Bwv006.3.mid
bach,Bwv0066.mid,Bach\Bwv001- 400 Chorales\Bwv006.6.mid
bach,Bwv0077.mid,Bach\Bwv001- 400 Chorales\Bwv007.7.mid
bach,Bwv0086.mid,Bach\Bwv001- 400 Chorales\Bwv008.6.mid
bach,Bwv0097.mid,Bach\Bwv001- 400 Chorales\Bwv009.7.mid
bach,Bwv0107.mid,Bach\Bwv001- 400 Chorales\Bwv010.7.mid
bach,Bwv0116.mid,Bach\Bwv001- 400 Chorales\Bwv011.6.mid
bach,Bwv0127.mid,Bach\Bwv001- 400 Chorales\Bwv012.7.mid
bach,Bwv0136.mid,Bach\Bwv001- 400 Chorales\Bwv013.6.mid
bach,Bwv0145.mid,Bach\Bwv001- 400 Chorales\Bwv014.5.mid
bach,Bwv0166.mid,Bach\Bwv001- 400 Chorales\Bwv016.6.mid
bach,Bwv0177.mid,Bach\Bwv001- 400 Chorales\Bwv017.7.mid
bach,Bwv0185.mid,Bach\Bwv001- 400 Chorales\Bwv018.5.mid
bach,Bwv018a5.mid,Bach\Bwv001- 400 Chorales\Bwv018a.5.mid
bach,Bwv0197.mid,Bach\Bwv001- 400 Chorales\Bwv019.7.mid
bach,Bwv0197ch.mid,Bach\Bwv001- 400 Chorales\Bwv019.7ch.mid
bach,Bwv02011.mid,Bach\Bwv001- 400 Chorales\Bwv020.11.mid
bach,Bwv0207.mid,Bach\Bwv001- 400 Chorales\Bwv020.7.mid
bach,Bwv0246.mid,Bach\Bwv001- 400 Chorales\Bwv024.6.mid
bach,Bwv0246s.mid,Bach\Bwv001- 400 Chorales\Bwv024.6s.mid
bach,Bwv0256.mid,Bach\Bwv001- 400 Chorales\Bwv025.6.mid
bach,Bwv0256v1.mid,Bach\Bwv001- 400 Chorales\Bwv025.6v1.mid
bach,Bwv0256v2.mid,Bach\Bwv001- 400 Chorales\Bwv025.6v2.mid
bach,Bwv0266.mid,Bach\Bwv001- 400 Chorales\Bwv026.6.mid
bach,Bwv0276.mid,Bach\Bwv001- 400 Chorales\Bwv027.6.mid
bach,Bwv0286.mid,Bach\Bwv001- 400 Chorales\Bwv028.6.mid
bach,Bwv0298.mid,Bach\Bwv001- 400 Chorales\Bwv029.8.mid
bach,Bwv0298ch.mid,Bach\Bwv001- 400 Chorales\Bwv029.8ch.mid
bach,Bwv0306.mid,Bach\Bwv001- 400 Chorales\Bwv030.6.mid
bach,Bwv0306v.mid,Bach\Bwv001- 400 Chorales\Bwv030.6v.mid
bach,Bwv0319.mid,Bach\Bwv001- 400 Chorales\Bwv031.9.mid
bach,Bwv0326.mid,Bach\Bwv001- 400 Chorales\Bwv032.6.mid
bach,Bwv0336.mid,Bach\Bwv001- 400 Chorales\Bwv033.6.mid
bach,Bwv03624.mid,Bach\Bwv001- 400 Chorales\Bwv036(2).4.mid
bach,Bwv03628.mid,Bach\Bwv001- 400 Chorales\Bwv036(2).8.mid
bach,bsgjg_a.mid,Bach\Bwv001- 400 Chorales\Bwv768 Chorale and Variations\bsgjg_a.mid
bach,bsgjg_b.mid,Bach\Bwv001- 400 Chorales\Bwv768 Chorale and Variations\bsgjg_b.mid
bach,bsgjg_c.mid,Bach\Bwv001- 400 Chorales\Bwv768 Chorale and Variations\bsgjg_c.mid
bach,bsgjg_d.mid,Bach\Bwv001- 400 Chorales\Bwv768 Chorale and Variations\bsgjg_d.mid
bach,bsgjg_e.mid,Bach\Bwv001- 400 Chorales\Bwv768 Chorale and Variations\bsgjg_e.mid
bach,bsgjg_f.mid,Bach\Bwv001- 400 Chorales\Bwv768 Chorale and Variations\bsgjg_f.mid
bach,bsgjg_g.mid,Bach\Bwv001- 400 Chorales\Bwv768 Chorale and Variations\bsgjg_g.mid
bach,bsgjg_h.mid,Bach\Bwv001- 400 Chorales\Bwv768 Chorale and Variations\bsgjg_h.mid
bach,bsgjg_i.mid,Bach\Bwv001- 400 Chorales\Bwv768 Chorale and Variations\bsgjg_i.mid
bach,bsgjg_j.mid,Bach\Bwv001- 400 Chorales\Bwv768 Chorale and Variations\bsgjg_j.mid
bach,bsgjg_k.mid,Bach\Bwv001- 400 Chorales\Bwv768 Chorale and Variations\bsgjg_k.mid
bach,bsgjg_l.mid,Bach\Bwv001- 400 Chorales\Bwv768 Chorale and Variations\bsgjg_l.mid
bach,Bwv0525_Sonate_en_trio_n1.mid,Bach\Bwv0525 Sonate en trio n1.mid
bach,Bwv0526_Sonate_en_trio_n2.mid,Bach\Bwv0526 Sonate en trio n2.mid
bach,Bwv0527_Sonate_en_trio_n3.mid,Bach\Bwv0527 Sonate en trio n3.mid
bach,Bwv0528_Sonate_en_trio_n4.mid,Bach\Bwv0528 Sonate en trio n4.mid
bach,Bwv0529_Sonate_en_trio_n5.mid,Bach\Bwv0529 Sonate en trio n5.mid
bach,Bwv0530_Sonate_en_trio_n6.mid,Bach\Bwv0530 Sonate en trio n6.mid
bach,Bwv0531_Prelude_and_Fugue.mid,Bach\Bwv0531 Prelude and Fugue.mid
bach,Bwv0532_Toccata_and_Fugue.mid,Bach\Bwv0532 Toccata and Fugue.mid
bach,Bwv0533_Prelude_and_Fugue.mid,Bach\Bwv0533 Prelude and Fugue.mid
bach,Bwv0535_Prelude_and_Fugue.mid,Bach\Bwv0535 Prelude and Fugue.mid
bach,Bwv0536_Prelude_and_Fugue.mid,Bach\Bwv0536 Prelude and Fugue.mid
bach,Bwv0537_Fantasia_and_Fugue.mid,Bach\Bwv0537 Fantasia and Fugue.mid
bach,Bwv0538_Toccata_and_Fugue_Dorian.mid,Bach\Bwv0538 Toccata and Fugue ''Dorian''.mid
bach,Bwv0539_Prelude_and_Fugue.mid,Bach\Bwv0539 Prelude and Fugue.mid
bach,Bwv0540_Toccata_and_Fugue.mid,Bach\Bwv0540 Toccata and Fugue.mid
bach,Bwv0541_Prelude_and_Fugue.mid,Bach\Bwv0541 Prelude and Fugue.mid
bach,Bwv0542_Fantasia_and_Fugue.mid,Bach\Bwv0542 Fantasia and Fugue.mid
bach,Bwv0543_Prelude_and_Fugue.mid,Bach\Bwv0543 Prelude and Fugue.mid
bach,Bwv0544_Prelude_and_Fugue.mid,Bach\Bwv0544 Prelude and Fugue.mid
bach,Bwv0546_Prelude_and_Fugue.mid,Bach\Bwv0546 Prelude and Fugue.mid
bach,Bwv0547_Prelude_and_Fugue.mid,Bach\Bwv0547 Prelude and Fugue.mid
bach,Bwv0549_Prelude_and_Fugue.mid,Bach\Bwv0549 Prelude and Fugue.mid
bach,Bwv0550_Prelude_and_Fugue.mid,Bach\Bwv0550 Prelude and Fugue.mid
bach,Bwv0551_Prelude_and_Fugue.mid,Bach\Bwv0551 Prelude and Fugue.mid
bach,Bwv0552_Prelude_and_Fugue_St_Anne.mid,Bach\Bwv0552 Prelude and Fugue ''St. Anne''.mid
bach,Bwv0554_Short_Prelude_and_Fugue_n2_Spurious.mid,Bach\Bwv0554 Short Prelude and Fugue n2 (Spurious).mid
bach,Bwv0555_Short_Prelude_and_Fugue_n3_Spurious.mid,Bach\Bwv0555 Short Prelude and Fugue n3 (Spurious).mid
bach,Bwv0556_Short_Prelude_and_Fugue_n4_Spurious.mid,Bach\Bwv0556 Short Prelude and Fugue n4 (Spurious).mid
bach,Bwv0557_Short_Prelude_and_Fugue_n5_Spurious.mid,Bach\Bwv0557 Short Prelude and Fugue n5 (Spurious).mid
bach,Bwv0558_Short_Prelude_and_Fugue_n6_Spurious.mid,Bach\Bwv0558 Short Prelude and Fugue n6 (Spurious).mid
bach,Bwv0559_Short_Prelude_and_Fugue_n7_Spurious.mid,Bach\Bwv0559 Short Prelude and Fugue n7 (Spurious).mid
bach,Bwv0560_Short_Prelude_and_Fugue_n8_Spurious.mid,Bach\Bwv0560 Short Prelude and Fugue n8 (Spurious).mid
bach,Bwv0561_Fantasie_and_Fuga.mid,Bach\Bwv0561 Fantasie and Fuga.mid
bach,Bwv0563_Fantasie_con_imitation.mid,Bach\Bwv0563 Fantasie con imitation.mid
bach,Bwv0564_Toccata_Adagio_and_Fugue.mid,Bach\Bwv0564 Toccata Adagio and Fugue.MID
bach,Bwv0565_Toccata_and_Fugue_In_Dm_A.mid,Bach\Bwv0565 Toccata and Fugue In Dm A.mid
bach,Bwv0565_Toccata_and_Fugue_In_Dm_B.mid,Bach\Bwv0565 Toccata and Fugue In Dm B.mid
bach,Bwv0565_Toccata_and_Fugue_In_Dm_C.mid,Bach\Bwv0565 Toccata and Fugue In Dm C.MID
bach,Bwv0566_Prelude_and_Fugue.mid,Bach\Bwv0566 Prelude and Fugue.mid
bach,Bwv0568_Prelude.mid,Bach\Bwv0568 Prelude.mid
bach,Bwv0570_Fantasia.mid,Bach\Bwv0570 Fantasia.mid
bach,Bwv0572_Fantasia.mid,Bach\Bwv0572 Fantasia.mid
bach,Bwv0582_Passacaglia_and_Fugue_Orchestral.mid,Bach\Bwv0582 Passacaglia and Fugue (Orchestral).mid
bach,Bwv0582_Passacaglia_and_Fugue.mid,Bach\Bwv0582 Passacaglia and Fugue.mid
bach,Bwv0590_Pastorale.mid,Bach\Bwv0590 Pastorale.mid
bach,Bwv0593_Vivaldi_Concerto_Arrangement_RV522.mid,Bach\Bwv0593 Vivaldi Concerto Arrangement RV522.mid
bach,Bwv0594_Vivaldi_Concerto_Arrangement_RV208.mid,Bach\Bwv0594 Vivaldi Concerto Arrangement RV208.mid
bach,Bwv0733_Fuga_Sopra_Magnificat.mid,Bach\Bwv0733 Fuga Sopra Magnificat.mid
bach,Bwv0806_English_Suite_n1_01mov.mid,Bach\Bwv0806 English Suite n1 01mov .mid
bach,Bwv0806_English_Suite_n1_02mov.mid,Bach\Bwv0806 English Suite n1 02mov .mid
bach,Bwv0806_English_Suite_n1_03mov.mid,Bach\Bwv0806 English Suite n1 03mov .mid
bach,Bwv0806_English_Suite_n1_04mov.mid,Bach\Bwv0806 English Suite n1 04mov .mid
bach,Bwv0806_English_Suite_n1_05mov.mid,Bach\Bwv0806 English Suite n1 05mov.mid
bach,Bwv0806_English_Suite_n1_06mov.mid,Bach\Bwv0806 English Suite n1 06mov .mid
bach,Bwv0806_English_Suite_n1_07mov.mid,Bach\Bwv0806 English Suite n1 07mov .mid
bach,Bwv0806_English_Suite_n1_08mov.mid,Bach\Bwv0806 English Suite n1 08mov .mid
bach,Bwv0806_English_Suite_n1_09mov.mid,Bach\Bwv0806 English Suite n1 09mov .mid
bach,Bwv0806_English_Suite_n1_10mov.mid,Bach\Bwv0806 English Suite n1 10mov .mid
bach,Bwv0811_English_Suite_n6_1mov.mid,Bach\Bwv0811 English Suite n6 1mov.mid
bach,Bwv0811_English_Suite_n6_2mov.mid,Bach\Bwv0811 English Suite n6 2mov.mid
bach,Bwv0811_English_Suite_n6_3mov.mid,Bach\Bwv0811 English Suite n6 3mov.mid
bach,Bwv0811_English_Suite_n6_4mov.mid,Bach\Bwv0811 English Suite n6 4mov.mid
bach,Bwv0811_English_Suite_n6_5mov.mid,Bach\Bwv0811 English Suite n6 5mov.mid
bach,Bwv0811_English_Suite_n6_6mov.mid,Bach\Bwv0811 English Suite n6 6mov.mid
bach,Bwv0811_English_Suite_n6_7mov.mid,Bach\Bwv0811 English Suite n6 7mov.mid
bach,Bwv0811_English_Suite_n6_8mov.mid,Bach\Bwv0811 English Suite n6 8mov.mid
bach,Bwv0815_French_Suite_n4.mid,Bach\Bwv0815 French Suite n4.mid
bach,Bwv0816_French_Suite_n5.mid,Bach\Bwv0816 French Suite n5.mid
bach,Bwv0817_French_Suite_n6.mid,Bach\Bwv0817 French Suite n6.mid
bach,Bwv0906_Fantasia_and_Fugue.mid,Bach\Bwv0906 Fantasia and Fugue.mid
bach,Bwv0910_Toccata.mid,Bach\Bwv0910 Toccata.MID
bach,Bwv0911_Toccata.mid,Bach\Bwv0911 Toccata.MID
bach,Bwv0912_Toccata.mid,Bach\Bwv0912 Toccata.MID
bach,Bwv0913_Toccata.mid,Bach\Bwv0913 Toccata.MID
bach,Bwv0914_Toccata.mid,Bach\Bwv0914 Toccata.MID
bach,Bwv0915_Toccata.mid,Bach\Bwv0915 Toccata.MID
bach,Bwv0916_Toccata.mid,Bach\Bwv0916 Toccata.MID
bach,Bwv0933_Little_Prelude_n1.mid,Bach\Bwv0933 Little Prelude n1.mid
bach,Bwv0934_Little_Prelude_n2.mid,Bach\Bwv0934 Little Prelude n2.mid
bach,Bwv0935_Little_Prelude_n3.mid,Bach\Bwv0935 Little Prelude n3.mid
bach,Bwv0936_Little_Prelude_n4.mid,Bach\Bwv0936 Little Prelude n4.mid
bach,Bwv0937_Little_Prelude_n5.mid,Bach\Bwv0937 Little Prelude n5.mid
bach,Bwv0938_Little_Prelude_n6.mid,Bach\Bwv0938 Little Prelude n6.mid
bach,Bwv0963_Sonata.mid,Bach\Bwv0963 Sonata.mid
bach,Bwv0967_Sonata.mid,Bach\Bwv0967 Sonata.mid
bach,Bwv0992_Capriccio.mid,Bach\Bwv0992 Capriccio.mid
bach,Bwv0996_Suite_for_Lute.mid,Bach\Bwv0996 Suite for Lute.mid
bach,Bwv0997_Partita_for_Lute_1mov.mid,Bach\Bwv0997 Partita for Lute 1mov.mid
bach,Bwv0997_Partita_for_Lute_2mov.mid,Bach\Bwv0997 Partita for Lute 2mov.mid
bach,Bwv0997_Partita_for_Lute_3mov.mid,Bach\Bwv0997 Partita for Lute 3mov.mid
bach,Bwv0997_Partita_for_Lute_4mov.mid,Bach\Bwv0997 Partita for Lute 4mov.mid
bach,Bwv0997_Partita_for_Lute_5mov.mid,Bach\Bwv0997 Partita for Lute 5mov.mid
bach,Bwv0998_Prelude_Fugue_Allegro_for_Lute_1mov.mid,Bach\Bwv0998 Prelude Fugue Allegro for Lute 1mov.mid
bach,Bwv0998_Prelude_Fugue_Allegro_for_Lute_2mov.mid,Bach\Bwv0998 Prelude Fugue Allegro for Lute 2mov.mid
bach,Bwv0998_Prelude_Fugue_Allegro_for_Lute_3mov.mid,Bach\Bwv0998 Prelude Fugue Allegro for Lute 3mov.mid
bach,Bwv1005_Violin_Sonata_n3_1mov_Adagio.mid,Bach\Bwv1005 Violin Sonata n3 1mov Adagio.mid
bach,Bwv1005_Violin_Sonata_n3_2mov_Fugue.mid,Bach\Bwv1005 Violin Sonata n3 2mov Fugue.mid
bach,Bwv1005_Violin_Sonata_n3_3mov_Largo.mid,Bach\Bwv1005 Violin Sonata n3 3mov Largo.mid
bach,Bwv1005_Violin_Sonata_n3_4mov_Allegro.mid,Bach\Bwv1005 Violin Sonata n3 4mov Allegro.mid
bach,Bwv1014_Harpsicord_and_Violin_Sonata_1mov.mid,Bach\Bwv1014 Harpsicord and Violin Sonata 1mov.mid
bach,Bwv1014_Harpsicord_and_Violin_Sonata_2mov.mid,Bach\Bwv1014 Harpsicord and Violin Sonata 2mov.mid
bach,Bwv1014_Harpsicord_and_Violin_Sonata_3mov.mid,Bach\Bwv1014 Harpsicord and Violin Sonata 3mov.mid
bach,Bwv1014_Harpsicord_and_Violin_Sonata_4mov.mid,Bach\Bwv1014 Harpsicord and Violin Sonata 4mov.mid
bach,Bwv1046_aSinfonia_h.mid,Bach\Bwv1046 aSinfonia h.mid
bach,Bwv1066_Orchestral_Suite_n1_1mov.mid,Bach\Bwv1066-1069 Orchestral Suites\Bwv1066 Orchestral Suite n1 1mov.mid
bach,Bwv1066_Orchestral_Suite_n1_2mov.mid,Bach\Bwv1066-1069 Orchestral Suites\Bwv1066 Orchestral Suite n1 2mov.mid
bach,Bwv1066_Orchestral_Suite_n1_3mov.mid,Bach\Bwv1066-1069 Orchestral Suites\Bwv1066 Orchestral Suite n1 3mov.mid
bach,Bwv1066_Orchestral_Suite_n1_4mov.mid,Bach\Bwv1066-1069 Orchestral Suites\Bwv1066 Orchestral Suite n1 4mov.mid
bach,Bwv1066_Orchestral_Suite_n1_5mov.mid,Bach\Bwv1066-1069 Orchestral Suites\Bwv1066 Orchestral Suite n1 5mov.mid
bach,Bwv1066_Orchestral_Suite_n1_6mov.mid,Bach\Bwv1066-1069 Orchestral Suites\Bwv1066 Orchestral Suite n1 6mov.mid
bach,Bwv1066_Orchestral_Suite_n1_7mov.mid,Bach\Bwv1066-1069 Orchestral Suites\Bwv1066 Orchestral Suite n1 7mov.mid
bach,Bwv1067_Orchestral_Suite_n2_1mov.mid,Bach\Bwv1066-1069 Orchestral Suites\Bwv1067 Orchestral Suite n2 1mov.mid
bach,Bwv1067_Orchestral_Suite_n2_2mov.mid,Bach\Bwv1066-1069 Orchestral Suites\Bwv1067 Orchestral Suite n2 2mov.mid
bach,Bwv1067_Orchestral_Suite_n2_3mov.mid,Bach\Bwv1066-1069 Orchestral Suites\Bwv1067 Orchestral Suite n2 3mov.mid
bach,Bwv1067_Orchestral_Suite_n2_4mov.mid,Bach\Bwv1066-1069 Orchestral Suites\Bwv1067 Orchestral Suite n2 4mov.mid
bach,Bwv1067_Orchestral_Suite_n2_5mov.mid,Bach\Bwv1066-1069 Orchestral Suites\Bwv1067 Orchestral Suite n2 5mov.mid
bach,Bwv1067_Orchestral_Suite_n2_6mov.mid,Bach\Bwv1066-1069 Orchestral Suites\Bwv1067 Orchestral Suite n2 6mov.mid
bach,Bwv1067_Orchestral_Suite_n2_7mov.mid,Bach\Bwv1066-1069 Orchestral Suites\Bwv1067 Orchestral Suite n2 7mov.mid
bach,Bwv1068_Orchestral_Suite_n3_1mov.mid,Bach\Bwv1066-1069 Orchestral Suites\Bwv1068 Orchestral Suite n3 1mov.mid
bach,Bwv1068_Orchestral_Suite_n3_2mov.mid,Bach\Bwv1066-1069 Orchestral Suites\Bwv1068 Orchestral Suite n3 2mov.mid
bach,Bwv1068_Orchestral_Suite_n3_3mov.mid,Bach\Bwv1066-1069 Orchestral Suites\Bwv1068 Orchestral Suite n3 3mov.mid
bach,Bwv1068_Orchestral_Suite_n3_4mov.mid,Bach\Bwv1066-1069 Orchestral Suites\Bwv1068 Orchestral Suite n3 4mov.mid
bach,Bwv1068_Orchestral_Suite_n3_5mov.mid,Bach\Bwv1066-1069 Orchestral Suites\Bwv1068 Orchestral Suite n3 5mov.mid
bach,Bwv1069_Orchestral_Suite_n4_1mov.mid,Bach\Bwv1066-1069 Orchestral Suites\Bwv1069 Orchestral Suite n4 1mov.mid
bach,Bwv1069_Orchestral_Suite_n4_2mov.mid,Bach\Bwv1066-1069 Orchestral Suites\Bwv1069 Orchestral Suite n4 2mov.mid
bach,Bwv1069_Orchestral_Suite_n4_3mov.mid,Bach\Bwv1066-1069 Orchestral Suites\Bwv1069 Orchestral Suite n4 3mov.mid
bach,Bwv1069_Orchestral_Suite_n4_4mov.mid,Bach\Bwv1066-1069 Orchestral Suites\Bwv1069 Orchestral Suite n4 4mov.mid
bach,Bwv1069_Orchestral_Suite_n4_5mov.mid,Bach\Bwv1066-1069 Orchestral Suites\Bwv1069 Orchestral Suite n4 5mov.mid
bach,Bwv1066_Orchestral_suite_n1_Bouree.mid,Bach\Bwv1066-1069 Orchestral Suites\Nueva carpeta\Bwv1066 Orchestral suite n1 Bouree.mid
bach,Bwv1066_Orchestral_suite_n1_Courante.mid,Bach\Bwv1066-1069 Orchestral Suites\Nueva carpeta\Bwv1066 Orchestral suite n1 Courante.mid
bach,Bwv1066_Orchestral_suite_n1_Forlane.mid,Bach\Bwv1066-1069 Orchestral Suites\Nueva carpeta\Bwv1066 Orchestral suite n1 Forlane.mid
bach,Bwv1066_Orchestral_suite_n1_Gavotte.mid,Bach\Bwv1066-1069 Orchestral Suites\Nueva carpeta\Bwv1066 Orchestral suite n1 Gavotte.mid
bach,Bwv1066_Orchestral_suite_n1_Menuet.mid,Bach\Bwv1066-1069 Orchestral Suites\Nueva carpeta\Bwv1066 Orchestral suite n1 Menuet.mid
bach,Bwv1066_Orchestral_suite_n1_Overture.mid,Bach\Bwv1066-1069 Orchestral Suites\Nueva carpeta\Bwv1066 Orchestral suite n1 Overture.mid
bach,Bwv1066_Orchestral_suite_n1_Passpied.mid,Bach\Bwv1066-1069 Orchestral Suites\Nueva carpeta\Bwv1066 Orchestral suite n1 Passpied.mid
bach,Bwv1067_Orchestral_suite_n2_Badineri.mid,Bach\Bwv1066-1069 Orchestral Suites\Nueva carpeta\Bwv1067 Orchestral suite n2 Badineri.mid
bach,Bwv1067_Orchestral_suite_n2_Bouree.mid,Bach\Bwv1066-1069 Orchestral Suites\Nueva carpeta\Bwv1067 Orchestral suite n2 Bouree.mid
bach,Bwv1067_Orchestral_suite_n2_Menuet.mid,Bach\Bwv1066-1069 Orchestral Suites\Nueva carpeta\Bwv1067 Orchestral suite n2 Menuet.mid
bach,Bwv1067_Orchestral_suite_n2_Overture.mid,Bach\Bwv1066-1069 Orchestral Suites\Nueva carpeta\Bwv1067 Orchestral suite n2 Overture.mid
bach,Bwv1067_Orchestral_suite_n2_Polonais.mid,Bach\Bwv1066-1069 Orchestral Suites\Nueva carpeta\Bwv1067 Orchestral suite n2 Polonais.mid
bach,Bwv1067_Orchestral_suite_n2_Rondeau.mid,Bach\Bwv1066-1069 Orchestral Suites\Nueva carpeta\Bwv1067 Orchestral suite n2 Rondeau.mid
bach,Bwv1067_Orchestral_suite_n2_Sarabande.mid,Bach\Bwv1066-1069 Orchestral Suites\Nueva carpeta\Bwv1067 Orchestral suite n2 Sarabande.mid
bach,Bwv1068_Orchestral_suite_n3_Air.mid,Bach\Bwv1066-1069 Orchestral Suites\Nueva carpeta\Bwv1068 Orchestral suite n3 Air.mid
bach,Bwv1068_Orchestral_suite_n3_Bourree.mid,Bach\Bwv1066-1069 Orchestral Suites\Nueva carpeta\Bwv1068 Orchestral suite n3 Bourree.mid
bach,Bwv1068_Orchestral_suite_n3_Gavotte.mid,Bach\Bwv1066-1069 Orchestral Suites\Nueva carpeta\Bwv1068 Orchestral suite n3 Gavotte.mid
bach,Bwv1068_Orchestral_suite_n3_Gigue.mid,Bach\Bwv1066-1069 Orchestral Suites\Nueva carpeta\Bwv1068 Orchestral suite n3 Gigue.mid
bach,Bwv1068_Orchestral_suite_n3_Overture.mid,Bach\Bwv1066-1069 Orchestral Suites\Nueva carpeta\Bwv1068 Orchestral suite n3 Overture.mid
bach,Bwv1069_Orchestral_suite_n4_Bourree.mid,Bach\Bwv1066-1069 Orchestral Suites\Nueva carpeta\Bwv1069 Orchestral suite n4 Bourree.mid
bach,Bwv1069_Orchestral_suite_n4_Gavotte.mid,Bach\Bwv1066-1069 Orchestral Suites\Nueva carpeta\Bwv1069 Orchestral suite n4 Gavotte.mid
bach,Bwv1069_Orchestral_suite_n4_Menuet.mid,Bach\Bwv1066-1069 Orchestral Suites\Nueva carpeta\Bwv1069 Orchestral suite n4 Menuet.mid
bach,Bwv1069_Orchestral_suite_n4_Overture.mid,Bach\Bwv1066-1069 Orchestral Suites\Nueva carpeta\Bwv1069 Orchestral suite n4 Overture.mid
bach,Bwv1069_Orchestral_suite_n4_Rejouissance.mid,Bach\Bwv1066-1069 Orchestral Suites\Nueva carpeta\Bwv1069 Orchestral suite n4 Rejouissance.mid
bach,Musical_Offering_n1_Ricercare_a_3.mid,Bach\Bwv1079 The Musical Offering\Musical Offering n1 Ricercare a 3.MID
bach,Musical_Offering_n10.mid,Bach\Bwv1079 The Musical Offering\Musical Offering n10.MID
bach,Musical_Offering_n11.mid,Bach\Bwv1079 The Musical Offering\Musical Offering n11.MID
bach,Musical_Offering_n12.mid,Bach\Bwv1079 The Musical Offering\Musical Offering n12.MID
bach,Musical_Offering_n13.mid,Bach\Bwv1079 The Musical Offering\Musical Offering n13.MID
bach,Musical_Offering_n14.mid,Bach\Bwv1079 The Musical Offering\Musical Offering n14.MID
bach,Musical_Offering_n15_Trio-Largo.mid,Bach\Bwv1079 The Musical Offering\Musical Offering n15 Trio-Largo.MID
bach,Musical_Offering_n16_Trio-Allegro.mid,Bach\Bwv1079 The Musical Offering\Musical Offering n16 Trio-Allegro.MID
bach,Musical_Offering_n17_Trio-Andante.mid,Bach\Bwv1079 The Musical Offering\Musical Offering n17 Trio-Andante.MID
bach,Musical_Offering_n18_Trio-Allegro.mid,Bach\Bwv1079 The Musical Offering\Musical Offering n18 Trio-Allegro.MID
bach,Musical_Offering_n19.mid,Bach\Bwv1079 The Musical Offering\Musical Offering n19.MID
bach,Musical_Offering_n2_Canon_Perpetuus.mid,Bach\Bwv1079 The Musical Offering\Musical Offering n2 Canon Perpetuus.MID
bach,Musical_Offering_n3.mid,Bach\Bwv1079 The Musical Offering\Musical Offering n3.MID
bach,Musical_Offering_n4.mid,Bach\Bwv1079 The Musical Offering\Musical Offering n4.MID
bach,Musical_Offering_n5.mid,Bach\Bwv1079 The Musical Offering\Musical Offering n5.MID
bach,Musical_Offering_n6.mid,Bach\Bwv1079 The Musical Offering\Musical Offering n6.MID
bach,Musical_Offering_n7.mid,Bach\Bwv1079 The Musical Offering\Musical Offering n7.MID
bach,Musical_Offering_n8.mid,Bach\Bwv1079 The Musical Offering\Musical Offering n8.MID
bach,Musical_Offering_n9_Ricercare_a_6.mid,Bach\Bwv1079 The Musical Offering\Musical Offering n9 Ricercare a 6.MID
bach,Canon_Fugue_n1.mid,Bach\Bwv1080 The Art Of Fugue\Canon Fugue n1.mid
bach,Canon_Fugue_n2.mid,Bach\Bwv1080 The Art Of Fugue\Canon Fugue n2.mid
bach,Canon_Fugue_n3.mid,Bach\Bwv1080 The Art Of Fugue\Canon Fugue n3.mid
bach,Canon_Fugue_n4.mid,Bach\Bwv1080 The Art Of Fugue\Canon Fugue n4.mid
bach,Counter_Fugue_n1.mid,Bach\Bwv1080 The Art Of Fugue\Counter Fugue n1.mid
bach,Counter_Fugue_n2.mid,Bach\Bwv1080 The Art Of Fugue\Counter Fugue n2.mid
bach,Counter_Fugue_n3.mid,Bach\Bwv1080 The Art Of Fugue\Counter Fugue n3.mid
bach,Double_Fugue_n1.mid,Bach\Bwv1080 The Art Of Fugue\Double Fugue n1.mid
bach,Double_Fugue_n2.mid,Bach\Bwv1080 The Art Of Fugue\Double Fugue n2.mid
bach,Mirror_Fugue_n1.mid,Bach\Bwv1080 The Art Of Fugue\Mirror Fugue n1.mid
bach,Mirror_Fugue_n2.mid,Bach\Bwv1080 The Art Of Fugue\Mirror Fugue n2.mid
bach,Simple_Fugue_Inverted_Subject_n1.mid,Bach\Bwv1080 The Art Of Fugue\Simple Fugue Inverted Subject n1.mid
bach,Simple_Fugue_Inverted_Subject_n2.mid,Bach\Bwv1080 The Art Of Fugue\Simple Fugue Inverted Subject n2.mid
bach,Simple_Fugue_Regular_Subject_n1.mid,Bach\Bwv1080 The Art Of Fugue\Simple Fugue Regular Subject n1.mid
bach,Simple_Fugue_Regular_Subject_n2.mid,Bach\Bwv1080 The Art Of Fugue\Simple Fugue Regular Subject n2.mid
bach,The_Art_of_the_Fugue_BWV1080.mid,Bach\Bwv1080 The Art Of Fugue\The Art of the Fugue BWV1080.mid
bach,Triple_Fugue_n1.mid,Bach\Bwv1080 The Art Of Fugue\Triple Fugue n1.mid
bach,Triple_Fugue_n2.mid,Bach\Bwv1080 The Art Of Fugue\Triple Fugue n2.mid
bach,Unfinished_Fugue.mid,Bach\Bwv1080 The Art Of Fugue\Unfinished Fugue.mid
bach,01_Kyrie_Eleison.mid,Bach\Bwv232 Mass\01. Kyrie Eleison .mid
bach,02_Christe_Eleison.mid,Bach\Bwv232 Mass\02. Christe Eleison .mid
bach,03_Kyrie_Eleison.mid,Bach\Bwv232 Mass\03. Kyrie Eleison .mid
bach,04_Chor_Gloria_In_Exelcis.mid,Bach\Bwv232 Mass\04. Chor Gloria In Exelcis .mid
bach,05_Aria_For_Soprano.mid,Bach\Bwv232 Mass\05. Aria For Soprano .mid
bach,06_Chor_Gratias_Animus_Tibi.mid,Bach\Bwv232 Mass\06. Chor Gratias Animus Tibi .mid
bach,07_Duet_Domine_Deus.mid,Bach\Bwv232 Mass\07. Duet Domine Deus .mid
bach,08_Chor_Qui_Tollis.mid,Bach\Bwv232 Mass\08. Chor Qui Tollis .mid
bach,09_Aria_Qui_Sedes.mid,Bach\Bwv232 Mass\09. Aria Qui Sedes.mid
bach,10_Aria_Quoniam.mid,Bach\Bwv232 Mass\10. Aria Quoniam.mid
bach,11_Chor_Cum_Sancto.mid,Bach\Bwv232 Mass\11. Chor Cum Sancto .mid
bach,12_Chor_Credo_In_Unum_Deum.mid,Bach\Bwv232 Mass\12. Chor Credo In Unum Deum .mid
bach,13_Chor_Patrem_Omnipotentem.mid,Bach\Bwv232 Mass\13. Chor Patrem Omnipotentem .mid
bach,14_Duet_In_Unum.mid,Bach\Bwv232 Mass\14. Duet In Unum .mid
bach,15_Et_Incarnatus__Cricifixus.mid,Bach\Bwv232 Mass\15. Et Incarnatus & Cricifixus.mid
bach,16_Et_Ressurexit.mid,Bach\Bwv232 Mass\16. Et Ressurexit.mid
bach,17_Bass_Aria_Et_In_Spritum.mid,Bach\Bwv232 Mass\17. Bass Aria Et In Spritum .mid
bach,18_Confiteor.mid,Bach\Bwv232 Mass\18. Confiteor.mid
bach,19_Sanctus.mid,Bach\Bwv232 Mass\19. Sanctus .mid
bach,20_Osanna.mid,Bach\Bwv232 Mass\20. Osanna .mid
bach,21_Benedictus.mid,Bach\Bwv232 Mass\21. Benedictus .mid
bach,22_Agnus_Dei.mid,Bach\Bwv232 Mass\22. Agnus Dei.mid
bach,23_Donna_Nobis_Pacem.mid,Bach\Bwv232 Mass\23. Donna Nobis Pacem .mid
bach,1Bass_Aria.mid,Bach\Bwv244 St. Matthew Passion\1.Bass Aria.mid
bach,10Wir_setzen_uns_mit_Tra_nen_nieder_Chorus.mid,Bach\Bwv244 St. Matthew Passion\10.Wir setzen uns mit Tra_nen nieder Chorus.mid
bach,2Aus_Liebe_will_mein_Heiland_sterban_Soprano_Aria.mid,Bach\Bwv244 St. Matthew Passion\2.Aus Liebe will mein Heiland sterban Soprano Aria.mid
bach,3Gebt_mir_meinen_Jesum_weider_Bass_Aria.mid,Bach\Bwv244 St. Matthew Passion\3.Gebt mir meinen Jesum weider Bass Aria.mid
bach,4Blute_nur_du_liebes_Herz_Soprano_Aria.mid,Bach\Bwv244 St. Matthew Passion\4.Blute nur du liebes Herz Soprano Aria.mid
bach,5Erbarme_dicht_mein_Gott_Alto_Aria.mid,"Bach\Bwv244 St. Matthew Passion\5.Erbarme dicht, mein Gott Alto Aria.mid"
bach,6Herzliebster_Jesu_Chorus.mid,Bach\Bwv244 St. Matthew Passion\6.Herzliebster Jesu Chorus.mid
bach,7Ko_nnen_Tra_nen_meiner_Wangen_nichts_erlangen_Alto_Aria.mid,Bach\Bwv244 St. Matthew Passion\7.Ko_nnen Tra_nen meiner Wangen nichts erlangen Alto Aria.mid
bach,8Mache_dich_mein_herz_Bass_Aria.mid,Bach\Bwv244 St. Matthew Passion\8.Mache dich mein herz Bass Aria.mid
bach,9O_Haupt_voll_Blut_und_Wunden_Chorus.mid,Bach\Bwv244 St. Matthew Passion\9.O Haupt voll Blut und Wunden Chorus.mid
bach,Bwv772_Invention_n01.mid,Bach\Bwv772-786 Two Part Inventions\Bwv772 Invention n01.mid
bach,invent1.mid,Bach\Bwv772-786 Two Part Inventions\Bwv772-786 Two Part Inventions\invent1.mid
bach,invent10.mid,Bach\Bwv772-786 Two Part Inventions\Bwv772-786 Two Part Inventions\invent10.mid
bach,invent11.mid,Bach\Bwv772-786 Two Part Inventions\Bwv772-786 Two Part Inventions\invent11.mid
bach,invent12.mid,Bach\Bwv772-786 Two Part Inventions\Bwv772-786 Two Part Inventions\invent12.mid
bach,invent13.mid,Bach\Bwv772-786 Two Part Inventions\Bwv772-786 Two Part Inventions\invent13.mid
bach,invent14.mid,Bach\Bwv772-786 Two Part Inventions\Bwv772-786 Two Part Inventions\invent14.mid
bach,invent15.mid,Bach\Bwv772-786 Two Part Inventions\Bwv772-786 Two Part Inventions\invent15.mid
bach,invent2.mid,Bach\Bwv772-786 Two Part Inventions\Bwv772-786 Two Part Inventions\invent2.mid
bach,invent3.mid,Bach\Bwv772-786 Two Part Inventions\Bwv772-786 Two Part Inventions\invent3.mid
bach,invent4.mid,Bach\Bwv772-786 Two Part Inventions\Bwv772-786 Two Part Inventions\invent4.mid
bach,invent5.mid,Bach\Bwv772-786 Two Part Inventions\Bwv772-786 Two Part Inventions\invent5.mid
bach,invent8.mid,Bach\Bwv772-786 Two Part Inventions\Bwv772-786 Two Part Inventions\invent8.mid
bach,invent9.mid,Bach\Bwv772-786 Two Part Inventions\Bwv772-786 Two Part Inventions\invent9.mid
bach,Bwv773_Invention_n02.mid,Bach\Bwv772-786 Two Part Inventions\Bwv773 Invention n02.mid
bach,Bwv774_Invention_n03.mid,Bach\Bwv772-786 Two Part Inventions\Bwv774 Invention n03.mid
bach,Bwv775_Invention_n04.mid,Bach\Bwv772-786 Two Part Inventions\Bwv775 Invention n04.mid
bach,Bwv776_Invention_n05.mid,Bach\Bwv772-786 Two Part Inventions\Bwv776 Invention n05.mid
bach,Bwv777_Invention_n06.mid,Bach\Bwv772-786 Two Part Inventions\Bwv777 Invention n06.mid
bach,Bwv778_Invention_n07.mid,Bach\Bwv772-786 Two Part Inventions\Bwv778 Invention n07.mid
bach,Bwv779_Invention_n08.mid,Bach\Bwv772-786 Two Part Inventions\Bwv779 Invention n08 .mid
bach,Bwv780_Invention_n09.mid,Bach\Bwv772-786 Two Part Inventions\Bwv780 Invention n09 .mid
bach,Bwv781_Invention_n10.mid,Bach\Bwv772-786 Two Part Inventions\Bwv781 Invention n10.mid
bach,Bwv782_Invention_n11.mid,Bach\Bwv772-786 Two Part Inventions\Bwv782 Invention n11.mid
bach,Bwv783_Invention_n12.mid,Bach\Bwv772-786 Two Part Inventions\Bwv783 Invention n12 .mid
bach,Bwv784_Invention_n13.mid,Bach\Bwv772-786 Two Part Inventions\Bwv784 Invention n13 .mid
bach,Bwv785_Invention_n14.mid,Bach\Bwv772-786 Two Part Inventions\Bwv785 Invention n14 .mid
bach,Bwv786_Invention_n15.mid,Bach\Bwv772-786 Two Part Inventions\Bwv786 Invention n15.mid
bach,Bwv0787_Sinfonia_n1.mid,Bach\Bwv787-801 Three Part Inventions (Sinfonias)\Bwv0787 Sinfonia n1.mid
bach,Bwv0788_Sinfonia_n2.mid,Bach\Bwv787-801 Three Part Inventions (Sinfonias)\Bwv0788 Sinfonia n2.mid
bach,Bwv0789_Sinfonia_n3.mid,Bach\Bwv787-801 Three Part Inventions (Sinfonias)\Bwv0789 Sinfonia n3.mid
bach,Bwv0790_Sinfonia_n4.mid,Bach\Bwv787-801 Three Part Inventions (Sinfonias)\Bwv0790 Sinfonia n4.mid
bach,Bwv0791_Sinfonia_n5.mid,Bach\Bwv787-801 Three Part Inventions (Sinfonias)\Bwv0791 Sinfonia n5.mid
bach,Bwv0792_Sinfonia_n6.mid,Bach\Bwv787-801 Three Part Inventions (Sinfonias)\Bwv0792 Sinfonia n6.mid
bach,Bwv0793_Sinfonia_n7.mid,Bach\Bwv787-801 Three Part Inventions (Sinfonias)\Bwv0793 Sinfonia n7.mid
bach,Bwv0794_Sinfonia_n8.mid,Bach\Bwv787-801 Three Part Inventions (Sinfonias)\Bwv0794 Sinfonia n8.mid
bach,Bwv0795_Sinfonia_n9.mid,Bach\Bwv787-801 Three Part Inventions (Sinfonias)\Bwv0795 Sinfonia n9.mid
bach,Bwv0796_Sinfonia_n10.mid,Bach\Bwv787-801 Three Part Inventions (Sinfonias)\Bwv0796 Sinfonia n10.mid
bach,Bwv0797_Sinfonia_n11.mid,Bach\Bwv787-801 Three Part Inventions (Sinfonias)\Bwv0797 Sinfonia n11.mid
bach,Bwv0798_Sinfonia_n12.mid,Bach\Bwv787-801 Three Part Inventions (Sinfonias)\Bwv0798 Sinfonia n12.mid
bach,Bwv0799_Sinfonia_n13.mid,Bach\Bwv787-801 Three Part Inventions (Sinfonias)\Bwv0799 Sinfonia n13.mid
bach,Bwv0800_Sinfonia_n14.mid,Bach\Bwv787-801 Three Part Inventions (Sinfonias)\Bwv0800 Sinfonia n14.mid
bach,Bwv0801_Sinfonia_n15.mid,Bach\Bwv787-801 Three Part Inventions (Sinfonias)\Bwv0801 Sinfonia n15.mid
bach,Bwv802_Four_Inventions_Duettos_Clavier-U_bung_III_n1.mid,Bach\Bwv802 Four Inventions (Duettos) Clavier-U_bung III n1.mid
bach,WT1_1A.mid,Bach\Bwv846-869 The Well Tempered Clavier Book 1\WT1_1A.MID
bach,WT1_1B.mid,Bach\Bwv846-869 The Well Tempered Clavier Book 1\WT1_1B.MID
bach,WT1_2A.mid,Bach\Bwv846-869 The Well Tempered Clavier Book 1\WT1_2A.MID
bach,WT1_2B.mid,Bach\Bwv846-869 The Well Tempered Clavier Book 1\WT1_2B.MID
bach,WT1_3A.mid,Bach\Bwv846-869 The Well Tempered Clavier Book 1\WT1_3A.MID
bach,WT1_3B.mid,Bach\Bwv846-869 The Well Tempered Clavier Book 1\WT1_3B.MID
bach,WT1_4A.mid,Bach\Bwv846-869 The Well Tempered Clavier Book 1\WT1_4A.MID
bach,WT1_4B.mid,Bach\Bwv846-869 The Well Tempered Clavier Book 1\WT1_4B.MID
bach,WT1_5A.mid,Bach\Bwv846-869 The Well Tempered Clavier Book 1\WT1_5A.MID
bach,WT1_5B.mid,Bach\Bwv846-869 The Well Tempered Clavier Book 1\WT1_5B.MID
bach,WT1_6A.mid,Bach\Bwv846-869 The Well Tempered Clavier Book 1\WT1_6A.MID
bach,WT1_6B.mid,Bach\Bwv846-869 The Well Tempered Clavier Book 1\WT1_6B.MID
bach,WT1_7A.mid,Bach\Bwv846-869 The Well Tempered Clavier Book 1\WT1_7A.MID
bach,WT1_7B.mid,Bach\Bwv846-869 The Well Tempered Clavier Book 1\WT1_7B.MID
bach,WT1_8A.mid,Bach\Bwv846-869 The Well Tempered Clavier Book 1\WT1_8A.MID
bach,WT1_8B.mid,Bach\Bwv846-869 The Well Tempered Clavier Book 1\WT1_8B.MID
bach,WT1_9A.mid,Bach\Bwv846-869 The Well Tempered Clavier Book 1\WT1_9A.MID
bach,WT1_9B.mid,Bach\Bwv846-869 The Well Tempered Clavier Book 1\WT1_9B.MID
bach,WT1_X1A.mid,Bach\Bwv846-869 The Well Tempered Clavier Book 1\WT1_X1A.MID
bach,WT1_X1B.mid,Bach\Bwv846-869 The Well Tempered Clavier Book 1\WT1_X1B.MID
bach,WT1_X2A.mid,Bach\Bwv846-869 The Well Tempered Clavier Book 1\WT1_X2A.MID
bach,WT1_X2B.mid,Bach\Bwv846-869 The Well Tempered Clavier Book 1\WT1_X2B.MID
bach,WT1_X3A.mid,Bach\Bwv846-869 The Well Tempered Clavier Book 1\WT1_X3A.MID
bach,WT1_X3B.mid,Bach\Bwv846-869 The Well Tempered Clavier Book 1\WT1_X3B.MID
bach,WT1_X4A.mid,Bach\Bwv846-869 The Well Tempered Clavier Book 1\WT1_X4A.MID
bach,WT1_X4B.mid,Bach\Bwv846-869 The Well Tempered Clavier Book 1\WT1_X4B.MID
bach,WT1_X5A.mid,Bach\Bwv846-869 The Well Tempered Clavier Book 1\WT1_X5A.MID
bach,WT1_X5B.mid,Bach\Bwv846-869 The Well Tempered Clavier Book 1\WT1_X5B.MID
bach,WT1_X6A.mid,Bach\Bwv846-869 The Well Tempered Clavier Book 1\WT1_X6A.MID
bach,WT1_X6B.mid,Bach\Bwv846-869 The Well Tempered Clavier Book 1\WT1_X6B.MID
bach,WT1_X7A.mid,Bach\Bwv846-869 The Well Tempered Clavier Book 1\WT1_X7A.MID
bach,WT1_X7B.mid,Bach\Bwv846-869 The Well Tempered Clavier Book 1\WT1_X7B.MID
bach,WT1_X8A.mid,Bach\Bwv846-869 The Well Tempered Clavier Book 1\WT1_X8A.MID
bach,WT1_X8B.mid,Bach\Bwv846-869 The Well Tempered Clavier Book 1\WT1_X8B.MID
bach,WT1_X9A.mid,Bach\Bwv846-869 The Well Tempered Clavier Book 1\WT1_X9A.MID
bach,WT1_X9B.mid,Bach\Bwv846-869 The Well Tempered Clavier Book 1\WT1_X9B.MID
bach,WT1_X_A.mid,Bach\Bwv846-869 The Well Tempered Clavier Book 1\WT1_X_A.MID
bach,WT1_X_B.mid,Bach\Bwv846-869 The Well Tempered Clavier Book 1\WT1_X_B.MID
bach,WT1_XX1A.mid,Bach\Bwv846-869 The Well Tempered Clavier Book 1\WT1_XX1A.MID
bach,WT1_XX1B.mid,Bach\Bwv846-869 The Well Tempered Clavier Book 1\WT1_XX1B.MID
bach,WT1_XX2A.mid,Bach\Bwv846-869 The Well Tempered Clavier Book 1\WT1_XX2A.MID
bach,WT1_XX2B.mid,Bach\Bwv846-869 The Well Tempered Clavier Book 1\WT1_XX2B.MID
bach,WT1_XX3A.mid,Bach\Bwv846-869 The Well Tempered Clavier Book 1\WT1_XX3A.MID
bach,WT1_XX3B.mid,Bach\Bwv846-869 The Well Tempered Clavier Book 1\WT1_XX3B.MID
bach,WT1_XX4A.mid,Bach\Bwv846-869 The Well Tempered Clavier Book 1\WT1_XX4A.MID
bach,WT1_XX4B.mid,Bach\Bwv846-869 The Well Tempered Clavier Book 1\WT1_XX4B.MID
bach,WT1_XX_A.mid,Bach\Bwv846-869 The Well Tempered Clavier Book 1\WT1_XX_A.MID
bach,WT1_XX_B.mid,Bach\Bwv846-869 The Well Tempered Clavier Book 1\WT1_XX_B.MID
bach,Wtcii01a.mid,Bach\Bwv870-893 The Well Tempered Clavier Book 2\Wtcii01a.mid
bach,Wtcii01b.mid,Bach\Bwv870-893 The Well Tempered Clavier Book 2\Wtcii01b.mid
bach,WTCII02A.mid,Bach\Bwv870-893 The Well Tempered Clavier Book 2\WTCII02A.MID
bach,Wtcii02b.mid,Bach\Bwv870-893 The Well Tempered Clavier Book 2\Wtcii02b.mid
bach,WTCII03A.mid,Bach\Bwv870-893 The Well Tempered Clavier Book 2\WTCII03A.MID
bach,Wtcii03b.mid,Bach\Bwv870-893 The Well Tempered Clavier Book 2\Wtcii03b.mid
bach,WTCII04A.mid,Bach\Bwv870-893 The Well Tempered Clavier Book 2\WTCII04A.MID
bach,Wtcii04b.mid,Bach\Bwv870-893 The Well Tempered Clavier Book 2\Wtcii04b.mid
bach,WTCII05A.mid,Bach\Bwv870-893 The Well Tempered Clavier Book 2\WTCII05A.MID
bach,Wtcii05b.mid,Bach\Bwv870-893 The Well Tempered Clavier Book 2\Wtcii05b.mid
bach,WTCII06A.mid,Bach\Bwv870-893 The Well Tempered Clavier Book 2\WTCII06A.MID
bach,Wtcii06b.mid,Bach\Bwv870-893 The Well Tempered Clavier Book 2\Wtcii06b.mid
bach,WTCII07A.mid,Bach\Bwv870-893 The Well Tempered Clavier Book 2\WTCII07A.MID
bach,Wtcii07b.mid,Bach\Bwv870-893 The Well Tempered Clavier Book 2\Wtcii07b.mid
bach,WTCII08A.mid,Bach\Bwv870-893 The Well Tempered Clavier Book 2\WTCII08A.MID
bach,Wtcii08b.mid,Bach\Bwv870-893 The Well Tempered Clavier Book 2\Wtcii08b.mid
bach,WTCII09A.mid,Bach\Bwv870-893 The Well Tempered Clavier Book 2\WTCII09A.MID
bach,Wtcii09b.mid,Bach\Bwv870-893 The Well Tempered Clavier Book 2\Wtcii09b.mid
bach,Wtcii10a.mid,Bach\Bwv870-893 The Well Tempered Clavier Book 2\Wtcii10a.mid
bach,Wtcii10b.mid,Bach\Bwv870-893 The Well Tempered Clavier Book 2\Wtcii10b.mid
bach,Wtcii11a.mid,Bach\Bwv870-893 The Well Tempered Clavier Book 2\Wtcii11a.mid
bach,Wtcii11b.mid,Bach\Bwv870-893 The Well Tempered Clavier Book 2\Wtcii11b.mid
bach,WTCII12A.mid,Bach\Bwv870-893 The Well Tempered Clavier Book 2\WTCII12A.MID
bach,Wtcii12b.mid,Bach\Bwv870-893 The Well Tempered Clavier Book 2\Wtcii12b.mid
bach,WTCII13A.mid,Bach\Bwv870-893 The Well Tempered Clavier Book 2\WTCII13A.MID
bach,Wtcii13b.mid,Bach\Bwv870-893 The Well Tempered Clavier Book 2\Wtcii13b.mid
bach,WTCII14A.mid,Bach\Bwv870-893 The Well Tempered Clavier Book 2\WTCII14A.MID
bach,Wtcii14b.mid,Bach\Bwv870-893 The Well Tempered Clavier Book 2\Wtcii14b.mid
bach,WTCII15A.mid,Bach\Bwv870-893 The Well Tempered Clavier Book 2\WTCII15A.MID
bach,Wtcii15b.mid,Bach\Bwv870-893 The Well Tempered Clavier Book 2\Wtcii15b.mid
bach,WTCII16A.mid,Bach\Bwv870-893 The Well Tempered Clavier Book 2\WTCII16A.MID
bach,Wtcii16b.mid,Bach\Bwv870-893 The Well Tempered Clavier Book 2\Wtcii16b.mid
bach,WTCII17A.mid,Bach\Bwv870-893 The Well Tempered Clavier Book 2\WTCII17A.MID
bach,Wtcii17b.mid,Bach\Bwv870-893 The Well Tempered Clavier Book 2\Wtcii17b.mid
bach,WTCII18A.mid,Bach\Bwv870-893 The Well Tempered Clavier Book 2\WTCII18A.MID
bach,Wtcii18b.mid,Bach\Bwv870-893 The Well Tempered Clavier Book 2\Wtcii18b.mid
bach,WTCII19A.mid,Bach\Bwv870-893 The Well Tempered Clavier Book 2\WTCII19A.MID
bach,Wtcii19b.mid,Bach\Bwv870-893 The Well Tempered Clavier Book 2\Wtcii19b.mid
bach,WTCII20A.mid,Bach\Bwv870-893 The Well Tempered Clavier Book 2\WTCII20A.MID
bach,Wtcii20b.mid,Bach\Bwv870-893 The Well Tempered Clavier Book 2\Wtcii20b.mid
bach,WTCII21A.mid,Bach\Bwv870-893 The Well Tempered Clavier Book 2\WTCII21A.MID
bach,Wtcii21b.mid,Bach\Bwv870-893 The Well Tempered Clavier Book 2\Wtcii21b.mid
bach,WTCII22A.mid,Bach\Bwv870-893 The Well Tempered Clavier Book 2\WTCII22A.MID
bach,Wtcii22b.mid,Bach\Bwv870-893 The Well Tempered Clavier Book 2\Wtcii22b.mid
bach,WTCII23A.mid,Bach\Bwv870-893 The Well Tempered Clavier Book 2\WTCII23A.MID
bach,Wtcii23b.mid,Bach\Bwv870-893 The Well Tempered Clavier Book 2\Wtcii23b.mid
bach,Wtcii24a.mid,Bach\Bwv870-893 The Well Tempered Clavier Book 2\Wtcii24a.mid
bach,Wtcii24b.mid,Bach\Bwv870-893 The Well Tempered Clavier Book 2\Wtcii24b.mid
bach,Bwv1087_14_Canons.mid,Bach\Bwv988 The Goldberg Variations\Bwv1087 14 Canons.mid
bach,Variation_00_Aria.mid,Bach\Bwv988 The Goldberg Variations\Variation 00 Aria .mid
bach,Variation_01.mid,Bach\Bwv988 The Goldberg Variations\Variation 01.mid
bach,Variation_02.mid,Bach\Bwv988 The Goldberg Variations\Variation 02.mid
bach,Variation_03.mid,Bach\Bwv988 The Goldberg Variations\Variation 03.mid
bach,Variation_04.mid,Bach\Bwv988 The Goldberg Variations\Variation 04.mid
bach,Variation_05.mid,Bach\Bwv988 The Goldberg Variations\Variation 05.mid
bach,Variation_06.mid,Bach\Bwv988 The Goldberg Variations\Variation 06.mid
bach,Variation_07.mid,Bach\Bwv988 The Goldberg Variations\Variation 07.mid
bach,Variation_08.mid,Bach\Bwv988 The Goldberg Variations\Variation 08.mid
bach,Variation_09.mid,Bach\Bwv988 The Goldberg Variations\Variation 09.mid
bach,Variation_10.mid,Bach\Bwv988 The Goldberg Variations\Variation 10.mid
bach,Variation_11.mid,Bach\Bwv988 The Goldberg Variations\Variation 11.mid
bach,Variation_12.mid,Bach\Bwv988 The Goldberg Variations\Variation 12.mid
bach,Variation_13.mid,Bach\Bwv988 The Goldberg Variations\Variation 13.mid
bach,Variation_14.mid,Bach\Bwv988 The Goldberg Variations\Variation 14.mid
bach,Variation_15.mid,Bach\Bwv988 The Goldberg Variations\Variation 15.mid
bach,Variation_16.mid,Bach\Bwv988 The Goldberg Variations\Variation 16.mid
bach,Variation_17.mid,Bach\Bwv988 The Goldberg Variations\Variation 17.mid
bach,Variation_18.mid,Bach\Bwv988 The Goldberg Variations\Variation 18.mid
bach,Variation_19.mid,Bach\Bwv988 The Goldberg Variations\Variation 19.mid
bach,Variation_20.mid,Bach\Bwv988 The Goldberg Variations\Variation 20.mid
bach,Variation_21.mid,Bach\Bwv988 The Goldberg Variations\Variation 21.mid
bach,Variation_22.mid,Bach\Bwv988 The Goldberg Variations\Variation 22.mid
bach,Variation_23.mid,Bach\Bwv988 The Goldberg Variations\Variation 23.mid
bach,Variation_24.mid,Bach\Bwv988 The Goldberg Variations\Variation 24.mid
bach,Variation_25.mid,Bach\Bwv988 The Goldberg Variations\Variation 25.mid
bach,Variation_26.mid,Bach\Bwv988 The Goldberg Variations\Variation 26.mid
bach,Variation_27.mid,Bach\Bwv988 The Goldberg Variations\Variation 27.mid
bach,Variation_28.mid,Bach\Bwv988 The Goldberg Variations\Variation 28.mid
bach,Variation_29.mid,Bach\Bwv988 The Goldberg Variations\Variation 29.mid
bach,Variation_30.mid,Bach\Bwv988 The Goldberg Variations\Variation 30.mid
bach,Clavierubung_Part_111Duet_No2_in_F_Major.mid,"Bach\Clavierubung Part 111,Duet No.2 in F Major.mid"
bach,Bwv1041_Violin_Concerto_n1_1mov.mid,Bach\Concertos\Bwv1041 Violin Concerto n1 1mov.mid
bach,Bwv1041_Violin_Concerto_n1_2mov.mid,Bach\Concertos\Bwv1041 Violin Concerto n1 2mov.mid
bach,Bwv1041_Violin_Concerto_n1_3mov.mid,Bach\Concertos\Bwv1041 Violin Concerto n1 3mov.mid
bach,Bwv1042_Violin_Concerto_n2_1mov.mid,Bach\Concertos\Bwv1042 Violin Concerto n2 1mov.mid
bach,Bwv1042_Violin_Concerto_n2_2mov.mid,Bach\Concertos\Bwv1042 Violin Concerto n2 2mov.mid
bach,Bwv1042_Violin_Concerto_n2_3mov.mid,Bach\Concertos\Bwv1042 Violin Concerto n2 3mov.mid
bach,Bwv1043_Two_Violins_Concerto_n3_1mov.mid,Bach\Concertos\Bwv1043 Two Violins Concerto n3 1mov.mid
bach,Bwv1043_Two_Violins_Concerto_n3_2mov.mid,Bach\Concertos\Bwv1043 Two Violins Concerto n3 2mov.mid
bach,Bwv1043_Two_Violins_Concerto_n3_3mov.mid,Bach\Concertos\Bwv1043 Two Violins Concerto n3 3mov.mid
bach,Bwv1044_Flute_Violin_and_Harpsichord_Concerto_1mov.mid,Bach\Concertos\Bwv1044 Flute Violin and Harpsichord Concerto 1mov.mid
bach,Bwv1044_Flute_Violin_and_Harpsichord_Concerto_2mov.mid,Bach\Concertos\Bwv1044 Flute Violin and Harpsichord Concerto 2mov.mid
bach,Bwv1044_Flute_Violin_and_Harpsichord_Concerto_3mov.mid,Bach\Concertos\Bwv1044 Flute Violin and Harpsichord Concerto 3mov.mid
bach,Bwv1046_Brandenburg_Concert_n1_1mov.mid,Bach\Concertos\Bwv1046 Brandenburg Concert n1 1mov.mid
bach,Bwv1046_Brandenburg_Concert_n1_2mov.mid,Bach\Concertos\Bwv1046 Brandenburg Concert n1 2mov.mid
bach,Bwv1046_Brandenburg_Concert_n1_3mov.mid,Bach\Concertos\Bwv1046 Brandenburg Concert n1 3mov.mid
bach,Bwv1047_Brandenburg_Concert_n2_1mov.mid,Bach\Concertos\Bwv1047 Brandenburg Concert n2 1mov.mid
bach,Bwv1047_Brandenburg_Concert_n2_2mov.mid,Bach\Concertos\Bwv1047 Brandenburg Concert n2 2mov.mid
bach,Bwv1047_Brandenburg_Concert_n2_3mov.mid,Bach\Concertos\Bwv1047 Brandenburg Concert n2 3mov.mid
bach,Bwv1048_Brandenburg_Concert_n3_1mov_B.mid,Bach\Concertos\Bwv1048 Brandenburg Concert n3 1mov B.MID
bach,Bwv1048_Brandenburg_Concert_n3_1mov.mid,Bach\Concertos\Bwv1048 Brandenburg Concert n3 1mov.mid
bach,Bwv1048_Brandenburg_Concert_n3_2-3movs.mid,Bach\Concertos\Bwv1048 Brandenburg Concert n3 2-3movs.MID
bach,Bwv1049_Brandenburg_Concert_n4_1mov.mid,Bach\Concertos\Bwv1049 Brandenburg Concert n4 1mov.mid
bach,Bwv1049_Brandenburg_Concert_n4_2mov.mid,Bach\Concertos\Bwv1049 Brandenburg Concert n4 2mov.mid
bach,Bwv1049_Brandenburg_Concert_n4_3mov.mid,Bach\Concertos\Bwv1049 Brandenburg Concert n4 3mov.mid
bach,Bwv1050_Brandenburg_Concert_n5_1-2-3movs.mid,Bach\Concertos\Bwv1050 Brandenburg Concert n5 1-2-3movs.MID
bach,Bwv1051_Brandenburg_Concert_n6_1mov.mid,Bach\Concertos\Bwv1051 Brandenburg Concert n6 1mov.mid
bach,Bwv1051_Brandenburg_Concert_n6_2mov.mid,Bach\Concertos\Bwv1051 Brandenburg Concert n6 2mov.mid
bach,Bwv1051_Brandenburg_Concert_n6_3mov.mid,Bach\Concertos\Bwv1051 Brandenburg Concert n6 3mov.mid
bach,Bwv1052_Harpsichord_Concerto_n1_1mov.mid,Bach\Harpsichord Concertos\Bwv1052 Harpsichord Concerto n1 1mov.mid
bach,Bwv1052_Harpsichord_Concerto_n1_2mov.mid,Bach\Harpsichord Concertos\Bwv1052 Harpsichord Concerto n1 2mov.mid
bach,Bwv1052_Harpsichord_Concerto_n1_3mov.mid,Bach\Harpsichord Concertos\Bwv1052 Harpsichord Concerto n1 3mov.mid
bach,Bwv1052_Harpsichord_Concerto_n1b.mid,Bach\Harpsichord Concertos\Bwv1052 Harpsichord Concerto n1b.mid
bach,Bwv1053_Harpsichord_Concerto_n2_1mov.mid,Bach\Harpsichord Concertos\Bwv1053 Harpsichord Concerto n2 1mov.mid
bach,Bwv1053_Harpsichord_Concerto_n2_2mov.mid,Bach\Harpsichord Concertos\Bwv1053 Harpsichord Concerto n2 2mov.mid
bach,Bwv1053_Harpsichord_Concerto_n2_3mov.mid,Bach\Harpsichord Concertos\Bwv1053 Harpsichord Concerto n2 3mov.mid
bach,Bwv1054_Harpsichord_Concerto_n3_1mov.mid,Bach\Harpsichord Concertos\Bwv1054 Harpsichord Concerto n3 1mov.mid
bach,Bwv1054_Harpsichord_Concerto_n3_2mov.mid,Bach\Harpsichord Concertos\Bwv1054 Harpsichord Concerto n3 2mov.mid
bach,Bwv1054_Harpsichord_Concerto_n3_3mov.mid,Bach\Harpsichord Concertos\Bwv1054 Harpsichord Concerto n3 3mov.mid
bach,Bwv1055_Harpsichord_Concerto_n4_1mov.mid,Bach\Harpsichord Concertos\Bwv1055 Harpsichord Concerto n4 1mov.mid
bach,Bwv1055_Harpsichord_Concerto_n4_2mov.mid,Bach\Harpsichord Concertos\Bwv1055 Harpsichord Concerto n4 2mov.mid
bach,Bwv1055_Harpsichord_Concerto_n4_3mov.mid,Bach\Harpsichord Concertos\Bwv1055 Harpsichord Concerto n4 3mov.mid
bach,Bwv1056_Harpsichord_Concerto_n5.mid,Bach\Harpsichord Concertos\Bwv1056 Harpsichord Concerto n5.mid
bach,Bwv1057_Harpsichord_Concerto_n6_2mov.mid,Bach\Harpsichord Concertos\Bwv1057 Harpsichord Concerto n6 2mov.mid
bach,Bwv1057_Harpsichord_Concerto_n6_3mov.mid,Bach\Harpsichord Concertos\Bwv1057 Harpsichord Concerto n6 3mov.mid
bach,Bwv1058_Harpsichord_Concerto_n7_1mov.mid,Bach\Harpsichord Concertos\Bwv1058 Harpsichord Concerto n7 1mov.mid
bach,Bwv1058_Harpsichord_Concerto_n7_2mov.mid,Bach\Harpsichord Concertos\Bwv1058 Harpsichord Concerto n7 2mov.mid
bach,Bwv1058_Harpsichord_Concerto_n7_3mov.mid,Bach\Harpsichord Concertos\Bwv1058 Harpsichord Concerto n7 3mov.mid
bach,Bwv1060_Two_Harpsichords_Concerto_n1.mid,Bach\Harpsichord Concertos\Bwv1060 Two Harpsichords Concerto n1.mid
bach,Bwv1061_Two_Harpsichords_Concerto_n2.mid,Bach\Harpsichord Concertos\Bwv1061 Two Harpsichords Concerto n2.mid
bach,Bwv1062_Two_Harpsichords_Concerto_n3.mid,Bach\Harpsichord Concertos\Bwv1062 Two Harpsichords Concerto n3.mid
bach,Bwv1063_Three_Harpsichords_Concerto_n1.mid,Bach\Harpsichord Concertos\Bwv1063 Three Harpsichords Concerto n1.mid
bach,Bwv1064_Three_Harpsichords_Concerto_n2_1mov.mid,Bach\Harpsichord Concertos\Bwv1064 Three Harpsichords Concerto n2 1mov.mid
bach,Bwv1064_Three_Harpsichords_Concerto_n2_2mov.mid,Bach\Harpsichord Concertos\Bwv1064 Three Harpsichords Concerto n2 2mov.mid
bach,Bwv1064_Three_Harpsichords_Concerto_n2_3mov.mid,Bach\Harpsichord Concertos\Bwv1064 Three Harpsichords Concerto n2 3mov.mid
bach,Bwv1065_Four_Harpsichords_Concerto.mid,Bach\Harpsichord Concertos\Bwv1065 Four Harpsichords Concerto.mid
bach,Jesu_Joy_of_Man_Desiring.mid,Bach\Jesu Joy of Man Desiring.mid
bach,Minuet_in_G.mid,Bach\Minuet in G.mid
bach,Piano_version_of_Bachs_two_part_inventions_No.mid,Bach\Piano version of Bachs two part inventions No...mid
bach,Piano_version_of_Bachs_two_part_inventions_No1.mid,Bach\Piano version of Bachs two part inventions No.1.mid
bach,Piano_version_of_Bachs_two_part_inventions_No10.mid,Bach\Piano version of Bachs two part inventions No.10.mid
bach,Piano_version_of_Bachs_two_part_inventions_No11.mid,Bach\Piano version of Bachs two part inventions No.11.mid
bach,Piano_version_of_Bachs_two_part_inventions_No12.mid,Bach\Piano version of Bachs two part inventions No.12.mid
bach,Piano_version_of_Bachs_two_part_inventions_No13.mid,Bach\Piano version of Bachs two part inventions No.13.mid
bach,Piano_version_of_Bachs_two_part_inventions_No14.mid,Bach\Piano version of Bachs two part inventions No.14.mid
bach,Piano_version_of_Bachs_two_part_inventions_No15.mid,Bach\Piano version of Bachs two part inventions No.15.mid
bach,Piano_version_of_Bachs_two_part_inventions_No2.mid,Bach\Piano version of Bachs two part inventions No.2.mid
bach,Piano_version_of_Bachs_two_part_inventions_No3.mid,Bach\Piano version of Bachs two part inventions No.3.mid
bach,Piano_version_of_Bachs_two_part_inventions_No4.mid,Bach\Piano version of Bachs two part inventions No.4.mid
bach,Piano_version_of_Bachs_two_part_inventions_No5.mid,Bach\Piano version of Bachs two part inventions No.5.mid
bach,Piano_version_of_Bachs_two_part_inventions_No6.mid,Bach\Piano version of Bachs two part inventions No.6.mid
bach,Piano_version_of_Bachs_two_part_inventions_No7.mid,Bach\Piano version of Bachs two part inventions No.7.mid
bach,Piano_version_of_Bachs_two_part_inventions_No8.mid,Bach\Piano version of Bachs two part inventions No.8.mid
bach,Piano_version_of_Bachs_two_part_inventions_No9.mid,Bach\Piano version of Bachs two part inventions No.9.mid
bach,Prelude_and_Fugue_in_A_BWV_888.mid,"Bach\Prelude and Fugue in A, BWV 888.mid"
bach,Prelude_and_Fugue_in_C_Sharp_BWV_872.mid,Bach\Prelude and Fugue in C Sharp BWV 872.mid
bach,Prelude_and_Fugue_in_D.mid,Bach\Prelude and Fugue in D.mid
bach,Prelude_from_Sonata_n6.mid,Bach\Prelude from Sonata n6.mid
bach,Tocatto_No1_in_F_Sharp_Minor_BWV_910.mid,"Bach\Tocatto No.1 in F Sharp Minor, BWV 910.mid"
bach,Toccata_and_Fugue_in_D_minor_BWV_565_Busoni_Piano_Arr.mid,"Bach\Toccata and Fugue in D minor, BWV 565. (Busoni Piano Arr.mid"
beethoven,32_Variations_on_a_theme.mid,Beethoven\32 Variations on a theme.mid
beethoven,Andante_in_F_Major.mid,Beethoven\Andante in F Major.mid
beethoven,Anh06_Rondo.mid,Beethoven\Anh06 Rondo.mid
beethoven,Anh08Nb1_Gavotte_4_hands.mid,Beethoven\Anh08Nb1 Gavotte 4 hands.mid
beethoven,Anhang_14-3.mid,Beethoven\Anhang 14-3.mid
beethoven,Bagatella_Fur_Elise.mid,Beethoven\Bagatella Fur Elise.mid
beethoven,Bagatella_op33_n1.mid,Beethoven\Bagatella op33 n1.mid
beethoven,Bagatella_op33_n2.mid,Beethoven\Bagatella op33 n2.mid
beethoven,Bagatella_op33_n3.mid,Beethoven\Bagatella op33 n3.mid
beethoven,Bagatella_op33_n4.mid,Beethoven\Bagatella op33 n4.mid
beethoven,Bagatella_op33_n5.mid,Beethoven\Bagatella op33 n5.mid
beethoven,Bagatella_op33_n6.mid,Beethoven\Bagatella op33 n6.mid
beethoven,83.mid,Beethoven\Complete Sonata in A flat major Op.110\83.MID
beethoven,Sonata_No_17_in_D_minor_op_31_No_2__Tempest.mid,"Beethoven\Complete Tempest Sonata\Sonata No. 17 in D minor, op 31, No. 2,  (Tempest).mid"
beethoven,Fur_Elise.mid,Beethoven\Fur Elise.mid
beethoven,Hess057_Bagatella.mid,Beethoven\Hess057 Bagatella.mid
beethoven,Hess059_Exercizio_Per_Pianoforte.mid,Beethoven\Hess059 Exercizio Per Pianoforte.mid
beethoven,Hess061_Anglaise.mid,Beethoven\Hess061 Anglaise.mid
beethoven,Hess063_keyb_Kaplied.mid,Beethoven\Hess063 keyb Kaplied.mid
beethoven,Hess073_Bagatella.mid,Beethoven\Hess073 Bagatella.mid
beethoven,Hess074_Bagatella.mid,Beethoven\Hess074 Bagatella.mid
beethoven,HessA21_Bagatella.mid,Beethoven\HessA21 Bagatella.mid
beethoven,Lieder_op46_Adelaide.mid,Beethoven\Lieder op46 ''Adelaide''.mid
beethoven,Lieder_op48_n1_Bitten.mid,Beethoven\Lieder op48 n1 ''Bitten''.mid
beethoven,Lieder_op48_n2_Die_Liebe_Des_Nachsten.mid,Beethoven\Lieder op48 n2 ''Die Liebe Des Nachsten''.mid
beethoven,Lieder_op48_n3_Vom_Tode.mid,Beethoven\Lieder op48 n3 ''Vom Tode''.mid
beethoven,Lieder_op48_n4_Die_Ehre_Gottes_Aus_Der_Natur.mid,Beethoven\Lieder op48 n4 ''Die Ehre Gottes Aus Der Natur''.mid
beethoven,Lieder_op48_n5_Gottes_Macht_Und_Vorsehung.mid,Beethoven\Lieder op48 n5 ''Gottes Macht Und Vorsehung''.mid
beethoven,Lieder_op48_n6_Busslied.mid,Beethoven\Lieder op48 n6 ''Busslied''.mid
beethoven,Lieder_op82_n1_Dimmi_Den_Mio_Che_Mi_Ami.mid,Beethoven\Lieder op82 n1 ''Dimmi Den Mio Che Mi Ami''.mid
beethoven,Lieder_op99_Der_Mann_Von_Wort.mid,Beethoven\Lieder op99 ''Der Mann Von Wort''.mid
beethoven,March_No3.mid,Beethoven\March No.3.mid
beethoven,Minuetto.mid,Beethoven\Minuetto.mid
beethoven,Op51.mid,Beethoven\Op.51.mid
beethoven,op051_3_Rondos.mid,Beethoven\op051 3 Rondos.mid
beethoven,op077_Fantaisie.mid,Beethoven\op077 Fantaisie.mid
beethoven,op089_Polonaise.mid,Beethoven\op089 Polonaise.mid
beethoven,op119_Douze_Bagatellas.mid,Beethoven\op119 Douze Bagatellas.mid
beethoven,op126_Six_Bagatellas.mid,Beethoven\op126 Six Bagatellas.mid
beethoven,Op33_No4.mid,Beethoven\Op33 No.4.mid
beethoven,Opus045_Three_Grandes_Marches.mid,Beethoven\Opus045 Three Grandes Marches.mid
beethoven,Overture_Corolian_op62.mid,Beethoven\Overture ''Corolian'' op62.mid
beethoven,Overture_Creatures_Of_Prometeus_op43.mid,Beethoven\Overture ''Creatures Of Prometeus'' op43.mid
beethoven,Overture_Egmont.mid,Beethoven\Overture ''Egmont''.mid
beethoven,Overture_Fidelio_op72b.mid,Beethoven\Overture ''Fidelio'' op72b.mid
beethoven,Overture_Inauguration_of_the_House_op214.mid,Beethoven\Overture ''Inauguration of the House'' op214.mid
beethoven,Overture_King_Stephen.mid,Beethoven\Overture ''King Stephen''.mid
beethoven,Overture_Leonore_n2_op72.mid,Beethoven\Overture ''Leonore'' n2 op72.mid
beethoven,Overture_Leonore_n3_op72.mid,Beethoven\Overture ''Leonore'' n3 op72.mid
beethoven,Overture_Leonore_op138_n1.mid,Beethoven\Overture ''Leonore'' op138 n1.mid
beethoven,13.mid,Beethoven\Piano and Cello Sonata No.2 Op 5\13.MID
beethoven,137.mid,Beethoven\Piano and Cello Sonata No.2 Op 5\137.MID
beethoven,Piano_Concerto_n1_op15_1mov.mid,Beethoven\Piano Concerto n1 op15 1mov.mid
beethoven,Piano_Concerto_n1_op15_2mov.mid,Beethoven\Piano Concerto n1 op15 2mov.mid
beethoven,Piano_Concerto_n1_op15_3mov.mid,Beethoven\Piano Concerto n1 op15 3mov.mid
beethoven,Piano_Concerto_n2_op19_1mov.mid,Beethoven\Piano Concerto n2 op19 1mov.mid
beethoven,Piano_Concerto_n2_op19_2mov.mid,Beethoven\Piano Concerto n2 op19 2mov.mid
beethoven,Piano_Concerto_n2_op19_3mov.mid,Beethoven\Piano Concerto n2 op19 3mov.mid
beethoven,Piano_Concerto_n3_op37_1mov.mid,Beethoven\Piano Concerto n3 op37 1mov.mid
beethoven,Piano_Concerto_n3_op37_2mov.mid,Beethoven\Piano Concerto n3 op37 2mov.mid
beethoven,Piano_Concerto_n3_op37_3mov.mid,Beethoven\Piano Concerto n3 op37 3mov.mid
beethoven,Piano_Concerto_n4_op58_1mov.mid,Beethoven\Piano Concerto n4 op58 1mov.mid
beethoven,Piano_Concerto_n4_op58_2mov.mid,Beethoven\Piano Concerto n4 op58 2mov.mid
beethoven,Piano_Concerto_n4_op58_3mov.mid,Beethoven\Piano Concerto n4 op58 3mov.mid
beethoven,Piano_Concerto_n5_op73_1mov_Emperor.mid,Beethoven\Piano Concerto n5 op73 1mov ''Emperor''.mid
beethoven,Piano_Concerto_n5_op73_2-3mov_Emperor.mid,Beethoven\Piano Concerto n5 op73 2-3mov ''Emperor''.mid
beethoven,Piano_Concerto_No5Mov1.mid,"Beethoven\Piano Concerto No5,Mov.1.mid"
beethoven,Piano_Concerto_No5Mov3.mid,"Beethoven\Piano Concerto No5,Mov.3.mid"
beethoven,Piano_Romance__No50.mid,Beethoven\Piano Romance  No.50.mid
beethoven,Piano_Sonata_No_28_in_B_flat_-Hammerklavier-_Op106_2nd_Mov_Scherzo.mid,"Beethoven\Piano Sonata No 28 in B flat -Hammerklavier- Op.106, 2nd Mov Scherzo.mid"
beethoven,136.mid,Beethoven\Piano Sonata No.18\136.MID
beethoven,134.mid,Beethoven\Piano Sonata No.23\134.MID
beethoven,Piano_Sonata_No27__3rd_mov.mid,"Beethoven\Piano Sonata No.27,  3rd mov.mid"
beethoven,Piano_Sonata_No27.mid,Beethoven\Piano Sonata No.27.mid
beethoven,Piano_Sonata_No2_Assai_vivace.mid,Beethoven\Piano Sonata No2 Assai vivace.mid
beethoven,Piano_Sonata_n01.mid,Beethoven\Piano Sonatas\Piano Sonata n01.mid
beethoven,Piano_Sonata_n02.mid,Beethoven\Piano Sonatas\Piano Sonata n02.mid
beethoven,Piano_Sonata_n03.mid,Beethoven\Piano Sonatas\Piano Sonata n03.mid
beethoven,Piano_Sonata_n04.mid,Beethoven\Piano Sonatas\Piano Sonata n04.mid
beethoven,Piano_Sonata_n05.mid,Beethoven\Piano Sonatas\Piano Sonata n05.mid
beethoven,Piano_Sonata_n06.mid,Beethoven\Piano Sonatas\Piano Sonata n06.mid
beethoven,Piano_Sonata_n07.mid,Beethoven\Piano Sonatas\Piano Sonata n07.mid
beethoven,Piano_Sonata_n08_op13_1mov_Pathetique.mid,Beethoven\Piano Sonatas\Piano Sonata n08 op13 1mov ''Pathetique''.mid
beethoven,Piano_Sonata_n08_op13_2mov_Pathetique.mid,Beethoven\Piano Sonatas\Piano Sonata n08 op13 2mov ''Pathetique''.mid
beethoven,Piano_Sonata_n08_op13_3mov_Pathetique.mid,Beethoven\Piano Sonatas\Piano Sonata n08 op13 3mov ''Pathetique''.mid
beethoven,Piano_Sonata_n09.mid,Beethoven\Piano Sonatas\Piano Sonata n09.mid
beethoven,Piano_Sonata_n10_1mov.mid,Beethoven\Piano Sonatas\Piano Sonata n10 1mov.mid
beethoven,Piano_Sonata_n10_2mov.mid,Beethoven\Piano Sonatas\Piano Sonata n10 2mov.mid
beethoven,Piano_Sonata_n10.mid,Beethoven\Piano Sonatas\Piano Sonata n10.mid
beethoven,Piano_Sonata_n11.mid,Beethoven\Piano Sonatas\Piano Sonata n11.mid
beethoven,Piano_Sonata_n12_op26.mid,Beethoven\Piano Sonatas\Piano Sonata n12 op26.mid
beethoven,Piano_Sonata_n13.mid,Beethoven\Piano Sonatas\Piano Sonata n13.mid
beethoven,Piano_Sonata_n14_op27__Moonlight.mid,Beethoven\Piano Sonatas\Piano Sonata n14 op27  ''Moonlight''.mid
beethoven,Piano_Sonata_n14_op27_1mov_Moonlight.mid,Beethoven\Piano Sonatas\Piano Sonata n14 op27 1mov ''Moonlight''.mid
beethoven,Piano_Sonata_n14_op27_2mov_Moonlight.mid,Beethoven\Piano Sonatas\Piano Sonata n14 op27 2mov ''Moonlight''.mid
beethoven,Piano_Sonata_n14_op27_3mov_Moonlight.mid,Beethoven\Piano Sonatas\Piano Sonata n14 op27 3mov ''Moonlight''.mid
beethoven,Piano_Sonata_n15_Pastoral.mid,Beethoven\Piano Sonatas\Piano Sonata n15 ''Pastoral''.mid
beethoven,Piano_Sonata_n15_2mov_Pastoral.mid,Beethoven\Piano Sonatas\Piano Sonata n15 2mov ''Pastoral''.mid
beethoven,Piano_Sonata_n15_3mov_Pastoral.mid,Beethoven\Piano Sonatas\Piano Sonata n15 3mov ''Pastoral''.mid
beethoven,Piano_Sonata_n16.mid,Beethoven\Piano Sonatas\Piano Sonata n16.mid
beethoven,Piano_Sonata_n17_Tempestat.mid,Beethoven\Piano Sonatas\Piano Sonata n17 ''Tempestat''.mid
beethoven,Piano_Sonata_n18_The_Hunt.mid,Beethoven\Piano Sonatas\Piano Sonata n18 ''The Hunt''.mid
beethoven,Piano_Sonata_n19.mid,Beethoven\Piano Sonatas\Piano Sonata n19.mid
beethoven,Piano_Sonata_n20.mid,Beethoven\Piano Sonatas\Piano Sonata n20.mid
beethoven,Piano_Sonata_n21_1mov_Waldstein.mid,Beethoven\Piano Sonatas\Piano Sonata n21 1mov ''Waldstein''.mid
beethoven,Piano_Sonata_n21_2mov_Waldstein.mid,Beethoven\Piano Sonatas\Piano Sonata n21 2mov ''Waldstein''.mid
beethoven,Piano_Sonata_n21_3mov_Waldstein.mid,Beethoven\Piano Sonatas\Piano Sonata n21 3mov ''Waldstein''.mid
beethoven,Piano_Sonata_n22.mid,Beethoven\Piano Sonatas\Piano Sonata n22.mid
beethoven,Piano_Sonata_n23_op57_1mov_Apassionata.mid,Beethoven\Piano Sonatas\Piano Sonata n23 op57 1mov ''Apassionata''.mid
beethoven,Piano_Sonata_n23_op57_2mov_Apassionata.mid,Beethoven\Piano Sonatas\Piano Sonata n23 op57 2mov ''Apassionata''.mid
beethoven,Piano_Sonata_n23_op57_3mov_Apassionata.mid,Beethoven\Piano Sonatas\Piano Sonata n23 op57 3mov ''Apassionata''.mid
beethoven,Piano_Sonata_n24.mid,Beethoven\Piano Sonatas\Piano Sonata n24.mid
beethoven,Piano_Sonata_n25.mid,Beethoven\Piano Sonatas\Piano Sonata n25.mid
beethoven,Piano_sonata_n26_Les_Adieux.mid,Beethoven\Piano Sonatas\Piano sonata n26 ''Les Adieux''.mid
beethoven,Piano_Sonata_n27.mid,Beethoven\Piano Sonatas\Piano Sonata n27.mid
beethoven,Piano_Sonata_n28.mid,Beethoven\Piano Sonatas\Piano Sonata n28.mid
beethoven,Piano_Sonata_n29_Op106_Hammerklavier.mid,Beethoven\Piano Sonatas\Piano Sonata n29 Op106 ''Hammerklavier''.mid
beethoven,Piano_Sonata_n30.mid,Beethoven\Piano Sonatas\Piano Sonata n30.mid
beethoven,Piano_Sonata_n31_op110.mid,Beethoven\Piano Sonatas\Piano Sonata n31 op110.mid
beethoven,Piano_sonata_n32_op111.mid,Beethoven\Piano Sonatas\Piano sonata n32 op111.mid
beethoven,Piano_Sonatina_in_G_Op79.mid,Beethoven\Piano Sonatina in G Op79.mid
beethoven,Piano_Sonatina_No2_Op_49.mid,Beethoven\Piano Sonatina No.2 Op 49.mid
beethoven,Preludes_2_Through_Major_keys_39.mid,Beethoven\Preludes 2 Through Major keys 39.mid
beethoven,Rage_over_a_lost_pennny.mid,Beethoven\Rage over a lost pennny.mid
beethoven,Romance_piano.mid,Beethoven\Romance piano.mid
beethoven,Rondo_in_B_flat.mid,Beethoven\Rondo in B flat.mid
beethoven,Rondo_Opus51_No1.mid,"Beethoven\Rondo Opus.51, No.1.mid"
beethoven,Rondo_Opus51_No2.mid,"Beethoven\Rondo Opus.51, No.2.mid"
beethoven,Sechs_Variationen.mid,Beethoven\Sechs Variationen.mid
beethoven,Seven_Inversions_of_God_Save_the_King.mid,Beethoven\Seven Inversions of God Save the King.mid
beethoven,Sieben_Bagatellen_C_Major_Opus33_No2.mid,"Beethoven\Sieben Bagatellen, C Major, Opus.33, No.2.mid"
beethoven,Sieben_Bagatellen_in_A_Major_Opus33_No4.mid,"Beethoven\Sieben Bagatellen, in A Major, Opus.33, No.4.mid"
beethoven,Sieben_Bagatellen_in_C_Major_Opus33_No5.mid,"Beethoven\Sieben Bagatellen, in C Major, Opus.33, No.5.mid"
beethoven,Sieben_Bagatellen_in_D_Major_Opus33_No6.mid,"Beethoven\Sieben Bagatellen, in D Major, Opus.33, No.6.mid"
beethoven,Sieben_Bagatellen_in_E_flat_Major_Opus33_No1.mid,"Beethoven\Sieben Bagatellen, in E flat Major, Opus.33, No.1.mid"
beethoven,Sieben_Bagatellen_in_F_Major_Opus33_No3.mid,"Beethoven\Sieben Bagatellen, in F Major, Opus.33, No.3.mid"
beethoven,Sketch_for_Piano_Alla_Marcia.mid,Beethoven\Sketch for Piano Alla Marcia.mid
beethoven,Sketch_for_Piano_Allegretto.mid,Beethoven\Sketch for Piano Allegretto.mid
beethoven,Sketch_for_Piano_Allegro_Giocoso.mid,Beethoven\Sketch for Piano Allegro Giocoso.mid
beethoven,Sketch_for_Piano_Allegro.mid,Beethoven\Sketch for Piano Allegro.mid
beethoven,Sketch_for_Piano_Presto.mid,Beethoven\Sketch for Piano Presto.mid
beethoven,Sonata_for_Piano__Cello_n2_op05.mid,Beethoven\Sonata for Piano & Cello n2 op05.MID
beethoven,Sonata_in_Bflat_Major_Op106.mid,Beethoven\Sonata in Bflat Major Op.106.mid
beethoven,122.mid,Beethoven\Sonata No.1 in D\122.MID
beethoven,Sonata_No14_Op_27_Moonlight_Sonata.mid,Beethoven\Sonata No.14 Op 27 Moonlight Sonata.mid
beethoven,Sonata_No14_Op_27_Sonata_Quasi_Una_Fantasia.mid,Beethoven\Sonata No.14 Op 27 Sonata Quasi Una Fantasia.mid
beethoven,Sonata_op78_1st_mov.mid,Beethoven\Sonata op78 1st mov.mid
beethoven,Sonata_Opus81a_-Les_Adieux-_E_flat_No1.mid,Beethoven\Sonata Opus.81a -Les Adieux- E flat No.1.mid
beethoven,Sonata_Opus81a_-Les_Adieux-_E_flat_No2__3.mid,Beethoven\Sonata Opus.81a -Les Adieux- E flat No.2 & 3.mid
beethoven,Sonata_Presto.mid,Beethoven\Sonata Presto.mid
beethoven,Sonata_Opus111_C_minor_No1.mid,"Beethoven\Sonata, Opus.111 C minor No.1.mid"
beethoven,Sonata_Opus111_C_minor_No2.mid,"Beethoven\Sonata, Opus.111 C minor No.2.mid"
beethoven,Sonatina_Fa_maj_woo.mid,Beethoven\Sonatina Fa maj woo.mid
beethoven,Sonatina_In_C.mid,Beethoven\Sonatina In C.mid
beethoven,Sonatina_n1_op05.mid,Beethoven\Sonatina n1 op05.mid
beethoven,Sonatina_op33_4mov.mid,Beethoven\Sonatina op33 4mov.mid
beethoven,Sonatina_WoO050.mid,Beethoven\Sonatina WoO050.mid
beethoven,String_Quartet_n1_op18_1mov.mid,Beethoven\String Quartet n1 op18 1mov.mid
beethoven,String_Quartet_n1_op18_2mov.mid,Beethoven\String Quartet n1 op18 2mov.mid
beethoven,String_Quartet_n1_op18_3mov.mid,Beethoven\String Quartet n1 op18 3mov.mid
beethoven,String_Quartet_n1_op18_4mov.mid,Beethoven\String Quartet n1 op18 4mov.mid
beethoven,String_Quartet_n16_op135_1mov.mid,Beethoven\String Quartet n16 op135 1mov.mid
beethoven,String_Quartet_n16_op135_2mov.mid,Beethoven\String Quartet n16 op135 2mov.mid
beethoven,String_Quartet_n16_op135_3mov.mid,Beethoven\String Quartet n16 op135 3mov.mid
beethoven,String_Quartet_n16_op135_4mov.mid,Beethoven\String Quartet n16 op135 4mov.mid
beethoven,String_Quartet_n2_op18_n2_1mov.mid,Beethoven\String Quartet n2 op18 n2 1mov.mid
beethoven,String_Quartet_n2_op18_n2_2mov.mid,Beethoven\String Quartet n2 op18 n2 2mov.mid
beethoven,String_Quartet_n2_op18_n2_3mov.mid,Beethoven\String Quartet n2 op18 n2 3mov.mid
beethoven,String_Quartet_n2_op18_n2_4mov.mid,Beethoven\String Quartet n2 op18 n2 4mov.mid
beethoven,Symphony_n1_1mov.mid,Beethoven\Symphonies\Symphony n1 1mov.mid
beethoven,Symphony_n1_2mov.mid,Beethoven\Symphonies\Symphony n1 2mov.mid
beethoven,Symphony_n1_3mov.mid,Beethoven\Symphonies\Symphony n1 3mov.mid
beethoven,Symphony_n1_4mov.mid,Beethoven\Symphonies\Symphony n1 4mov.mid
beethoven,Symphony_n2_op36_1mov.mid,Beethoven\Symphonies\Symphony n2 op36 1mov.mid
beethoven,Symphony_n2_op36_2mov.mid,Beethoven\Symphonies\Symphony n2 op36 2mov.mid
beethoven,Symphony_n2_op36_3mov.mid,Beethoven\Symphonies\Symphony n2 op36 3mov.mid
beethoven,Symphony_n2_op36_4mov.mid,Beethoven\Symphonies\Symphony n2 op36 4mov.mid
beethoven,Symphony_n3_1mov_Eroica.mid,Beethoven\Symphonies\Symphony n3 1mov ''Eroica''.mid
beethoven,Symphony_n3_2mov_Eroica.mid,Beethoven\Symphonies\Symphony n3 2mov ''Eroica''.mid
beethoven,Symphony_n3_3mov_Eroica.mid,Beethoven\Symphonies\Symphony n3 3mov ''Eroica''.mid
beethoven,Symphony_n3_4mov_Eroica.mid,Beethoven\Symphonies\Symphony n3 4mov ''Eroica''.mid
beethoven,Symphony_n4_1mov.mid,Beethoven\Symphonies\Symphony n4 1mov.mid
beethoven,Symphony_n4_2mov.mid,Beethoven\Symphonies\Symphony n4 2mov.mid
beethoven,Symphony_n4_3mov.mid,Beethoven\Symphonies\Symphony n4 3mov.mid
beethoven,Symphony_n4_4mov.mid,Beethoven\Symphonies\Symphony n4 4mov.mid
beethoven,Symphony_n5_op67_1mov.mid,Beethoven\Symphonies\Symphony n5 op67 1mov.mid
beethoven,Symphony_n5_op67_3-4mov.mid,Beethoven\Symphonies\Symphony n5 op67 3-4mov.mid
beethoven,Symphony_n7_1mov.mid,Beethoven\Symphonies\Symphony n7 1mov.mid
beethoven,Symphony_n7_2mov.mid,Beethoven\Symphonies\Symphony n7 2mov.mid
beethoven,Symphony_n7_3mov.mid,Beethoven\Symphonies\Symphony n7 3mov.mid
beethoven,Symphony_n7_4mov.mid,Beethoven\Symphonies\Symphony n7 4mov.mid
beethoven,Symphony_op125_n9_1mov_Choral.mid,Beethoven\Symphonies\Symphony op125 n9 1mov ''Choral''.mid
beethoven,Symphony_op125_n9_2mov_Choral.mid,Beethoven\Symphonies\Symphony op125 n9 2mov ''Choral''.mid
beethoven,Symphony_op125_n9_3mov_Choral.mid,Beethoven\Symphonies\Symphony op125 n9 3mov ''Choral''.mid
beethoven,Symphony_op125_n9_4mov_Choral.mid,Beethoven\Symphonies\Symphony op125 n9 4mov ''Choral''.mid
beethoven,Symphony_op68_n6_Pastorale.mid,Beethoven\Symphonies\Symphony op68 n6 ''Pastorale''.mid
beethoven,Symphony_op68_n6_1mov_Pastorale.mid,Beethoven\Symphonies\Symphony op68 n6 1mov ''Pastorale''.mid
beethoven,Symphony_op68_n6_2mov_Pastorale.mid,Beethoven\Symphonies\Symphony op68 n6 2mov ''Pastorale''.mid
beethoven,Symphony_op68_n6_3mov_Pastorale.mid,Beethoven\Symphonies\Symphony op68 n6 3mov ''Pastorale''.mid
beethoven,Symphony_op93_n8_1mov.mid,Beethoven\Symphonies\Symphony op93 n8 1mov.mid
beethoven,Symphony_op93_n8_2mov.mid,Beethoven\Symphonies\Symphony op93 n8 2mov .mid
beethoven,Symphony_op93_n8_3mov.mid,Beethoven\Symphonies\Symphony op93 n8 3mov .mid
beethoven,Symphony_op93_n8_4mov.mid,Beethoven\Symphonies\Symphony op93 n8 4mov.mid
beethoven,Violin_Concerto_op61_1mov.mid,Beethoven\Violin Concerto op61 1mov.mid
beethoven,Violin_Concerto_op61_2-3movs.mid,Beethoven\Violin Concerto op61 2-3movs.mid
beethoven,WoO010_Six_Menuets_for_Orchestra.mid,Beethoven\WoO010 Six Menuets for Orchestra.mid
beethoven,WoO048_Rondo.mid,Beethoven\WoO048 Rondo.mid
beethoven,WoO049_Rondo.mid,Beethoven\WoO049 Rondo.mid
beethoven,WoO051_Sonatina_1-2_movs.mid,Beethoven\WoO051 Sonatina 1-2 movs.mid
beethoven,WoO052_Bagatella.mid,Beethoven\WoO052 Bagatella.mid
beethoven,WoO054_Lustig_Traurig.mid,Beethoven\WoO054 Lustig Traurig.mid
beethoven,WoO055_Prelude.mid,Beethoven\WoO055 Prelude.mid
beethoven,WoO056_Bagatella.mid,Beethoven\WoO056 Bagatella.mid
beethoven,WoO060_Mouvement_Pour_Piano.mid,Beethoven\WoO060 Mouvement Pour Piano.mid
beethoven,WoO061_Mouvement_Pour_Piano.mid,Beethoven\WoO061 Mouvement Pour Piano.mid
beethoven,WoO061a_Mouvement_Pour_Piano.mid,Beethoven\WoO061a Mouvement Pour Piano.mid
beethoven,WoO081_Allemande.mid,Beethoven\WoO081 Allemande.mid
beethoven,WoO082_Menuet.mid,Beethoven\WoO082 Menuet.mid
beethoven,WoO083_Six_Escotish_Dances_for_Piano.mid,Beethoven\WoO083 Six Escotish Dances for Piano.mid
beethoven,WoO086_Scotish.mid,Beethoven\WoO086 Scotish.mid
chopin,2542Prelude_opus28_No16_in_B_flat_minor.mid,"Chopin\(2542)Prelude opus.28, No.16 in B flat minor.mid"
chopin,19_Polish_Songs_for_Solo_Voice_and_Piano_accomplements_No10.mid,"Chopin\19 Polish Songs, for Solo Voice and Piano accomplements, No.10.mid"
chopin,19_Polish_Songs_for_Solo_Voice_and_Piano_accomplements_No11.mid,"Chopin\19 Polish Songs, for Solo Voice and Piano accomplements, No.11.mid"
chopin,19_Polish_Songs_for_Solo_Voice_and_Piano_accomplements_No12.mid,"Chopin\19 Polish Songs, for Solo Voice and Piano accomplements, No.12.mid"
chopin,19_Polish_Songs_for_Solo_Voice_and_Piano_accomplements_No13.mid,"Chopin\19 Polish Songs, for Solo Voice and Piano accomplements, No.13.mid"
chopin,19_Polish_Songs_for_Solo_Voice_and_Piano_accomplements_No14.mid,"Chopin\19 Polish Songs, for Solo Voice and Piano accomplements, No.14.mid"
chopin,19_Polish_Songs_for_Solo_Voice_and_Piano_accomplements_No15.mid,"Chopin\19 Polish Songs, for Solo Voice and Piano accomplements, No.15.mid"
chopin,19_Polish_Songs_for_Solo_Voice_and_Piano_accomplements_No16.mid,"Chopin\19 Polish Songs, for Solo Voice and Piano accomplements, No.16.mid"
chopin,19_Polish_Songs_for_Solo_Voice_and_Piano_accomplements_No17.mid,"Chopin\19 Polish Songs, for Solo Voice and Piano accomplements, No.17.mid"
chopin,19_Polish_Songs_for_Solo_Voice_and_Piano_accomplements_No18.mid,"Chopin\19 Polish Songs, for Solo Voice and Piano accomplements, No.18.mid"
chopin,19_Polish_Songs_for_Solo_Voice_and_Piano_accomplements_No19.mid,"Chopin\19 Polish Songs, for Solo Voice and Piano accomplements, No.19.mid"
chopin,19_Polish_Songs_for_Solo_Voice_and_Piano_accomplements_No2.mid,"Chopin\19 Polish Songs, for Solo Voice and Piano accomplements, No.2.mid"
chopin,19_Polish_Songs_for_Solo_Voice_and_Piano_accomplements_No3.mid,"Chopin\19 Polish Songs, for Solo Voice and Piano accomplements, No.3.mid"
chopin,19_Polish_Songs_for_Solo_Voice_and_Piano_accomplements_No4.mid,"Chopin\19 Polish Songs, for Solo Voice and Piano accomplements, No.4.mid"
chopin,19_Polish_Songs_for_Solo_Voice_and_Piano_accomplements_No5.mid,"Chopin\19 Polish Songs, for Solo Voice and Piano accomplements, No.5.mid"
chopin,19_Polish_Songs_for_Solo_Voice_and_Piano_accomplements_No6.mid,"Chopin\19 Polish Songs, for Solo Voice and Piano accomplements, No.6.mid"
chopin,19_Polish_Songs_for_Solo_Voice_and_Piano_accomplements_No7.mid,"Chopin\19 Polish Songs, for Solo Voice and Piano accomplements, No.7.mid"
chopin,19_Polish_Songs_for_Solo_Voice_and_Piano_accomplements_No8.mid,"Chopin\19 Polish Songs, for Solo Voice and Piano accomplements, No.8.mid"
chopin,19_Polish_Songs_for_Solo_Voice_and_Piano_accomplements_No9.mid,"Chopin\19 Polish Songs, for Solo Voice and Piano accomplements, No.9.mid"
chopin,2_Polonaises_op26_n1.mid,Chopin\2 Polonaises op26 n1.mid
chopin,Ballad_op32.mid,Chopin\Ballad op32.mid
chopin,Ballad_op53.mid,Chopin\Ballad op53.mid
chopin,Ballade_No2_in_F_Major.mid,Chopin\Ballade No.2 in F Major.mid
chopin,Barcarolle_in_F_sharp_Major.mid,Chopin\Barcarolle in F sharp Major.mid
chopin,Ecossaise_No2_in_G.mid,Chopin\Ecossaise No.2 in G.mid
chopin,Etude_No1.mid,Chopin\Etude No.1.mid
chopin,Etude_No2_in_A_Minor.mid,Chopin\Etude No.2 in A Minor.mid
chopin,Etude_No7_in_C_Major_Opus10_No7.mid,"Chopin\Etude No.7 in C Major Opus.10, No.7.mid"
chopin,Etude_Op_25_No1.mid,"Chopin\Etude Op 25, No.1.mid"
chopin,Etude_op_10-5_Black_keys.mid,Chopin\Etude op. 10-5 Black keys.mid
chopin,Etude_Op10_No11.mid,Chopin\Etude Op.10 No.11.mid
chopin,Etude_op10_n01.mid,Chopin\Etude op10 n01.mid
chopin,Etude_op10_n02.mid,Chopin\Etude op10 n02.mid
chopin,Etude_op10_n03.mid,Chopin\Etude op10 n03.mid
chopin,Etude_op10_n04_Drchew.mid,Chopin\Etude op10 n04 Drchew.mid
chopin,Etude_op10_n05_Black_Key.mid,Chopin\Etude op10 n05 ''Black Key''.mid
chopin,Etude_op10_n06.mid,Chopin\Etude op10 n06.mid
chopin,Etude_op10_n07.mid,Chopin\Etude op10 n07.mid
chopin,Etude_op10_n08.mid,Chopin\Etude op10 n08.mid
chopin,Etude_op10_n09.mid,Chopin\Etude op10 n09.mid
chopin,Etude_op10_n10.mid,Chopin\Etude op10 n10.mid
chopin,Etude_op10_n11.mid,Chopin\Etude op10 n11.mid
chopin,Etude_op10_n12_Revolutionary.mid,Chopin\Etude op10 n12 ''Revolutionary''.mid
chopin,Etude_op25_n01_Harp_Etude.mid,Chopin\Etude op25 n01 ''Harp Etude''.mid
chopin,Etude_op25_n02.mid,Chopin\Etude op25 n02.mid
chopin,Etude_op25_n03.mid,Chopin\Etude op25 n03.mid
chopin,Etude_op25_n04.mid,Chopin\Etude op25 n04.mid
chopin,Etude_op25_n05.mid,Chopin\Etude op25 n05.mid
chopin,Etude_op25_n06.mid,Chopin\Etude op25 n06.mid
chopin,Etude_op25_n07.mid,Chopin\Etude op25 n07.mid
chopin,Etude_op25_n08.mid,Chopin\Etude op25 n08.mid
chopin,Etude_op25_n09.mid,Chopin\Etude op25 n09.mid
chopin,Etude_op25_n10.mid,Chopin\Etude op25 n10.mid
chopin,Etude_op25_n11_Winter_Wind.mid,Chopin\Etude op25 n11 ''Winter Wind''.mid
chopin,Etude_op25_n12_The_Ocean.mid,Chopin\Etude op25 n12 ''The Ocean''.mid
chopin,Fantasie_Impromptu_op66.mid,Chopin\Fantasie Impromptu op66.mid
chopin,Finale_to_B_Minor_Paino_Sonata.mid,Chopin\Finale to B Minor Paino Sonata.mid
chopin,Grande_Waltz_op18.mid,Chopin\Grande Waltz op18.mid
chopin,Imprompt_Fantastique.mid,Chopin\Imprompt Fantastique.mid
chopin,Impromptu_n3_op51.mid,Chopin\Impromptu n3 op51.mid
chopin,Mazurka_op30_n2_Drchew.mid,Chopin\Mazurka op30 n2 Drchew.mid
chopin,Mazurka_op33_n2_Drchew.mid,Chopin\Mazurka op33 n2 Drchew.mid
chopin,Mazurka_op67_n3_Drchew.mid,Chopin\Mazurka op67 n3 Drchew.mid
chopin,Mazurka_op68_n2_Drchew.mid,Chopin\Mazurka op68 n2 Drchew.mid
chopin,Mazurka_op7_n1.mid,Chopin\Mazurka op7 n1.mid
chopin,Mazurka_op7_n2.mid,Chopin\Mazurka op7 n2.mid
chopin,Nocturne_No1_Opus62.mid,"Chopin\Nocturne No.1, Opus.62.mid"
chopin,Nocturne_No15_in_F_Minor_Opus55_-1.mid,Chopin\Nocturne No.15 in F Minor Opus.55 -1.mid
chopin,Nocturne_No18_in_E_Major_Op62.mid,Chopin\Nocturne No.18 in E Major Op62.mid
chopin,Nocturne_op09_n2.mid,Chopin\Nocturne op09 n2.mid
chopin,Nocturne_op09_n3.mid,Chopin\Nocturne op09 n3.mid
chopin,Nocturne_op15_n2.mid,Chopin\Nocturne op15 n2.mid
chopin,Nocturne_op15_n3.mid,Chopin\Nocturne op15 n3.mid
chopin,Nocturne_op27_n1.mid,Chopin\Nocturne op27 n1.mid
chopin,Nocturne_op27_n2.mid,Chopin\Nocturne op27 n2.mid
chopin,Nocturne_op32_n1.mid,Chopin\Nocturne op32 n1.mid
chopin,Nocturne_op32_n2.mid,Chopin\Nocturne op32 n2.mid
chopin,Nocturne_op33_n2.mid,Chopin\Nocturne op33 n2.mid
chopin,Nocturne_op33_n4.mid,Chopin\Nocturne op33 n4.mid
chopin,Nocturne_op37_01.mid,Chopin\Nocturne op37 01.mid
chopin,Nocturne_op37_n2.mid,Chopin\Nocturne op37 n2.mid
chopin,Nocturne_op48_n1.mid,Chopin\Nocturne op48 n1.mid
chopin,Nocturne_op48_n2.mid,Chopin\Nocturne op48 n2.mid
chopin,Nocturne_op55_n1.mid,Chopin\Nocturne op55 n1.mid
chopin,Nocturne_op55_n2.mid,Chopin\Nocturne op55 n2.mid
chopin,Nocturne_op62_n2.mid,Chopin\Nocturne op62 n2.mid
chopin,Nocturne_op72_n1.mid,Chopin\Nocturne op72 n1.mid
chopin,Op53_Polonaise_in_A_flat_Heroic.mid,Chopin\Op.53 'Polonaise in A flat' Heroic.mid
chopin,Piano_Concerto_n1_op11_1mov.mid,Chopin\Piano Concerto n1 op11 1mov.mid
chopin,Piano_Concerto_n1_op11_2mov.mid,Chopin\Piano Concerto n1 op11 2mov.mid
chopin,Piano_Concerto_n1_op11_3mov.mid,Chopin\Piano Concerto n1 op11 3mov.mid
chopin,Piano_Concerto_n2_1mov.mid,Chopin\Piano Concerto n2 1mov.mid
chopin,Piano_Concerto_n2_2mov.mid,Chopin\Piano Concerto n2 2mov.mid
chopin,Piano_Concerto_n2_3mov.mid,Chopin\Piano Concerto n2 3mov.mid
chopin,Polonaise_Opus40_No1_Military.mid,"Chopin\Polonaise Opus.40, No.1 (Military).mid"
chopin,Prelude_n01_op28_Reunion.mid,Chopin\Prelude n01 op28 ''Reunion''.mid
chopin,Prelude_n02_op28_Presentiment_of_Death.mid,Chopin\Prelude n02 op28 ''Presentiment of Death''.mid
chopin,Prelude_n03_op28_Thou_Art_So_Like_A_Flower.mid,Chopin\Prelude n03 op28 ''Thou Art So Like A Flower''.mid
chopin,Prelude_n04_op28_Suffocation.mid,Chopin\Prelude n04 op28 ''Suffocation''.mid
chopin,Prelude_n05_op28_Uncertainty.mid,Chopin\Prelude n05 op28 ''Uncertainty''.mid
chopin,Prelude_n06_op28_Tolling_Bells.mid,Chopin\Prelude n06 op28 ''Tolling Bells''.mid
chopin,Prelude_n07_op28_The_Polish_Dance.mid,Chopin\Prelude n07 op28 ''The Polish Dance''.mid
chopin,Prelude_n08_op28_Desparation.mid,Chopin\Prelude n08 op28 ''Desparation''.mid
chopin,Prelude_n09_op28_Vision.mid,Chopin\Prelude n09 op28 ''Vision''.mid
chopin,Prelude_n10_op28_The_Night_Moth.mid,Chopin\Prelude n10 op28 ''The Night Moth''.mid
chopin,Prelude_n11_op28_Dragonfly.mid,Chopin\Prelude n11 op28 ''Dragonfly''.mid
chopin,Prelude_n12_op28_Duel.mid,Chopin\Prelude n12 op28 ''Duel''.mid
chopin,Prelude_n13_op28_Loss.mid,Chopin\Prelude n13 op28 ''Loss''.mid
chopin,Prelude_n14_op28_Fear.mid,Chopin\Prelude n14 op28 ''Fear''.mid
chopin,Prelude_n15_op28_Raindrop.mid,Chopin\Prelude n15 op28 ''Raindrop''.mid
chopin,Prelude_n16_op28_Hades.mid,Chopin\Prelude n16 op28 ''Hades''.mid
chopin,Prelude_n17_op28_Scene_On_the_Place_of_Notre_Dame.mid,Chopin\Prelude n17 op28 ''Scene On the Place of Notre Dame.mid
chopin,Prelude_n18_op28_Suicide.mid,Chopin\Prelude n18 op28 ''Suicide''.mid
chopin,Prelude_n19_op28.mid,Chopin\Prelude n19 op28.mid
chopin,Prelude_n20_op28_Funeral_March.mid,Chopin\Prelude n20 op28 ''Funeral March''.mid
chopin,Prelude_n21_op28_Sunday.mid,Chopin\Prelude n21 op28 ''Sunday''.mid
chopin,Prelude_n22_op28_Impatience.mid,Chopin\Prelude n22 op28 ''Impatience''.mid
chopin,Prelude_n23_op28_A_Pleasure_Boat.mid,Chopin\Prelude n23 op28 ''A Pleasure Boat''.mid
chopin,Prelude_n24_op28_The_Storm.mid,Chopin\Prelude n24 op28 ''The Storm''.mid
chopin,Prelude_op28-15_Raindrop.mid,Chopin\Prelude op.28-15 Raindrop.mid
chopin,Revolutionary.mid,Chopin\Revolutionary.mid
chopin,Scherzo_n1_op20.mid,Chopin\Scherzo n1 op20.mid
chopin,Scherzo_No2_Opus31.mid,"Chopin\Scherzo No.2, Opus.31.mid"
chopin,Scherzo_op31.mid,Chopin\Scherzo op31.mid
chopin,Sonata_No3_1st_Mov_Allegro.mid,Chopin\Sonata No.3 1st Mov Allegro.mid
chopin,Sonata_No3_2nd_Mov_Scherzo.mid,"Chopin\Sonata No.3, 2nd Mov, Scherzo.mid"
chopin,Sonata_op35_n1.mid,Chopin\Sonata op35 n1 .mid
chopin,Sonata_op35_n2.mid,Chopin\Sonata op35 n2 .mid
chopin,Sonata_op35_n3.mid,Chopin\Sonata op35 n3 .mid
chopin,Sonata_op35_n4.mid,Chopin\Sonata op35 n4 .mid
chopin,Tarantella.mid,Chopin\Tarantella.mid
chopin,Trois_Nouvelles_Etudes_Opposth.mid,Chopin\Trois Nouvelles Etudes (Op.posth.).mid
chopin,Waltz_in_Ab_Opposth_Brown21.mid,"Chopin\Waltz in Ab (Op.posth., Brown21).mid"
chopin,Waltz_op64_n1.mid,Chopin\Waltz op64 n1.mid
chopin,Waltz_op70_n2.mid,Chopin\Waltz op70 n2.mid
chopin,Winter_wind_etude.mid,Chopin\Winter wind etude.mid
mozart,A_piece_for_PianoK176.mid,"Mozart\A piece for Piano,K.176.mid"
mozart,Adagio_in_B_flat.mid,Mozart\Adagio in B flat.mid
mozart,Another_piece_for_PianoK176.mid,"Mozart\Another piece for Piano,K.176.mid"
mozart,Contradance_n1.mid,Mozart\Contradance n1.mid
mozart,Contradance_n2.mid,Mozart\Contradance n2.mid
mozart,Contradance_n3.mid,Mozart\Contradance n3.mid
mozart,Fantasia_in_C_K475.mid,Mozart\Fantasia in C K.475.mid
mozart,Fantasia_in_D_K397.mid,"Mozart\Fantasia in D, K397.mid"
mozart,K02_Minuet_in_F.mid,Mozart\K02 Minuet in F.mid
mozart,K03_Allegro_in_Bb.mid,Mozart\K03 Allegro in Bb.mid
mozart,K04_Minuet_in_F.mid,Mozart\K04 Minuet in F.mid
mozart,K05_Minuet_for_Harpsichord.mid,Mozart\K05 Minuet for Harpsichord.mid
mozart,K117_Offertorio_Jubilate_Deo.mid,Mozart\K117 Offertorio Jubilate Deo.mid
mozart,K136_Divertimento_1mov.mid,Mozart\K136 Divertimento 1mov.mid
mozart,K136_Divertimento_2mov.mid,Mozart\K136 Divertimento 2mov.mid
mozart,K136_Divertimento_3mov.mid,Mozart\K136 Divertimento 3mov.mid
mozart,K191_Bassoon_Concerto_1mov.mid,Mozart\K191 Bassoon Concerto 1mov.mid
mozart,K191_Bassoon_Concerto_2mov.mid,Mozart\K191 Bassoon Concerto 2mov.mid
mozart,K191_Bassoon_Concerto_3mov.mid,Mozart\K191 Bassoon Concerto 3mov.mid
mozart,K299_Flute_Harp_Concerto_1mov.mid,Mozart\K299 Flute Harp Concerto 1mov.mid
mozart,K299_Flute_Harp_Concerto_2mov.mid,Mozart\K299 Flute Harp Concerto 2mov.mid
mozart,K299_Flute_Harp_Concerto_3mov.mid,Mozart\K299 Flute Harp Concerto 3mov.mid
mozart,K314_Flute_Concerto_n2_1mov.mid,Mozart\K314 Flute Concerto n2 1mov.mid
mozart,K314_Flute_Concerto_n2_2mov.mid,Mozart\K314 Flute Concerto n2 2mov.mid
mozart,K314_Flute_Concerto_n2_3mov.mid,Mozart\K314 Flute Concerto n2 3mov.mid
mozart,K317_Coronation_Mass_1mov.mid,Mozart\K317 Coronation Mass 1mov.mid
mozart,K317_Coronation_Mass_2mov.mid,Mozart\K317 Coronation Mass 2mov.mid
mozart,K317_Coronation_Mass_3mov.mid,Mozart\K317 Coronation Mass 3mov.mid
mozart,K317_Coronation_Mass_4mov.mid,Mozart\K317 Coronation Mass 4mov.mid
mozart,K317_Coronation_Mass_5mov.mid,Mozart\K317 Coronation Mass 5mov.mid
mozart,K317_Coronation_Mass_6mov.mid,Mozart\K317 Coronation Mass 6mov.mid
mozart,K335_Laudate_Dominus.mid,Mozart\K335 Laudate Dominus.mid
mozart,K339_Vesperae_solemnes_de_confessore_Vespers_1mov_Dixit_Dominus.mid,Mozart\K339 Vesperae solemnes de confessore (Vespers) 1mov Dixit Dominus.mid
mozart,K354_Piano_Variations_Je_Suis_Lindor.mid,Mozart\K354 Piano Variations ''Je Suis Lindor''.mid
mozart,K361_Serenade_n10_3mov.mid,Mozart\K361 Serenade n10 3mov.mid
mozart,K393_Solfeggi_n1.mid,Mozart\K393 Solfeggi n1.mid
mozart,K393_Solfeggi_n2.mid,Mozart\K393 Solfeggi n2.mid
mozart,K393_Solfeggi_n3.mid,Mozart\K393 Solfeggi n3.mid
mozart,K393_Solfeggi_n4.mid,Mozart\K393 Solfeggi n4.mid
mozart,K393_Solfeggi_n5.mid,Mozart\K393 Solfeggi n5.mid
mozart,K398_Piano_Variations_Salve_Tu_Domine.mid,Mozart\K398 Piano Variations ''Salve Tu Domine''.mid
mozart,K401_Fuga_in_G_minor.mid,Mozart\K401 Fuga in G minor .mid
mozart,K427_Great_Mass_1mov.mid,Mozart\K427 Great Mass 1mov.mid
mozart,K492_Overture_Le_Nozze_di_Figaro.mid,Mozart\K492 Overture ''Le Nozze di Figaro''.mid
mozart,K495_Horn_Concerto_n4_1mov.mid,Mozart\K495 Horn Concerto n4 1mov.mid
mozart,K495_Horn_Concerto_n4_2mov.mid,Mozart\K495 Horn Concerto n4 2mov.mid
mozart,K495_Horn_Concerto_n4_3mov.mid,Mozart\K495 Horn Concerto n4 3mov.mid
mozart,K501_Andante_with_5_Variations_for_Piano_Duet.mid,Mozart\K501 Andante with 5 Variations for Piano Duet.mid
mozart,K525_Serenade_1mov_Eine_Kleine_Natchmusik.mid,Mozart\K525 Serenade 1mov ''Eine Kleine Natchmusik''.mid
mozart,K525_Serenade_2mov_Eine_Kleine_Natchmusik.mid,Mozart\K525 Serenade 2mov ''Eine Kleine Natchmusik''.mid
mozart,K525_Serenade_3mov_Eine_Kleine_Natchmusik.mid,Mozart\K525 Serenade 3mov ''Eine Kleine Natchmusik''.mid
mozart,K525_Serenade_4mov_Eine_Kleine_Natchmusik.mid,Mozart\K525 Serenade 4mov ''Eine Kleine Natchmusik''.mid
mozart,K527_Overture_Don_Giovanni.mid,Mozart\K527 Overture ''Don Giovanni''.mid
mozart,K546_Adagio__Fugue_for_Strings.mid,Mozart\K546 Adagio & Fugue for Strings.mid
mozart,K573_9_Variations_for_Piano_Uber_Duport.mid,Mozart\K573 9 Variations for Piano Uber Duport.mid
mozart,K594_Adagio__Allegro_for_Mechanical_Organ.mid,Mozart\K594 Adagio & Allegro for Mechanical Organ.mid
mozart,K608_Fantasia_for_Mechanical_Organ.mid,Mozart\K608 Fantasia for Mechanical Organ.mid
mozart,K617_Adagio.mid,Mozart\K617 Adagio.mid
mozart,K618_Ave_Verum_Corpus.mid,Mozart\K618 Ave Verum Corpus.mid
mozart,K620_Overture_The_Magic_Flute.mid,Mozart\K620 Overture The Magic Flute.mid
mozart,K622_Clarinet_Concerto_1mov.mid,Mozart\K622 Clarinet Concerto 1mov.mid
mozart,K622_Clarinet_Concerto_2mov.mid,Mozart\K622 Clarinet Concerto 2mov.mid
mozart,K622_Clarinet_Concerto_3mov.mid,Mozart\K622 Clarinet Concerto 3mov.mid
mozart,K626_Requiem_01_Introitus__Kyrie.mid,Mozart\K626 Requiem 01 Introitus & Kyrie.mid
mozart,K626_Requiem_02_rextremendae.mid,Mozart\K626 Requiem 02 rextremendae.mid
mozart,K626_Requiem_03_tuba_mirum.mid,Mozart\K626 Requiem 03 tuba mirum.mid
mozart,K626_Requiem_04_Dies_Irae.mid,Mozart\K626 Requiem 04 Dies Irae.mid
mozart,K626_Requiem_05_Recordare.mid,Mozart\K626 Requiem 05 Recordare.mid
mozart,K626_Requiem_06_confutatis.mid,Mozart\K626 Requiem 06 confutatis.mid
mozart,K626_Requiem_07_Lacrimosa.mid,Mozart\K626 Requiem 07 Lacrimosa.mid
mozart,K626_Requiem_08_offertorio_domine_jesu.mid,Mozart\K626 Requiem 08 offertorio domine jesu.mid
mozart,K626_Requiem_09_hostias.mid,Mozart\K626 Requiem 09 hostias.mid
mozart,K626_Requiem_10_Sanctus.mid,Mozart\K626 Requiem 10 Sanctus.mid
mozart,K626_Requiem_11_Benedictus.mid,Mozart\K626 Requiem 11 Benedictus.mid
mozart,K626_Requiem_12_agnus_dei.mid,Mozart\K626 Requiem 12 agnus dei.mid
mozart,K626_Requiem_kyrie.mid,Mozart\K626 Requiem kyrie.mid
mozart,Piano_Concerto_n12_K414_1mov.mid,Mozart\Piano Concertos\Piano Concerto n12 K414 1mov.mid
mozart,Piano_Concerto_n12_K414_3mov.mid,Mozart\Piano Concertos\Piano Concerto n12 K414 3mov.mid
mozart,Piano_Concerto_n14_K449_1mov.mid,Mozart\Piano Concertos\Piano Concerto n14 K449 1mov.mid
mozart,Piano_Concerto_n14_K449_2mov.mid,Mozart\Piano Concertos\Piano Concerto n14 K449 2mov.mid
mozart,Piano_Concerto_n14_K449_3mov.mid,Mozart\Piano Concertos\Piano Concerto n14 K449 3mov.mid
mozart,Piano_Concerto_n16_K451_1mov.mid,Mozart\Piano Concertos\Piano Concerto n16 K451 1mov.mid
mozart,Piano_Concerto_n16_K451_3mov.mid,Mozart\Piano Concertos\Piano Concerto n16 K451 3mov.mid
mozart,Piano_Concerto_n17_K453_3mov.mid,Mozart\Piano Concertos\Piano Concerto n17 K453 3mov.mid
mozart,Piano_Concerto_n18_K456_1mov_Paradis.mid,Mozart\Piano Concertos\Piano Concerto n18 K456 1mov ''Paradis''.mid
mozart,Piano_Concerto_n18_K456_2mov_Paradis.mid,Mozart\Piano Concertos\Piano Concerto n18 K456 2mov ''Paradis''.mid
mozart,Piano_Concerto_n18_K456_3mov_Paradis.mid,Mozart\Piano Concertos\Piano Concerto n18 K456 3mov ''Paradis''.mid
mozart,Piano_Concerto_n20_K466_1mov.mid,Mozart\Piano Concertos\Piano Concerto n20 K466 1mov.mid
mozart,Piano_Concerto_n20_K466_2mov.mid,Mozart\Piano Concertos\Piano Concerto n20 K466 2mov.mid
mozart,Piano_Concerto_n20_K466_3mov.mid,Mozart\Piano Concertos\Piano Concerto n20 K466 3mov.mid
mozart,Piano_Concerto_n21_K467_1mov_Elvira_Madigan.mid,Mozart\Piano Concertos\Piano Concerto n21 K467 1mov ''Elvira Madigan''.mid
mozart,Piano_Concerto_n21_K467_2mov_Elvira_Madigan.mid,Mozart\Piano Concertos\Piano Concerto n21 K467 2mov ''Elvira Madigan''.mid
mozart,Piano_Concerto_n21_K467_3mov_Elvira_Madigan.mid,Mozart\Piano Concertos\Piano Concerto n21 K467 3mov ''Elvira Madigan''.mid
mozart,Piano_Concerto_n23_K488_1mov.mid,Mozart\Piano Concertos\Piano Concerto n23 K488 1mov.mid
mozart,Piano_Concerto_n23_K488_2mov.mid,Mozart\Piano Concertos\Piano Concerto n23 K488 2mov.mid
mozart,Piano_Concerto_n23_K488_3mov.mid,Mozart\Piano Concertos\Piano Concerto n23 K488 3mov.mid
mozart,Piano_Concerto_n24_K491_1mov.mid,Mozart\Piano Concertos\Piano Concerto n24 K491 1mov.mid
mozart,Piano_Concerto_n24_K491_2mov.mid,Mozart\Piano Concertos\Piano Concerto n24 K491 2mov.mid
mozart,Piano_Concerto_n24_K491_3mov.mid,Mozart\Piano Concertos\Piano Concerto n24 K491 3mov.mid
mozart,Piano_Concerto_n25_K503_1mov.mid,Mozart\Piano Concertos\Piano Concerto n25 K503 1mov.mid
mozart,Piano_Concerto_n25_K503_2mov.mid,Mozart\Piano Concertos\Piano Concerto n25 K503 2mov.mid
mozart,Piano_Concerto_n25_K503_3mov.mid,Mozart\Piano Concertos\Piano Concerto n25 K503 3mov.mid
mozart,Piano_Concerto_n26_K537_1mov_Coronation.mid,Mozart\Piano Concertos\Piano Concerto n26 K537 1mov ''Coronation''.mid
mozart,Piano_Concerto_n26_K537_2mov_Coronation.mid,Mozart\Piano Concertos\Piano Concerto n26 K537 2mov ''Coronation''.mid
mozart,Piano_Concerto_n26_K537_3mov_Coronation.mid,Mozart\Piano Concertos\Piano Concerto n26 K537 3mov ''Coronation''.mid
mozart,Piano_Concerto_n6_K238_1mov.mid,Mozart\Piano Concertos\Piano Concerto n6 K238 1mov.mid
mozart,Piano_Concerto_n6_K238_3mov.mid,Mozart\Piano Concertos\Piano Concerto n6 K238 3mov.mid
mozart,Piano_Concerto_n7_for_3_Pianos_K242_1mov_Lodron.mid,Mozart\Piano Concertos\Piano Concerto n7 for 3 Pianos K242 1mov ''Lodron''.mid
mozart,Piano_Concerto_n7_for_3_Pianos_K242_2mov_Lodron.mid,Mozart\Piano Concertos\Piano Concerto n7 for 3 Pianos K242 2mov ''Lodron''.mid
mozart,Piano_Concerto_n7_for_3_Pianos_K242_3mov_Lodron.mid,Mozart\Piano Concertos\Piano Concerto n7 for 3 Pianos K242 3mov ''Lodron''.mid
mozart,Piano_Concerto_n8_K246_1mov.mid,Mozart\Piano Concertos\Piano Concerto n8 K246 1mov.mid
mozart,Piano_Concerto_n8_K246_3mov.mid,Mozart\Piano Concertos\Piano Concerto n8 K246 3mov.mid
mozart,K19d_Piano_Sonata_Duet.mid,Mozart\Piano Sonatas\Nueva carpeta\K19d Piano Sonata Duet.mid
mozart,K279_Piano_sonata_n01_1mov.mid,Mozart\Piano Sonatas\Nueva carpeta\K279 Piano sonata n01 1mov.mid
mozart,K279_Piano_sonata_n01_2mov.mid,Mozart\Piano Sonatas\Nueva carpeta\K279 Piano sonata n01 2mov.mid
mozart,K279_Piano_sonata_n01_3mov.mid,Mozart\Piano Sonatas\Nueva carpeta\K279 Piano sonata n01 3mov.mid
mozart,K280_Piano_sonata_n02_1mov.mid,Mozart\Piano Sonatas\Nueva carpeta\K280 Piano sonata n02 1mov.mid
mozart,K280_Piano_sonata_n02_2mov.mid,Mozart\Piano Sonatas\Nueva carpeta\K280 Piano sonata n02 2mov.mid
mozart,K280_Piano_sonata_n02_3mov.mid,Mozart\Piano Sonatas\Nueva carpeta\K280 Piano sonata n02 3mov.mid
mozart,K281_Piano_Sonata_n03_1mov.mid,Mozart\Piano Sonatas\Nueva carpeta\K281 Piano Sonata n03 1mov.mid
mozart,K281_Piano_Sonata_n03_2mov.mid,Mozart\Piano Sonatas\Nueva carpeta\K281 Piano Sonata n03 2mov.mid
mozart,K281_Piano_Sonata_n03_3mov.mid,Mozart\Piano Sonatas\Nueva carpeta\K281 Piano Sonata n03 3mov.mid
mozart,K282_Piano_Sonata_n04.mid,Mozart\Piano Sonatas\Nueva carpeta\K282 Piano Sonata n04 .mid
mozart,K284_Piano_Sonata_n06.mid,Mozart\Piano Sonatas\Nueva carpeta\K284 Piano Sonata n06 .mid
mozart,K309_Piano_Sonata_n10_1mov.mid,Mozart\Piano Sonatas\Nueva carpeta\K309 Piano Sonata n10 1mov.mid
mozart,K309_Piano_Sonata_n10_2mov.mid,Mozart\Piano Sonatas\Nueva carpeta\K309 Piano Sonata n10 2mov.mid
mozart,K309_Piano_Sonata_n10_3mov.mid,Mozart\Piano Sonatas\Nueva carpeta\K309 Piano Sonata n10 3mov.mid
mozart,K330_Piano_Sonata_n10_1mov.mid,Mozart\Piano Sonatas\Nueva carpeta\K330 Piano Sonata n10 1mov.mid
mozart,K330_Piano_Sonata_n10_2mov.mid,Mozart\Piano Sonatas\Nueva carpeta\K330 Piano Sonata n10 2mov.mid
mozart,K330_Piano_Sonata_n10_3mov.mid,Mozart\Piano Sonatas\Nueva carpeta\K330 Piano Sonata n10 3mov.mid
mozart,K331_Piano_Sonata_n11.mid,Mozart\Piano Sonatas\Nueva carpeta\K331 Piano Sonata n11 .mid
mozart,K331_Piano_sonata_n11_3mov.mid,Mozart\Piano Sonatas\Nueva carpeta\K331 Piano sonata n11 3mov.mid
mozart,K332_Piano_Sonata_n12_1mov.mid,Mozart\Piano Sonatas\Nueva carpeta\K332 Piano Sonata n12 1mov.mid
mozart,K332_Piano_Sonata_n12_2mov.mid,Mozart\Piano Sonatas\Nueva carpeta\K332 Piano Sonata n12 2mov.mid
mozart,K332_Piano_Sonata_n12_3mov.mid,Mozart\Piano Sonatas\Nueva carpeta\K332 Piano Sonata n12 3mov.mid
mozart,K333_Piano_Sonata_n13.mid,Mozart\Piano Sonatas\Nueva carpeta\K333 Piano Sonata n13 .mid
mozart,K333_Piano_Sonata_n13_1mov.mid,Mozart\Piano Sonatas\Nueva carpeta\K333 Piano Sonata n13 1mov.mid
mozart,K333_Piano_Sonata_n13_2mov.mid,Mozart\Piano Sonatas\Nueva carpeta\K333 Piano Sonata n13 2mov.mid
mozart,K333_Piano_Sonata_n13_3mov.mid,Mozart\Piano Sonatas\Nueva carpeta\K333 Piano Sonata n13 3mov.mid
mozart,K357_Piano_Sonata_4_Hands.mid,Mozart\Piano Sonatas\Nueva carpeta\K357 Piano Sonata 4 Hands.mid
mozart,K358_Piano_Sonata_4_Hands.mid,Mozart\Piano Sonatas\Nueva carpeta\K358 Piano Sonata 4 Hands.mid
mozart,K381_Piano_Sonata_4_Hands.mid,Mozart\Piano Sonatas\Nueva carpeta\K381 Piano Sonata 4 Hands.mid
mozart,K457_Piano_Sonata_n14.mid,Mozart\Piano Sonatas\Nueva carpeta\K457 Piano Sonata n14 .mid
mozart,K497_Piano_Sonata_4_Hands.mid,Mozart\Piano Sonatas\Nueva carpeta\K497 Piano Sonata 4 Hands.mid
mozart,K521_Piano_Sonata_4_Hands.mid,Mozart\Piano Sonatas\Nueva carpeta\K521 Piano Sonata 4 Hands.mid
mozart,K545_Piano_Sonata.mid,Mozart\Piano Sonatas\Nueva carpeta\K545 Piano Sonata.mid
mozart,K570_Piano_Sonata_1mov.mid,Mozart\Piano Sonatas\Nueva carpeta\K570 Piano Sonata 1mov.mid
mozart,K570_Piano_Sonata_2mov.mid,Mozart\Piano Sonatas\Nueva carpeta\K570 Piano Sonata 2mov.mid
mozart,K570_Piano_Sonata_3mov.mid,Mozart\Piano Sonatas\Nueva carpeta\K570 Piano Sonata 3mov.mid
mozart,K576_Piano_Sonata_n19.mid,Mozart\Piano Sonatas\Nueva carpeta\K576 Piano Sonata n19 .mid
mozart,Piano_Sonata_n01_K279.mid,Mozart\Piano Sonatas\Piano Sonata n01 K279.mid
mozart,Piano_Sonata_n02_K280.mid,Mozart\Piano Sonatas\Piano Sonata n02 K280.mid
mozart,Piano_Sonata_n03_K281.mid,Mozart\Piano Sonatas\Piano Sonata n03 K281.mid
mozart,Piano_Sonata_n04_K282.mid,Mozart\Piano Sonatas\Piano Sonata n04 K282.mid
mozart,Piano_Sonata_n05_K283.mid,Mozart\Piano Sonatas\Piano Sonata n05 K283.mid
mozart,Piano_Sonata_n06_K284.mid,Mozart\Piano Sonatas\Piano Sonata n06 K284.mid
mozart,Piano_Sonata_n07_K309.mid,Mozart\Piano Sonatas\Piano Sonata n07 K309.mid
mozart,Piano_Sonata_n08_K311.mid,Mozart\Piano Sonatas\Piano Sonata n08 K311.mid
mozart,Piano_Sonata_n09_K310.mid,Mozart\Piano Sonatas\Piano Sonata n09 K310.mid
mozart,Piano_Sonata_n10_K330.mid,Mozart\Piano Sonatas\Piano Sonata n10 K330.mid
mozart,Piano_Sonata_n11_K331.mid,Mozart\Piano Sonatas\Piano Sonata n11 K331.mid
mozart,Piano_Sonata_n12_K332.mid,Mozart\Piano Sonatas\Piano Sonata n12 K332.mid
mozart,Piano_Sonata_n13_K333.mid,Mozart\Piano Sonatas\Piano Sonata n13 K333.mid
mozart,Piano_Sonata_n14_K457.mid,Mozart\Piano Sonatas\Piano Sonata n14 K457.mid
mozart,Piano_Sonata_n15_K593-494.mid,Mozart\Piano Sonatas\Piano Sonata n15 K593-494.mid
mozart,Piano_Sonata_n16_K545.mid,Mozart\Piano Sonatas\Piano Sonata n16 K545.mid
mozart,Piano_Sonata_n17_K547a.mid,Mozart\Piano Sonatas\Piano Sonata n17 K547a.mid
mozart,Piano_Sonata_n18_K570.mid,Mozart\Piano Sonatas\Piano Sonata n18 K570.mid
mozart,Piano_Sonata_n19_K576.mid,Mozart\Piano Sonatas\Piano Sonata n19 K576.mid
mozart,Rondo_in_C.mid,Mozart\Rondo in C.mid
mozart,Rondo.mid,Mozart\Rondo.mid
mozart,Sonatina_n21_3mov.mid,Mozart\Sonatina n21 3mov.mid
mozart,Sonatina_n22_4mov.mid,Mozart\Sonatina n22 4mov.mid
mozart,Sonatina_n3_1mov.mid,Mozart\Sonatina n3 1mov.mid
mozart,Sonatina_n3_2mov.mid,Mozart\Sonatina n3 2mov.mid
mozart,Sonatina_n3_3mov.mid,Mozart\Sonatina n3 3mov.mid
mozart,Symphony_n22_K162_1mov.mid,Mozart\Symphonies\Symphony n22 K162 1mov.mid
mozart,Symphony_n22_K162_3mov.mid,Mozart\Symphonies\Symphony n22 K162 3mov.mid
mozart,Symphony_n25_K183_1mov.mid,Mozart\Symphonies\Symphony n25 K183 1mov.mid
mozart,Symphony_n25_K183_2mov.mid,Mozart\Symphonies\Symphony n25 K183 2mov.mid
mozart,Symphony_n25_K183_3mov.mid,Mozart\Symphonies\Symphony n25 K183 3mov.mid
mozart,Symphony_n25_K183_4mov.mid,Mozart\Symphonies\Symphony n25 K183 4mov.mid
mozart,Symphony_n28_K200_1mov.mid,Mozart\Symphonies\Symphony n28 K200 1mov.mid
mozart,Symphony_n28_K200_2mov.mid,Mozart\Symphonies\Symphony n28 K200 2mov.mid
mozart,Symphony_n28_K200_3mov.mid,Mozart\Symphonies\Symphony n28 K200 3mov.mid
mozart,Symphony_n28_K200_4mov.mid,Mozart\Symphonies\Symphony n28 K200 4mov.mid
mozart,Symphony_n29_K201_1mov.mid,Mozart\Symphonies\Symphony n29 K201 1mov.mid
mozart,Symphony_n29_K201_2mov.mid,Mozart\Symphonies\Symphony n29 K201 2mov.mid
mozart,Symphony_n29_K201_4mov.mid,Mozart\Symphonies\Symphony n29 K201 4mov.mid
mozart,Symphony_n30_K202_1mov.mid,Mozart\Symphonies\Symphony n30 K202 1mov.mid
mozart,Symphony_n30_K202_2mov.mid,Mozart\Symphonies\Symphony n30 K202 2mov.mid
mozart,Symphony_n30_K202_3mov.mid,Mozart\Symphonies\Symphony n30 K202 3mov.mid
mozart,Symphony_n30_K202_4mov.mid,Mozart\Symphonies\Symphony n30 K202 4mov.mid
mozart,Symphony_n31_K297_1mov_Paris.mid,Mozart\Symphonies\Symphony n31 K297 1mov ''Paris''.mid
mozart,Symphony_n31_K297_2mov_Paris.mid,Mozart\Symphonies\Symphony n31 K297 2mov ''Paris''.mid
mozart,Symphony_n31_K297_3mov_Paris.mid,Mozart\Symphonies\Symphony n31 K297 3mov ''Paris''.mid
mozart,Symphony_n33_K319_1mov.mid,Mozart\Symphonies\Symphony n33 K319 1mov.mid
mozart,Symphony_n33_K319_2mov.mid,Mozart\Symphonies\Symphony n33 K319 2mov.mid
mozart,Symphony_n33_K319_3mov.mid,Mozart\Symphonies\Symphony n33 K319 3mov.mid
mozart,Symphony_n33_K319_4mov.mid,Mozart\Symphonies\Symphony n33 K319 4mov.mid
mozart,Symphony_n34_K338_1mov.mid,Mozart\Symphonies\Symphony n34 K338 1mov.mid
mozart,Symphony_n34_K338_2mov.mid,Mozart\Symphonies\Symphony n34 K338 2mov.mid
mozart,Symphony_n34_K338_3mov.mid,Mozart\Symphonies\Symphony n34 K338 3mov.mid
mozart,Symphony_n35_K385_1mov_Haffner.mid,Mozart\Symphonies\Symphony n35 K385 1mov ''Haffner''.mid
mozart,Symphony_n35_K385_2mov_Haffner.mid,Mozart\Symphonies\Symphony n35 K385 2mov ''Haffner''.mid
mozart,Symphony_n35_K385_3mov_Haffner.mid,Mozart\Symphonies\Symphony n35 K385 3mov ''Haffner''.mid
mozart,Symphony_n35_K385_4mov_Haffner.mid,Mozart\Symphonies\Symphony n35 K385 4mov ''Haffner''.mid
mozart,Symphony_n36_K425_1mov_Linz.mid,Mozart\Symphonies\Symphony n36 K425 1mov ''Linz''.mid
mozart,Symphony_n36_K425_2mov_Linz.mid,Mozart\Symphonies\Symphony n36 K425 2mov ''Linz''.mid
mozart,Symphony_n36_K425_3mov_Linz.mid,Mozart\Symphonies\Symphony n36 K425 3mov ''Linz''.mid
mozart,Symphony_n36_K425_4mov_Linz.mid,Mozart\Symphonies\Symphony n36 K425 4mov ''Linz''.mid
mozart,Symphony_n37_K444_1mov.mid,Mozart\Symphonies\Symphony n37 K444 1mov.mid
mozart,Symphony_n38_K504_1mov_Prague.mid,Mozart\Symphonies\Symphony n38 K504 1mov ''Prague''.mid
mozart,Symphony_n38_K504_2mov_Prague.mid,Mozart\Symphonies\Symphony n38 K504 2mov ''Prague''.mid
mozart,Symphony_n38_K504_3mov_Prague.mid,Mozart\Symphonies\Symphony n38 K504 3mov ''Prague''.mid
mozart,Symphony_n39_K543_1mov.mid,Mozart\Symphonies\Symphony n39 K543 1mov.mid
mozart,Symphony_n39_K543_2mov.mid,Mozart\Symphonies\Symphony n39 K543 2mov.mid
mozart,Symphony_n39_K543_3mov.mid,Mozart\Symphonies\Symphony n39 K543 3mov.mid
mozart,Symphony_n39_K543_4mov.mid,Mozart\Symphonies\Symphony n39 K543 4mov.mid
mozart,Symphony_n4_K019_1mov.mid,Mozart\Symphonies\Symphony n4 K019 1mov.mid
mozart,Symphony_n4_K19_3mov.mid,Mozart\Symphonies\Symphony n4 K19 3mov.mid
mozart,Symphony_n40_K550_1mov.mid,Mozart\Symphonies\Symphony n40 K550 1mov.mid
mozart,Symphony_n40_K550_2mov.mid,Mozart\Symphonies\Symphony n40 K550 2mov.mid
mozart,Symphony_n40_K550_3mov.mid,Mozart\Symphonies\Symphony n40 K550 3mov.mid
mozart,Symphony_n40_K550_4mov.mid,Mozart\Symphonies\Symphony n40 K550 4mov.mid
mozart,Symphony_n41_K551_1mov_Jupiter.mid,Mozart\Symphonies\Symphony n41 K551 1mov ''Jupiter''.mid
mozart,Symphony_n41_K551_2mov_Jupiter.mid,Mozart\Symphonies\Symphony n41 K551 2mov ''Jupiter''.mid
mozart,Symphony_n41_K551_3mov_Jupiter.mid,Mozart\Symphonies\Symphony n41 K551 3mov ''Jupiter''.mid
mozart,Symphony_n41_K551_4mov_Jupiter.mid,Mozart\Symphonies\Symphony n41 K551 4mov ''Jupiter''.mid
mozart,Symphony_n5_K022.mid,Mozart\Symphonies\Symphony n5 K022.mid
mozart,Early_Pieces_n1_Andante.mid,Mozart\The Chelsea Notebook\Early Pieces n1 Andante.mid
mozart,Early_Pieces_n10_Air.mid,Mozart\The Chelsea Notebook\Early Pieces n10 Air.mid
mozart,Early_Pieces_n11_Country_dance.mid,Mozart\The Chelsea Notebook\Early Pieces n11 Country dance.mid
mozart,Early_Pieces_n12_Rondino.mid,Mozart\The Chelsea Notebook\Early Pieces n12 Rondino.mid
mozart,Early_Pieces_n13_Prelude.mid,Mozart\The Chelsea Notebook\Early Pieces n13 Prelude.mid
mozart,Early_Pieces_n14_Rondo.mid,Mozart\The Chelsea Notebook\Early Pieces n14 Rondo.mid
mozart,Early_Pieces_n15_Andantino.mid,Mozart\The Chelsea Notebook\Early Pieces n15 Andantino.mid
mozart,Early_Pieces_n16_Minuet.mid,Mozart\The Chelsea Notebook\Early Pieces n16 Minuet.mid
mozart,Early_Pieces_n17_Siciliano.mid,Mozart\The Chelsea Notebook\Early Pieces n17 Siciliano.mid
mozart,Early_Pieces_n18_Little_Song.mid,Mozart\The Chelsea Notebook\Early Pieces n18 Little Song.mid
mozart,Early_Pieces_n19_Giga.mid,Mozart\The Chelsea Notebook\Early Pieces n19 Giga.mid
mozart,Early_Pieces_n2_Minuet.mid,Mozart\The Chelsea Notebook\Early Pieces n2 Minuet.mid
mozart,Early_Pieces_n20_Presto.mid,Mozart\The Chelsea Notebook\Early Pieces n20 Presto.mid
mozart,Early_Pieces_n3_Little_march.mid,Mozart\The Chelsea Notebook\Early Pieces n3 Little march.mid
mozart,Early_Pieces_n4_Minuet.mid,Mozart\The Chelsea Notebook\Early Pieces n4 Minuet.mid
mozart,Early_Pieces_n5_Country_Dance.mid,Mozart\The Chelsea Notebook\Early Pieces n5 Country Dance.mid
mozart,Early_Pieces_n6_Llittle_minuet.mid,Mozart\The Chelsea Notebook\Early Pieces n6 Llittle minuet.mid
mozart,Early_Pieces_n7_Country_dance.mid,Mozart\The Chelsea Notebook\Early Pieces n7 Country dance.mid
mozart,Early_Pieces_n8_Minuet.mid,Mozart\The Chelsea Notebook\Early Pieces n8 Minuet.mid
mozart,Early_Pieces_n9_Allegretto.mid,Mozart\The Chelsea Notebook\Early Pieces n9 Allegretto.mid
mozart,Vesperae_solemnes_de_confessore_Vespers_K339_1_Dixit_Dominus.mid,Mozart\Vesperae solemnes de confessore ''Vespers'' K339 1 Dixit Dominus.mid
mozart,Viennese_Sonatinas_K439b_n2_1mov.mid,Mozart\Viennese Sonatinas K439b n2 1mov.mid
mozart,Viennese_Sonatinas_K439b_n2_2mov.mid,Mozart\Viennese Sonatinas K439b n2 2mov.mid
mozart,Viennese_Sonatinas_K439b_n2_3mov.mid,Mozart\Viennese Sonatinas K439b n2 3mov.mid
mozart,Viennese_Sonatinas_K439b_n2_4mov.mid,Mozart\Viennese Sonatinas K439b n2 4mov.mid
mozart,Viennese_Sonatinas_K439b_n6_1mov.mid,Mozart\Viennese Sonatinas K439b n6 1mov.mid
mozart,Viennese_Sonatinas_K439b_n6_2mov.mid,Mozart\Viennese Sonatinas K439b n6 2mov.mid
